-- MySQL dump 10.13  Distrib 5.7.17, for Win64 (x86_64)
--
-- Host: 127.0.0.1    Database: ordermeal
-- ------------------------------------------------------
-- Server version	5.7.20-log

/*!40101 SET @OLD_CHARACTER_SET_CLIENT=@@CHARACTER_SET_CLIENT */;
/*!40101 SET @OLD_CHARACTER_SET_RESULTS=@@CHARACTER_SET_RESULTS */;
/*!40101 SET @OLD_COLLATION_CONNECTION=@@COLLATION_CONNECTION */;
/*!40101 SET NAMES utf8 */;
/*!40103 SET @OLD_TIME_ZONE=@@TIME_ZONE */;
/*!40103 SET TIME_ZONE='+00:00' */;
/*!40014 SET @OLD_UNIQUE_CHECKS=@@UNIQUE_CHECKS, UNIQUE_CHECKS=0 */;
/*!40014 SET @OLD_FOREIGN_KEY_CHECKS=@@FOREIGN_KEY_CHECKS, FOREIGN_KEY_CHECKS=0 */;
/*!40101 SET @OLD_SQL_MODE=@@SQL_MODE, SQL_MODE='NO_AUTO_VALUE_ON_ZERO' */;
/*!40111 SET @OLD_SQL_NOTES=@@SQL_NOTES, SQL_NOTES=0 */;

--
-- Table structure for table `collect`
--

DROP TABLE IF EXISTS `collect`;
/*!40101 SET @saved_cs_client     = @@character_set_client */;
/*!40101 SET character_set_client = utf8 */;
CREATE TABLE `collect` (
  `id` int(10) unsigned NOT NULL AUTO_INCREMENT,
  `menu_id` int(11) DEFAULT NULL,
  `user_id` int(11) DEFAULT NULL,
  PRIMARY KEY (`id`)
) ENGINE=InnoDB AUTO_INCREMENT=19 DEFAULT CHARSET=utf8;
/*!40101 SET character_set_client = @saved_cs_client */;

--
-- Dumping data for table `collect`
--

/*!40000 ALTER TABLE `collect` DISABLE KEYS */;
INSERT INTO `collect` VALUES (5,5,16),(6,4,16),(13,3,23),(15,1,23),(17,1,17),(18,1,16);
/*!40000 ALTER TABLE `collect` ENABLE KEYS */;

--
-- Table structure for table `edit`
--

DROP TABLE IF EXISTS `edit`;
/*!40101 SET @saved_cs_client     = @@character_set_client */;
/*!40101 SET character_set_client = utf8 */;
CREATE TABLE `edit` (
  `id` int(10) unsigned NOT NULL AUTO_INCREMENT,
  `name` varchar(255) DEFAULT NULL,
  `demo` varchar(255) DEFAULT NULL,
  PRIMARY KEY (`id`)
) ENGINE=InnoDB AUTO_INCREMENT=7 DEFAULT CHARSET=utf8;
/*!40101 SET character_set_client = @saved_cs_client */;

--
-- Dumping data for table `edit`
--

/*!40000 ALTER TABLE `edit` DISABLE KEYS */;
INSERT INTO `edit` VALUES (4,'测试','file/1513518874144canvas验证码.html'),(6,'demo','file/1513518878484tencentMap lat.html');
/*!40000 ALTER TABLE `edit` ENABLE KEYS */;

--
-- Table structure for table `editcontent`
--

DROP TABLE IF EXISTS `editcontent`;
/*!40101 SET @saved_cs_client     = @@character_set_client */;
/*!40101 SET character_set_client = utf8 */;
CREATE TABLE `editcontent` (
  `id` int(10) unsigned NOT NULL AUTO_INCREMENT,
  `content` longtext,
  `edit_id` int(11) DEFAULT NULL,
  PRIMARY KEY (`id`)
) ENGINE=InnoDB AUTO_INCREMENT=7 DEFAULT CHARSET=utf8;
/*!40101 SET character_set_client = @saved_cs_client */;

--
-- Dumping data for table `editcontent`
--

/*!40000 ALTER TABLE `editcontent` DISABLE KEYS */;
INSERT INTO `editcontent` VALUES (4,'<p>呕心沥血，这照片终于可以上传了</p><p><br></p><p><img style=\"max-width:100%;\" style=\"max-width:100%;\" src=\"static/img/1513177605902oo.png\"></p><p><img style=\"max-width:100%;\" style=\"max-width:100%;\" src=\"static/img/1513177699609null5c45cb615341b156.jpg\"></p><p><img style=\"max-width:100%;\" src=\"static/img/1513177730411login.gif\"></p>',4),(6,'<p>图片11<img style=\"max-width:100%;\" src=\"static/img/1513178095515oo.png\"></p><p><br></p><p><img style=\"max-width:100%;\" src=\"static/img/1513178080903null5c45cb615341b156.jpg\"></p>',6);
/*!40000 ALTER TABLE `editcontent` ENABLE KEYS */;

--
-- Table structure for table `loginfo`
--

DROP TABLE IF EXISTS `loginfo`;
/*!40101 SET @saved_cs_client     = @@character_set_client */;
/*!40101 SET character_set_client = utf8 */;
CREATE TABLE `loginfo` (
  `id` int(11) NOT NULL,
  `name` varchar(45) DEFAULT NULL,
  `age` int(11) DEFAULT NULL,
  `password` varchar(45) DEFAULT NULL,
  `rid` int(11) DEFAULT NULL,
  `pid` int(11) DEFAULT NULL,
  `minesign` longtext,
  `artsign` longtext,
  `avatar` longtext,
  PRIMARY KEY (`id`),
  KEY `rolekey_idx` (`rid`),
  CONSTRAINT `rolekey` FOREIGN KEY (`rid`) REFERENCES `role` (`id`) ON DELETE NO ACTION ON UPDATE NO ACTION
) ENGINE=InnoDB DEFAULT CHARSET=utf8;
/*!40101 SET character_set_client = @saved_cs_client */;

--
-- Dumping data for table `loginfo`
--

/*!40000 ALTER TABLE `loginfo` DISABLE KEYS */;
/*!40000 ALTER TABLE `loginfo` ENABLE KEYS */;

--
-- Table structure for table `menu`
--

DROP TABLE IF EXISTS `menu`;
/*!40101 SET @saved_cs_client     = @@character_set_client */;
/*!40101 SET character_set_client = utf8 */;
CREATE TABLE `menu` (
  `id` int(11) NOT NULL AUTO_INCREMENT,
  `name` varchar(45) DEFAULT NULL,
  `price` int(11) DEFAULT NULL,
  `type_id` int(11) DEFAULT NULL,
  `descript` longtext,
  `picture` longtext,
  `createTime` varchar(45) DEFAULT NULL,
  PRIMARY KEY (`id`)
) ENGINE=InnoDB AUTO_INCREMENT=16 DEFAULT CHARSET=utf8;
/*!40101 SET character_set_client = @saved_cs_client */;

--
-- Dumping data for table `menu`
--

/*!40000 ALTER TABLE `menu` DISABLE KEYS */;
INSERT INTO `menu` VALUES (1,'米饭',2,1,'优质东北大米','static/img/rice-img.jpg','2017-12-01 09:30'),(2,'宫保鸡丁',30,2,'北方宫保鸡丁，，绝对不甜，欢迎下次继续订购哈','static/img/jiding-img.jpg','2017-11-15 10:30'),(3,'千叶豆腐',25,3,'千页豆腐，味道鲜美','static/img/千页豆腐-img.jpg','2017-10-05 16:30'),(4,'烤鱼',130,4,'鱼类经过烤制之后然后进行烹饪的一种方法','static/img/烤鱼-img.jpg','2017-02-15 19:30'),(5,'美容养颜养生八宝粥',199,5,'八宝粥内种类杂粮对人体需要的各种元素有很好的补充作用','static/img/八宝粥自制-img.jpg','2017-12-05 07:30'),(6,'安然盒饭',300,6,'安然自制盒饭，色香味俱全','static/img/安然盒饭-img.jpg','2017-11-23 09:30'),(7,'七夕虐狗',200,1,'七夕狂欢','static/menucover/1512999985554qixi.png','2017-12-11 21:47:35'),(8,'天空之城',50,1,'想象的星空','static/menucover/1513000442922想象.jpg','2017-12-11 21:54:50'),(9,'是的撒',1223,1,'213','static/menucover/1513000567786logo.jpg','2017-12-11 21:56:19'),(10,'剑姬',45,1,'圣斗士','static/menucover/1516533153180menu1.jpg','2017-12-11 22:00:45'),(11,'头像',15,1,'回眸','static/menucover/1513000900572null5c45cb615341b156.jpg','2017-12-11 22:04:03'),(13,'美妙的餐厅',60,1,'一起来进餐吧','static/menucover/1513007348072mmexport1512865225974.jpg','2017-12-11 23:49:34'),(14,'双肩包',100,1,'亲笔签名双肩包','static/menucover/1513236062448login.png','2017-12-13 20:43:21'),(15,'二次元',50,1,'我们不一样，每个人都有不同的境遇','static/menucover/1516628068566menu2.jpg','2018-01-22 21:35:03');
/*!40000 ALTER TABLE `menu` ENABLE KEYS */;

--
-- Table structure for table `menuimg`
--

DROP TABLE IF EXISTS `menuimg`;
/*!40101 SET @saved_cs_client     = @@character_set_client */;
/*!40101 SET character_set_client = utf8 */;
CREATE TABLE `menuimg` (
  `id` int(10) unsigned NOT NULL AUTO_INCREMENT,
  `menu_id` int(11) DEFAULT NULL,
  `src` longtext,
  PRIMARY KEY (`id`)
) ENGINE=InnoDB AUTO_INCREMENT=54 DEFAULT CHARSET=utf8;
/*!40101 SET character_set_client = @saved_cs_client */;

--
-- Dumping data for table `menuimg`
--

/*!40000 ALTER TABLE `menuimg` DISABLE KEYS */;
INSERT INTO `menuimg` VALUES (1,1,'static/img/rice-1.jpg'),(2,1,'static/img/rice-2.jpg'),(3,1,'static/img/rice-3.jpg'),(4,1,'static/img/rice-4.jpg'),(5,2,'static/img/宫保鸡丁-1.jpg'),(6,2,'static/img/宫保鸡丁-2.jpg'),(7,2,'static/img/宫保鸡丁-3.jpg'),(8,2,'static/img/宫保鸡丁-4.jpg'),(9,3,'static/img/千叶豆腐-1.jpg'),(10,3,'static/img/千叶豆腐-2.jpg'),(11,3,'static/img/千叶豆腐-3.jpg'),(12,3,'static/img/千叶豆腐-4.jpg'),(13,4,'static/img/烤鱼-1.jpg'),(14,4,'static/img/烤鱼-2.jpg'),(15,4,'static/img/烤鱼-3.jpg'),(16,4,'static/img/烤鱼-4.jpg'),(17,5,'static/img/八宝粥-1.jpg'),(18,5,'static/img/八宝粥-2.jpg'),(19,5,'static/img/八宝粥-3.jpg'),(20,6,'static/img/安然盒饭-1.jpg'),(35,13,'static/menulist/1513007386338mmexport1512865197381.jpg'),(40,11,'static/menulist/1513045001053null5c45cb615341b156.jpg'),(41,11,'static/menulist/1513045011327跨域3.png'),(42,13,'static/menulist/15130478639121512964503074.jpg'),(43,13,'static/menulist/15130478685601512963882994.jpg'),(44,13,'static/menulist/15130478724981512963844318.jpg'),(45,13,'static/menulist/15130478779241512963803484.jpg'),(47,11,'static/menulist/1513235973139oo.png'),(48,14,'static/menulist/1516533195697menu7.jpg'),(49,14,'static/menulist/1516533199773menu3.jpg'),(50,15,'static/menulist/1516628112418Ecode易小林.png'),(51,15,'static/menulist/1516628115061menu3.jpg'),(52,15,'static/menulist/1516628117828menu4.jpg'),(53,15,'static/menulist/1516628120712menu6.jpg');
/*!40000 ALTER TABLE `menuimg` ENABLE KEYS */;

--
-- Table structure for table `orderlist`
--

DROP TABLE IF EXISTS `orderlist`;
/*!40101 SET @saved_cs_client     = @@character_set_client */;
/*!40101 SET character_set_client = utf8 */;
CREATE TABLE `orderlist` (
  `id` int(10) unsigned NOT NULL AUTO_INCREMENT,
  `user_id` int(11) DEFAULT NULL,
  `createdTime` varchar(45) DEFAULT NULL,
  `status` int(11) DEFAULT NULL,
  `acceptTime` varchar(45) DEFAULT NULL,
  `completeTime` varchar(45) DEFAULT NULL,
  `content` longtext,
  `menuNum` int(11) DEFAULT NULL,
  `priceAll` varchar(45) DEFAULT NULL,
  PRIMARY KEY (`id`)
) ENGINE=InnoDB AUTO_INCREMENT=57 DEFAULT CHARSET=utf8;
/*!40101 SET character_set_client = @saved_cs_client */;

--
-- Dumping data for table `orderlist`
--

/*!40000 ALTER TABLE `orderlist` DISABLE KEYS */;
INSERT INTO `orderlist` VALUES (25,23,'2017-12-09 22:06:08',2,'2017-12-10 18:12:16','2017-12-10 18:13:51','[{\"id\":3,\"menu_id\":3,\"total\":2,\"isCheck\":\"true\",\"name\":\"千叶豆腐\",\"price\":25,\"type_id\":3,\"desc\":\"千页豆腐，味道鲜美\",\"picture\":\"static/img/千页豆腐-img.jpg\"},{\"id\":85,\"menu_id\":1,\"total\":1,\"isCheck\":\"true\",\"name\":\"米饭\",\"price\":2,\"type_id\":1,\"desc\":\"优质东北大米\",\"picture\":\"static/img/rice-img.jpg\"}]',3,'52'),(26,23,'2017-12-09 22:06:16',2,'2017-12-10 18:12:19','2017-12-10 18:13:53','[{\"id\":86,\"menu_id\":2,\"total\":1,\"isCheck\":\"true\",\"name\":\"宫保鸡丁\",\"price\":30,\"type_id\":2,\"desc\":\"北方宫保鸡丁，，绝对不甜，欢迎下次继续订购哈\",\"picture\":\"static/img/jiding-img.jpg\"},{\"id\":87,\"menu_id\":4,\"total\":1,\"isCheck\":\"true\",\"name\":\"烤鱼\",\"price\":130,\"type_id\":4,\"desc\":\"鱼类经过烤制之后然后进行烹饪的一种方法\",\"picture\":\"static/img/烤鱼-img.jpg\"},{\"id\":88,\"menu_id\":5,\"total\":1,\"isCheck\":\"true\",\"name\":\"美容养颜养生八宝粥\",\"price\":199,\"type_id\":5,\"desc\":\"八宝粥内种类杂粮对人体需要的各种元素有很好的补充作用\",\"picture\":\"static/img/八宝粥自制-img.jpg\"},{\"id\":89,\"menu_id\":6,\"total\":1,\"isCheck\":\"true\",\"name\":\"安然盒饭\",\"price\":300,\"type_id\":6,\"desc\":\"安然自制盒饭，色香味俱全\",\"picture\":\"static/img/安然盒饭-img.jpg\"}]',4,'659'),(27,16,'2017-12-09 22:06:41',2,'2017-12-10 18:13:30','2017-12-13 17:07:07','[{\"id\":81,\"menu_id\":3,\"total\":1,\"isCheck\":\"true\",\"name\":\"千叶豆腐\",\"price\":25,\"type_id\":3,\"desc\":\"千页豆腐，味道鲜美\",\"picture\":\"static/img/千页豆腐-img.jpg\"}]',1,'25'),(28,16,'2017-12-09 22:06:50',2,'2017-12-10 18:13:32','2017-12-13 17:18:02','[{\"id\":79,\"menu_id\":1,\"total\":1,\"isCheck\":\"true\",\"name\":\"米饭\",\"price\":2,\"type_id\":1,\"desc\":\"优质东北大米\",\"picture\":\"static/img/rice-img.jpg\"},{\"id\":80,\"menu_id\":2,\"total\":1,\"isCheck\":\"true\",\"name\":\"宫保鸡丁\",\"price\":30,\"type_id\":2,\"desc\":\"北方宫保鸡丁，，绝对不甜，欢迎下次继续订购哈\",\"picture\":\"static/img/jiding-img.jpg\"},{\"id\":82,\"menu_id\":4,\"total\":1,\"isCheck\":\"true\",\"name\":\"烤鱼\",\"price\":130,\"type_id\":4,\"desc\":\"鱼类经过烤制之后然后进行烹饪的一种方法\",\"picture\":\"static/img/烤鱼-img.jpg\"},{\"id\":83,\"menu_id\":5,\"total\":1,\"isCheck\":\"true\",\"name\":\"美容养颜养生八宝粥\",\"price\":199,\"type_id\":5,\"desc\":\"八宝粥内种类杂粮对人体需要的各种元素有很好的补充作用\",\"picture\":\"static/img/八宝粥自制-img.jpg\"},{\"id\":84,\"menu_id\":6,\"total\":1,\"isCheck\":\"true\",\"name\":\"安然盒饭\",\"price\":300,\"type_id\":6,\"desc\":\"安然自制盒饭，色香味俱全\",\"picture\":\"static/img/安然盒饭-img.jpg\"}]',5,'661'),(29,16,'2017-12-09 23:00:14',2,'2017-12-14 10:33:07','2018-01-23 10:09:54','[{\"id\":90,\"menu_id\":3,\"total\":1,\"isCheck\":\"true\",\"name\":\"千叶豆腐\",\"price\":25,\"type_id\":3,\"desc\":\"千页豆腐，味道鲜美\",\"picture\":\"static/img/千页豆腐-img.jpg\"},{\"id\":91,\"menu_id\":4,\"total\":1,\"isCheck\":\"true\",\"name\":\"烤鱼\",\"price\":130,\"type_id\":4,\"desc\":\"鱼类经过烤制之后然后进行烹饪的一种方法\",\"picture\":\"static/img/烤鱼-img.jpg\"},{\"id\":92,\"menu_id\":5,\"total\":1,\"isCheck\":\"true\",\"name\":\"美容养颜养生八宝粥\",\"price\":199,\"type_id\":5,\"desc\":\"八宝粥内种类杂粮对人体需要的各种元素有很好的补充作用\",\"picture\":\"static/img/八宝粥自制-img.jpg\"},{\"id\":93,\"menu_id\":1,\"total\":1,\"isCheck\":\"true\",\"name\":\"米饭\",\"price\":2,\"type_id\":1,\"desc\":\"优质东北大米\",\"picture\":\"static/img/rice-img.jpg\"},{\"id\":94,\"menu_id\":2,\"total\":1,\"isCheck\":\"true\",\"name\":\"宫保鸡丁\",\"price\":30,\"type_id\":2,\"desc\":\"北方宫保鸡丁，，绝对不甜，欢迎下次继续订购哈\",\"picture\":\"static/img/jiding-img.jpg\"},{\"id\":95,\"menu_id\":6,\"total\":1,\"isCheck\":\"true\",\"name\":\"安然盒饭\",\"price\":300,\"type_id\":6,\"desc\":\"安然自制盒饭，色香味俱全\",\"picture\":\"static/img/安然盒饭-img.jpg\"}]',6,'686'),(30,16,'2017-12-09 23:01:51',1,'2017-12-14 10:33:05',NULL,'[{\"id\":96,\"menu_id\":3,\"total\":1,\"isCheck\":\"true\",\"name\":\"千叶豆腐\",\"price\":25,\"type_id\":3,\"desc\":\"千页豆腐，味道鲜美\",\"picture\":\"static/img/千页豆腐-img.jpg\"},{\"id\":97,\"menu_id\":4,\"total\":1,\"isCheck\":\"true\",\"name\":\"烤鱼\",\"price\":130,\"type_id\":4,\"desc\":\"鱼类经过烤制之后然后进行烹饪的一种方法\",\"picture\":\"static/img/烤鱼-img.jpg\"},{\"id\":98,\"menu_id\":5,\"total\":1,\"isCheck\":\"true\",\"name\":\"美容养颜养生八宝粥\",\"price\":199,\"type_id\":5,\"desc\":\"八宝粥内种类杂粮对人体需要的各种元素有很好的补充作用\",\"picture\":\"static/img/八宝粥自制-img.jpg\"},{\"id\":99,\"menu_id\":1,\"total\":1,\"isCheck\":\"true\",\"name\":\"米饭\",\"price\":2,\"type_id\":1,\"desc\":\"优质东北大米\",\"picture\":\"static/img/rice-img.jpg\"},{\"id\":100,\"menu_id\":2,\"total\":1,\"isCheck\":\"true\",\"name\":\"宫保鸡丁\",\"price\":30,\"type_id\":2,\"desc\":\"北方宫保鸡丁，，绝对不甜，欢迎下次继续订购哈\",\"picture\":\"static/img/jiding-img.jpg\"},{\"id\":101,\"menu_id\":6,\"total\":1,\"isCheck\":\"true\",\"name\":\"安然盒饭\",\"price\":300,\"type_id\":6,\"desc\":\"安然自制盒饭，色香味俱全\",\"picture\":\"static/img/安然盒饭-img.jpg\"}]',6,'686'),(31,16,'2017-12-09 23:20:07',1,'2017-12-14 10:33:04',NULL,'[{\"id\":110,\"menu_id\":1,\"total\":1,\"isCheck\":\"true\",\"name\":\"米饭\",\"price\":2,\"type_id\":1,\"desc\":\"优质东北大米\",\"picture\":\"static/img/rice-img.jpg\"},{\"id\":111,\"menu_id\":2,\"total\":1,\"isCheck\":\"true\",\"name\":\"宫保鸡丁\",\"price\":30,\"type_id\":2,\"desc\":\"北方宫保鸡丁，，绝对不甜，欢迎下次继续订购哈\",\"picture\":\"static/img/jiding-img.jpg\"},{\"id\":112,\"menu_id\":4,\"total\":1,\"isCheck\":\"true\",\"name\":\"烤鱼\",\"price\":130,\"type_id\":4,\"desc\":\"鱼类经过烤制之后然后进行烹饪的一种方法\",\"picture\":\"static/img/烤鱼-img.jpg\"},{\"id\":113,\"menu_id\":5,\"total\":1,\"isCheck\":\"true\",\"name\":\"美容养颜养生八宝粥\",\"price\":199,\"type_id\":5,\"desc\":\"八宝粥内种类杂粮对人体需要的各种元素有很好的补充作用\",\"picture\":\"static/img/八宝粥自制-img.jpg\"},{\"id\":114,\"menu_id\":6,\"total\":1,\"isCheck\":\"true\",\"name\":\"安然盒饭\",\"price\":300,\"type_id\":6,\"desc\":\"安然自制盒饭，色香味俱全\",\"picture\":\"static/img/安然盒饭-img.jpg\"}]',5,'661'),(32,16,'2017-12-10 16:06:01',1,'2017-12-14 10:33:02',NULL,'[{\"id\":124,\"menu_id\":2,\"total\":2,\"isCheck\":\"true\",\"name\":\"宫保鸡丁\",\"price\":30,\"type_id\":2,\"desc\":\"北方宫保鸡丁，，绝对不甜，欢迎下次继续订购哈\",\"picture\":\"static/img/jiding-img.jpg\"},{\"id\":125,\"menu_id\":1,\"total\":1,\"isCheck\":\"true\",\"name\":\"米饭\",\"price\":2,\"type_id\":1,\"desc\":\"优质东北大米\",\"picture\":\"static/img/rice-img.jpg\"},{\"id\":126,\"menu_id\":5,\"total\":1,\"isCheck\":\"true\",\"name\":\"美容养颜养生八宝粥\",\"price\":199,\"type_id\":5,\"desc\":\"八宝粥内种类杂粮对人体需要的各种元素有很好的补充作用\",\"picture\":\"static/img/八宝粥自制-img.jpg\"}]',4,'261'),(33,16,'2017-12-10 16:10:39',1,'2017-12-14 10:33:01',NULL,'[{\"id\":124,\"menu_id\":2,\"total\":2,\"isCheck\":\"true\",\"name\":\"宫保鸡丁\",\"price\":30,\"type_id\":2,\"desc\":\"北方宫保鸡丁，，绝对不甜，欢迎下次继续订购哈\",\"picture\":\"static/img/jiding-img.jpg\"},{\"id\":125,\"menu_id\":1,\"total\":1,\"isCheck\":\"true\",\"name\":\"米饭\",\"price\":2,\"type_id\":1,\"desc\":\"优质东北大米\",\"picture\":\"static/img/rice-img.jpg\"},{\"id\":126,\"menu_id\":5,\"total\":1,\"isCheck\":\"true\",\"name\":\"美容养颜养生八宝粥\",\"price\":199,\"type_id\":5,\"desc\":\"八宝粥内种类杂粮对人体需要的各种元素有很好的补充作用\",\"picture\":\"static/img/八宝粥自制-img.jpg\"}]',4,'261'),(34,16,'2017-12-10 16:13:41',1,'2017-12-14 10:33:00',NULL,'[{\"id\":127,\"menu_id\":2,\"total\":1,\"isCheck\":\"true\",\"name\":\"宫保鸡丁\",\"price\":30,\"type_id\":2,\"desc\":\"北方宫保鸡丁，，绝对不甜，欢迎下次继续订购哈\",\"picture\":\"static/img/jiding-img.jpg\"}]',1,'30'),(35,16,'2017-12-10 16:14:42',1,'2017-12-14 10:32:59',NULL,'[{\"id\":124,\"menu_id\":2,\"total\":2,\"isCheck\":\"true\",\"name\":\"宫保鸡丁\",\"price\":30,\"type_id\":2,\"desc\":\"北方宫保鸡丁，，绝对不甜，欢迎下次继续订购哈\",\"picture\":\"static/img/jiding-img.jpg\"},{\"id\":125,\"menu_id\":1,\"total\":1,\"isCheck\":\"true\",\"name\":\"米饭\",\"price\":2,\"type_id\":1,\"desc\":\"优质东北大米\",\"picture\":\"static/img/rice-img.jpg\"},{\"id\":126,\"menu_id\":5,\"total\":1,\"isCheck\":\"true\",\"name\":\"美容养颜养生八宝粥\",\"price\":199,\"type_id\":5,\"desc\":\"八宝粥内种类杂粮对人体需要的各种元素有很好的补充作用\",\"picture\":\"static/img/八宝粥自制-img.jpg\"}]',4,'261'),(36,16,'2017-12-10 16:14:59',2,'2017-12-14 10:32:58','2018-01-23 10:10:24','[{\"id\":127,\"menu_id\":2,\"total\":1,\"isCheck\":\"true\",\"name\":\"宫保鸡丁\",\"price\":30,\"type_id\":2,\"desc\":\"北方宫保鸡丁，，绝对不甜，欢迎下次继续订购哈\",\"picture\":\"static/img/jiding-img.jpg\"}]',1,'30'),(37,16,'2017-12-10 16:16:23',2,'2017-12-10 18:13:46','2017-12-13 17:17:50','[{\"id\":110,\"menu_id\":1,\"total\":1,\"isCheck\":\"true\",\"name\":\"米饭\",\"price\":2,\"type_id\":1,\"desc\":\"优质东北大米\",\"picture\":\"static/img/rice-img.jpg\"},{\"id\":111,\"menu_id\":2,\"total\":1,\"isCheck\":\"true\",\"name\":\"宫保鸡丁\",\"price\":30,\"type_id\":2,\"desc\":\"北方宫保鸡丁，，绝对不甜，欢迎下次继续订购哈\",\"picture\":\"static/img/jiding-img.jpg\"},{\"id\":112,\"menu_id\":4,\"total\":1,\"isCheck\":\"true\",\"name\":\"烤鱼\",\"price\":130,\"type_id\":4,\"desc\":\"鱼类经过烤制之后然后进行烹饪的一种方法\",\"picture\":\"static/img/烤鱼-img.jpg\"},{\"id\":113,\"menu_id\":5,\"total\":1,\"isCheck\":\"true\",\"name\":\"美容养颜养生八宝粥\",\"price\":199,\"type_id\":5,\"desc\":\"八宝粥内种类杂粮对人体需要的各种元素有很好的补充作用\",\"picture\":\"static/img/八宝粥自制-img.jpg\"},{\"id\":114,\"menu_id\":6,\"total\":1,\"isCheck\":\"true\",\"name\":\"安然盒饭\",\"price\":300,\"type_id\":6,\"desc\":\"安然自制盒饭，色香味俱全\",\"picture\":\"static/img/安然盒饭-img.jpg\"}]',5,'661'),(38,16,'2017-12-10 16:18:00',2,'2017-12-10 18:13:44','2017-12-13 17:05:42','[{\"id\":124,\"menu_id\":2,\"total\":2,\"isCheck\":\"true\",\"name\":\"宫保鸡丁\",\"price\":30,\"type_id\":2,\"desc\":\"北方宫保鸡丁，，绝对不甜，欢迎下次继续订购哈\",\"picture\":\"static/img/jiding-img.jpg\"},{\"id\":125,\"menu_id\":1,\"total\":1,\"isCheck\":\"true\",\"name\":\"米饭\",\"price\":2,\"type_id\":1,\"desc\":\"优质东北大米\",\"picture\":\"static/img/rice-img.jpg\"},{\"id\":126,\"menu_id\":5,\"total\":1,\"isCheck\":\"true\",\"name\":\"美容养颜养生八宝粥\",\"price\":199,\"type_id\":5,\"desc\":\"八宝粥内种类杂粮对人体需要的各种元素有很好的补充作用\",\"picture\":\"static/img/八宝粥自制-img.jpg\",\"hasRate\":\"exit\"}]',4,'261'),(39,16,'2017-12-10 16:21:03',2,'2017-12-10 18:13:43','2017-12-10 18:15:33','[{\"id\":124,\"menu_id\":2,\"total\":2,\"isCheck\":\"true\",\"name\":\"宫保鸡丁\",\"price\":30,\"type_id\":2,\"desc\":\"北方宫保鸡丁，，绝对不甜，欢迎下次继续订购哈\",\"picture\":\"static/img/jiding-img.jpg\",\"hasRate\":\"exit\"},{\"id\":125,\"menu_id\":1,\"total\":1,\"isCheck\":\"true\",\"name\":\"米饭\",\"price\":2,\"type_id\":1,\"desc\":\"优质东北大米\",\"picture\":\"static/img/rice-img.jpg\",\"hasRate\":\"exit\"},{\"id\":126,\"menu_id\":5,\"total\":1,\"isCheck\":\"true\",\"name\":\"美容养颜养生八宝粥\",\"price\":199,\"type_id\":5,\"desc\":\"八宝粥内种类杂粮对人体需要的各种元素有很好的补充作用\",\"picture\":\"static/img/八宝粥自制-img.jpg\",\"hasRate\":\"exit\"}]',4,'261'),(40,16,'2017-12-10 16:49:58',2,'2017-12-10 18:13:26','2017-12-10 18:13:39','[{\"id\":131,\"menu_id\":1,\"total\":1,\"isCheck\":\"true\",\"name\":\"米饭\",\"price\":2,\"type_id\":1,\"desc\":\"优质东北大米\",\"picture\":\"static/img/rice-img.jpg\",\"hasRate\":\"exit\"}]',1,'2'),(41,23,'2017-12-10 16:51:07',2,'2017-12-10 18:13:21','2017-12-10 18:13:39','[{\"id\":132,\"menu_id\":2,\"total\":1,\"isCheck\":\"true\",\"name\":\"宫保鸡丁\",\"price\":30,\"type_id\":2,\"desc\":\"北方宫保鸡丁，，绝对不甜，欢迎下次继续订购哈\",\"picture\":\"static/img/jiding-img.jpg\"},{\"id\":133,\"menu_id\":3,\"total\":1,\"isCheck\":\"true\",\"name\":\"千叶豆腐\",\"price\":25,\"type_id\":3,\"desc\":\"千页豆腐，味道鲜美\",\"picture\":\"static/img/千页豆腐-img.jpg\"}]',2,'55'),(42,23,'2017-12-10 16:51:37',2,'2017-12-10 18:00:59','2017-12-10 18:13:37','[{\"id\":3,\"menu_id\":3,\"total\":2,\"isCheck\":\"true\",\"name\":\"千叶豆腐\",\"price\":25,\"type_id\":3,\"desc\":\"千页豆腐，味道鲜美\",\"picture\":\"static/img/千页豆腐-img.jpg\"},{\"id\":85,\"menu_id\":1,\"total\":1,\"isCheck\":\"true\",\"name\":\"米饭\",\"price\":2,\"type_id\":1,\"desc\":\"优质东北大米\",\"picture\":\"static/img/rice-img.jpg\"}]',3,'52'),(43,23,'2017-12-10 17:56:59',2,'2017-12-10 17:59:54','2017-12-10 17:59:59','[{\"id\":86,\"menu_id\":2,\"total\":1,\"isCheck\":\"true\",\"name\":\"宫保鸡丁\",\"price\":30,\"type_id\":2,\"desc\":\"北方宫保鸡丁，，绝对不甜，欢迎下次继续订购哈\",\"picture\":\"static/img/jiding-img.jpg\",\"hasRate\":\"exit\"},{\"id\":87,\"menu_id\":4,\"total\":1,\"isCheck\":\"true\",\"name\":\"烤鱼\",\"price\":130,\"type_id\":4,\"desc\":\"鱼类经过烤制之后然后进行烹饪的一种方法\",\"picture\":\"static/img/烤鱼-img.jpg\"},{\"id\":88,\"menu_id\":5,\"total\":1,\"isCheck\":\"true\",\"name\":\"美容养颜养生八宝粥\",\"price\":199,\"type_id\":5,\"desc\":\"八宝粥内种类杂粮对人体需要的各种元素有很好的补充作用\",\"picture\":\"static/img/八宝粥自制-img.jpg\"},{\"id\":89,\"menu_id\":6,\"total\":1,\"isCheck\":\"true\",\"name\":\"安然盒饭\",\"price\":300,\"type_id\":6,\"desc\":\"安然自制盒饭，色香味俱全\",\"picture\":\"static/img/安然盒饭-img.jpg\"}]',4,'659'),(44,17,'2017-12-10 20:34:37',2,'2017-12-10 20:35:26','2017-12-10 20:35:48','[{\"id\":136,\"menu_id\":1,\"total\":2,\"isCheck\":\"true\",\"name\":\"米饭\",\"price\":2,\"type_id\":1,\"desc\":\"优质东北大米\",\"picture\":\"static/img/rice-img.jpg\",\"hasRate\":\"exit\"},{\"id\":137,\"menu_id\":3,\"total\":3,\"isCheck\":\"true\",\"name\":\"千叶豆腐\",\"price\":25,\"type_id\":3,\"desc\":\"千页豆腐，味道鲜美\",\"picture\":\"static/img/千页豆腐-img.jpg\",\"hasRate\":\"exit\"},{\"id\":138,\"menu_id\":5,\"total\":1,\"isCheck\":\"true\",\"name\":\"美容养颜养生八宝粥\",\"price\":199,\"type_id\":5,\"desc\":\"八宝粥内种类杂粮对人体需要的各种元素有很好的补充作用\",\"picture\":\"static/img/八宝粥自制-img.jpg\"}]',6,'278'),(45,16,'2017-12-10 20:53:53',2,'2017-12-10 20:54:08','2017-12-10 20:54:26','[{\"id\":139,\"menu_id\":6,\"total\":3,\"isCheck\":\"true\",\"name\":\"安然盒饭\",\"price\":300,\"type_id\":6,\"desc\":\"安然自制盒饭，色香味俱全\",\"picture\":\"static/img/安然盒饭-img.jpg\",\"hasRate\":\"exit\"}]',3,'900'),(46,16,'2017-12-10 20:58:34',2,'2017-12-14 10:32:57','2018-01-21 19:20:51','[{\"id\":140,\"menu_id\":6,\"total\":1,\"isCheck\":\"true\",\"name\":\"安然盒饭\",\"price\":300,\"type_id\":6,\"desc\":\"安然自制盒饭，色香味俱全\",\"picture\":\"static/img/安然盒饭-img.jpg\"}]',1,'300'),(47,45,'2017-12-12 11:00:29',1,'2017-12-14 10:32:52',NULL,'[{\"id\":143,\"menu_id\":1,\"total\":1,\"isCheck\":\"true\",\"name\":\"米饭\",\"price\":2,\"type_id\":1,\"descript\":\"优质东北大米\",\"picture\":\"static/img/rice-img.jpg\"},{\"id\":144,\"menu_id\":2,\"total\":2,\"isCheck\":\"true\",\"name\":\"宫保鸡丁\",\"price\":30,\"type_id\":2,\"descript\":\"北方宫保鸡丁，，绝对不甜，欢迎下次继续订购哈\",\"picture\":\"static/img/jiding-img.jpg\"}]',3,'62'),(48,46,'2017-12-12 21:58:58',2,'2017-12-12 21:59:16','2017-12-12 21:59:30','[{\"id\":145,\"menu_id\":4,\"total\":1,\"isCheck\":\"true\",\"name\":\"烤鱼\",\"price\":130,\"type_id\":4,\"descript\":\"鱼类经过烤制之后然后进行烹饪的一种方法\",\"picture\":\"static/img/烤鱼-img.jpg\",\"hasRate\":\"exit\"}]',1,'130'),(49,23,'2017-12-13 18:05:27',1,'2017-12-14 10:32:51',NULL,'[{\"id\":147,\"menu_id\":1,\"total\":1,\"isCheck\":\"true\",\"name\":\"米饭\",\"price\":2,\"type_id\":1,\"descript\":\"优质东北大米\",\"picture\":\"static/img/rice-img.jpg\"}]',1,'2'),(50,47,'2017-12-13 18:13:17',1,'2017-12-14 10:32:50',NULL,'[{\"id\":149,\"menu_id\":1,\"total\":2,\"isCheck\":\"true\",\"name\":\"米饭\",\"price\":2,\"type_id\":1,\"descript\":\"优质东北大米\",\"picture\":\"static/img/rice-img.jpg\"},{\"id\":150,\"menu_id\":4,\"total\":2,\"isCheck\":\"true\",\"name\":\"烤鱼\",\"price\":130,\"type_id\":4,\"descript\":\"鱼类经过烤制之后然后进行烹饪的一种方法\",\"picture\":\"static/img/烤鱼-img.jpg\"},{\"id\":151,\"menu_id\":5,\"total\":1,\"isCheck\":\"true\",\"name\":\"美容养颜养生八宝粥\",\"price\":199,\"type_id\":5,\"descript\":\"八宝粥内种类杂粮对人体需要的各种元素有很好的补充作用\",\"picture\":\"static/img/八宝粥自制-img.jpg\"}]',5,'463'),(51,47,'2017-12-13 18:13:27',1,'2017-12-14 10:32:48',NULL,'[{\"id\":149,\"menu_id\":1,\"total\":2,\"isCheck\":\"true\",\"name\":\"米饭\",\"price\":2,\"type_id\":1,\"descript\":\"优质东北大米\",\"picture\":\"static/img/rice-img.jpg\"},{\"id\":150,\"menu_id\":4,\"total\":2,\"isCheck\":\"true\",\"name\":\"烤鱼\",\"price\":130,\"type_id\":4,\"descript\":\"鱼类经过烤制之后然后进行烹饪的一种方法\",\"picture\":\"static/img/烤鱼-img.jpg\"},{\"id\":151,\"menu_id\":5,\"total\":1,\"isCheck\":\"true\",\"name\":\"美容养颜养生八宝粥\",\"price\":199,\"type_id\":5,\"descript\":\"八宝粥内种类杂粮对人体需要的各种元素有很好的补充作用\",\"picture\":\"static/img/八宝粥自制-img.jpg\"}]',5,'463'),(52,47,'2017-12-13 18:18:40',1,'2017-12-14 10:32:47',NULL,'[{\"id\":152,\"menu_id\":1,\"total\":2,\"isCheck\":\"true\",\"name\":\"米饭\",\"price\":2,\"type_id\":1,\"descript\":\"优质东北大米\",\"picture\":\"static/img/rice-img.jpg\"},{\"id\":154,\"menu_id\":5,\"total\":1,\"isCheck\":\"true\",\"name\":\"美容养颜养生八宝粥\",\"price\":199,\"type_id\":5,\"descript\":\"八宝粥内种类杂粮对人体需要的各种元素有很好的补充作用\",\"picture\":\"static/img/八宝粥自制-img.jpg\"},{\"id\":155,\"menu_id\":13,\"total\":1,\"isCheck\":\"true\",\"name\":\"美妙的餐厅\",\"price\":60,\"type_id\":1,\"descript\":\"一起来进餐吧\",\"picture\":\"static/menucover/1513007348072mmexport1512865225974.jpg\"}]',4,'263'),(53,47,'2017-12-13 18:25:01',2,'2017-12-13 18:27:08','2017-12-14 10:33:13','[{\"id\":153,\"menu_id\":4,\"total\":2,\"isCheck\":\"true\",\"name\":\"烤鱼\",\"price\":130,\"type_id\":4,\"descript\":\"鱼类经过烤制之后然后进行烹饪的一种方法\",\"picture\":\"static/img/烤鱼-img.jpg\"},{\"id\":157,\"menu_id\":3,\"total\":2,\"isCheck\":\"true\",\"name\":\"千叶豆腐\",\"price\":25,\"type_id\":3,\"descript\":\"千页豆腐，味道鲜美\",\"picture\":\"static/img/千页豆腐-img.jpg\"},{\"id\":158,\"menu_id\":5,\"total\":1,\"isCheck\":\"true\",\"name\":\"美容养颜养生八宝粥\",\"price\":199,\"type_id\":5,\"descript\":\"八宝粥内种类杂粮对人体需要的各种元素有很好的补充作用\",\"picture\":\"static/img/八宝粥自制-img.jpg\"}]',5,'509'),(54,47,'2017-12-13 18:25:10',2,'2017-12-13 18:27:04','2017-12-13 18:27:28','[{\"id\":153,\"menu_id\":4,\"total\":2,\"isCheck\":\"true\",\"name\":\"烤鱼\",\"price\":130,\"type_id\":4,\"descript\":\"鱼类经过烤制之后然后进行烹饪的一种方法\",\"picture\":\"static/img/烤鱼-img.jpg\",\"hasRate\":\"exit\"},{\"id\":157,\"menu_id\":3,\"total\":2,\"isCheck\":\"true\",\"name\":\"千叶豆腐\",\"price\":25,\"type_id\":3,\"descript\":\"千页豆腐，味道鲜美\",\"picture\":\"static/img/千页豆腐-img.jpg\"},{\"id\":158,\"menu_id\":5,\"total\":1,\"isCheck\":\"true\",\"name\":\"美容养颜养生八宝粥\",\"price\":199,\"type_id\":5,\"descript\":\"八宝粥内种类杂粮对人体需要的各种元素有很好的补充作用\",\"picture\":\"static/img/八宝粥自制-img.jpg\"}]',5,'509'),(55,47,'2017-12-14 10:38:21',2,'2017-12-14 10:38:31','2017-12-14 10:41:04','[{\"id\":157,\"menu_id\":13,\"total\":1,\"isCheck\":\"true\",\"name\":\"美妙的餐厅\",\"price\":60,\"type_id\":1,\"descript\":\"一起来进餐吧\",\"picture\":\"static/menucover/1513007348072mmexport1512865225974.jpg\"},{\"id\":158,\"menu_id\":14,\"total\":1,\"isCheck\":\"true\",\"name\":\"双肩包\",\"price\":100,\"type_id\":1,\"descript\":\"亲笔签名双肩包\",\"picture\":\"static/menucover/1513168978220null5c45cb615341b156.jpg\",\"hasRate\":\"exit\"}]',2,'160'),(56,16,'2018-01-21 19:19:18',2,'2018-01-21 19:19:45','2018-01-21 19:20:18','[{\"id\":141,\"menu_id\":1,\"total\":6,\"isCheck\":\"true\",\"name\":\"米饭\",\"price\":2,\"type_id\":1,\"descript\":\"优质东北大米\",\"picture\":\"static/img/rice-img.jpg\",\"hasRate\":\"exit\"},{\"id\":142,\"menu_id\":2,\"total\":4,\"isCheck\":\"true\",\"name\":\"宫保鸡丁\",\"price\":30,\"type_id\":2,\"descript\":\"北方宫保鸡丁，，绝对不甜，欢迎下次继续订购哈\",\"picture\":\"static/img/jiding-img.jpg\"}]',10,'132');
/*!40000 ALTER TABLE `orderlist` ENABLE KEYS */;

--
-- Table structure for table `ordermenu`
--

DROP TABLE IF EXISTS `ordermenu`;
/*!40101 SET @saved_cs_client     = @@character_set_client */;
/*!40101 SET character_set_client = utf8 */;
CREATE TABLE `ordermenu` (
  `id` int(10) unsigned NOT NULL AUTO_INCREMENT,
  `menu_id` int(11) DEFAULT NULL,
  `num` int(11) DEFAULT NULL,
  PRIMARY KEY (`id`)
) ENGINE=InnoDB AUTO_INCREMENT=141 DEFAULT CHARSET=utf8;
/*!40101 SET character_set_client = @saved_cs_client */;

--
-- Dumping data for table `ordermenu`
--

/*!40000 ALTER TABLE `ordermenu` DISABLE KEYS */;
INSERT INTO `ordermenu` VALUES (103,1,1),(104,2,1),(105,3,1),(106,3,2),(107,1,1),(108,2,1),(109,4,1),(110,6,1),(111,5,1),(112,1,2),(113,3,3),(114,5,1),(115,6,3),(116,6,1),(117,1,1),(118,2,2),(119,4,1),(120,4,1),(121,1,1),(122,1,2),(123,4,2),(124,5,1),(125,1,2),(126,4,2),(127,5,1),(128,1,2),(129,5,1),(130,13,1),(131,4,2),(132,3,2),(133,5,1),(134,4,2),(135,3,2),(136,5,1),(137,13,1),(138,14,1),(139,1,6),(140,2,4);
/*!40000 ALTER TABLE `ordermenu` ENABLE KEYS */;

--
-- Table structure for table `part`
--

DROP TABLE IF EXISTS `part`;
/*!40101 SET @saved_cs_client     = @@character_set_client */;
/*!40101 SET character_set_client = utf8 */;
CREATE TABLE `part` (
  `id` int(11) NOT NULL AUTO_INCREMENT,
  `name` varchar(45) DEFAULT NULL,
  `admin` varchar(45) DEFAULT NULL,
  PRIMARY KEY (`id`),
  UNIQUE KEY `name_UNIQUE` (`name`),
  UNIQUE KEY `admin_UNIQUE` (`admin`)
) ENGINE=InnoDB AUTO_INCREMENT=6 DEFAULT CHARSET=utf8;
/*!40101 SET character_set_client = @saved_cs_client */;

--
-- Dumping data for table `part`
--

/*!40000 ALTER TABLE `part` DISABLE KEYS */;
INSERT INTO `part` VALUES (1,'星钧部','admin-a'),(2,'项目部','admin-b'),(3,'财务部','admin-c'),(4,'后勤部','root'),(5,'未分配',NULL);
/*!40000 ALTER TABLE `part` ENABLE KEYS */;

--
-- Table structure for table `ratelist`
--

DROP TABLE IF EXISTS `ratelist`;
/*!40101 SET @saved_cs_client     = @@character_set_client */;
/*!40101 SET character_set_client = utf8 */;
CREATE TABLE `ratelist` (
  `id` int(10) unsigned NOT NULL AUTO_INCREMENT,
  `menu_id` int(11) DEFAULT NULL,
  `content` longtext,
  `star` int(11) DEFAULT NULL,
  `time` varchar(45) DEFAULT NULL,
  `user_id` int(11) DEFAULT NULL,
  `picture` longtext,
  PRIMARY KEY (`id`)
) ENGINE=InnoDB AUTO_INCREMENT=24 DEFAULT CHARSET=utf8;
/*!40101 SET character_set_client = @saved_cs_client */;

--
-- Dumping data for table `ratelist`
--

/*!40000 ALTER TABLE `ratelist` DISABLE KEYS */;
INSERT INTO `ratelist` VALUES (1,1,'粒粒青白，粒粒醇香',5,'2017-12-07 12:00',16,'static/img/rice-img.jpg'),(2,1,'昔日帝王膳，今朝百姓餐',4,'2017-12-07 16:00',23,'static/img/rice-img.jpg'),(4,1,'感觉在吃糟糠，差评',2,'2017-12-01 18:00',7,'static/img/rice-img.jpg'),(5,1,'怎么这么少，太烂了',1,'2017-12-03 21:00',11,'static/img/rice-img.jpg'),(6,5,'此粥只应天上有，人间哪能喝得到',5,'2017-12-08 16:33',16,'static/img/八宝粥自制-img.jpg'),(7,1,'人间美味，难以言表',5,'2017-12-08 16:37',25,'static/img/rice-img.jpg'),(8,2,'very good',4,'2017-12-10 19:08:13',16,'static/img/jiding-img.jpg'),(9,2,'挺好的',4,'2017-12-10 19:16:01',16,'static/img/jiding-img.jpg'),(10,2,'非常意外',5,'2017-12-10 19:17:28',16,'static/img/jiding-img.jpg'),(11,2,'撒大声地',4,'2017-12-10 19:20:32',16,'static/img/jiding-img.jpg'),(12,1,'有点不好吃啊',2,'2017-12-10 19:24:54',16,'static/img/rice-img.jpg'),(13,1,'带图片的评论',4,'2017-12-10 19:41:50',16,'static/img/rice-img.jpg'),(14,2,'还不错呦',4,'2017-12-10 20:03:57',23,'static/img/jiding-img.jpg'),(15,1,'米饭太难吃了吧',1,'2017-12-10 20:36:26',17,'static/img/rice-img.jpg'),(16,3,'我是第二次评价了',5,'2017-12-10 20:36:45',17,'static/img/千页豆腐-img.jpg'),(17,5,'哈哈',2,'2017-12-10 20:45:18',16,'static/img/八宝粥自制-img.jpg'),(18,6,'昔日帝王膳，今朝百姓餐',5,'2017-12-10 20:55:57',16,'static/img/安然盒饭-img.jpg'),(19,4,'我',4,'2017-12-12 21:59:53',46,'static/img/烤鱼-img.jpg'),(20,4,'very good',5,'2017-12-13 18:27:46',47,'static/img/烤鱼-img.jpg'),(21,14,'流星雨',5,'2017-12-14 10:42:04',47,'static/menucover/1513168978220null5c45cb615341b156.jpg'),(22,5,'超好吃',5,'2018-01-14 18:30:42',16,'static/img/八宝粥自制-img.jpg'),(23,1,'谁知盘中餐，粒粒皆大米',4,'2018-01-23 10:16:21',16,'static/img/rice-img.jpg');
/*!40000 ALTER TABLE `ratelist` ENABLE KEYS */;

--
-- Table structure for table `role`
--

DROP TABLE IF EXISTS `role`;
/*!40101 SET @saved_cs_client     = @@character_set_client */;
/*!40101 SET character_set_client = utf8 */;
CREATE TABLE `role` (
  `id` int(11) NOT NULL AUTO_INCREMENT,
  `name` varchar(45) DEFAULT NULL,
  `fullname` varchar(45) DEFAULT NULL,
  PRIMARY KEY (`id`)
) ENGINE=InnoDB AUTO_INCREMENT=4 DEFAULT CHARSET=utf8;
/*!40101 SET character_set_client = @saved_cs_client */;

--
-- Dumping data for table `role`
--

/*!40000 ALTER TABLE `role` DISABLE KEYS */;
INSERT INTO `role` VALUES (1,'root','超级系统管理员'),(2,'admin','部门管理员'),(3,'general','普通员工');
/*!40000 ALTER TABLE `role` ENABLE KEYS */;

--
-- Table structure for table `shop`
--

DROP TABLE IF EXISTS `shop`;
/*!40101 SET @saved_cs_client     = @@character_set_client */;
/*!40101 SET character_set_client = utf8 */;
CREATE TABLE `shop` (
  `id` int(10) unsigned NOT NULL AUTO_INCREMENT,
  `user_id` int(11) DEFAULT NULL,
  `menu_id` int(11) DEFAULT NULL,
  `total` int(11) DEFAULT NULL,
  `isCheck` varchar(45) DEFAULT NULL,
  PRIMARY KEY (`id`)
) ENGINE=InnoDB AUTO_INCREMENT=164 DEFAULT CHARSET=utf8;
/*!40101 SET character_set_client = @saved_cs_client */;

--
-- Dumping data for table `shop`
--

/*!40000 ALTER TABLE `shop` DISABLE KEYS */;
INSERT INTO `shop` VALUES (156,47,1,2,'false'),(157,16,1,6,'true'),(159,16,4,2,'false'),(160,16,2,2,'false'),(161,16,7,1,'false'),(162,16,8,2,'false'),(163,16,13,2,'false');
/*!40000 ALTER TABLE `shop` ENABLE KEYS */;

--
-- Table structure for table `site`
--

DROP TABLE IF EXISTS `site`;
/*!40101 SET @saved_cs_client     = @@character_set_client */;
/*!40101 SET character_set_client = utf8 */;
CREATE TABLE `site` (
  `id` int(11) NOT NULL AUTO_INCREMENT,
  `name` varchar(45) DEFAULT NULL,
  `site` varchar(200) DEFAULT NULL,
  `type_id` int(11) DEFAULT NULL,
  PRIMARY KEY (`id`)
) ENGINE=InnoDB AUTO_INCREMENT=133 DEFAULT CHARSET=utf8;
/*!40101 SET character_set_client = @saved_cs_client */;

--
-- Dumping data for table `site`
--

/*!40000 ALTER TABLE `site` DISABLE KEYS */;
INSERT INTO `site` VALUES (1,'Vue官网','https://cn.vuejs.org/v2/guide/',1),(2,'Echarts3','http://echarts.baidu.com/examples.html',2),(3,'React官网','https://facebook.github.io/react/',3),(4,'Echarts2','http://echarts.baidu.com/echarts2/doc/example.html',2),(5,'element-ui官网','http://element.eleme.io/#/zh-CN/component/installation',1),(6,'vue-router官网','https://router.vuejs.org/zh-cn/',1),(10,'github官网','https://github.com/',7),(11,'码云-开源中国','https://git.oschina.net/',7),(12,'Vue开源项目查询','https://www.ctolib.com/cheatsheets-vuejs.html',1),(13,'慕课网','http://www.imooc.com/course/list',7),(14,'开放统计-应用概况','http://data.xfyun.cn/appsummary?flag=demo',7),(15,'钉钉开放平台','https://open.dingtalk.com/?spm=a219a.7629140.0.0.jPoFZ8',7),(16,'百度地图JavaScript API','http://lbsyun.baidu.com/index.php?title=jspopular',8),(17,'Mint-ui移动端','https://mint-ui.github.io/#!/zh-cn',1),(18,'Vue相关开源项目库汇总','https://github.com/opendigg/awesome-github-vue',1),(19,'Laravel官网','https://www.codecasts.com/',7),(20,'webpack官网','https://webpack.github.io/docs/',7),(21,'Spring官网','https://spring.io/',7),(22,'老戴-翻墙','https://laod.cn/hosts/2017-google-hosts.html',9),(23,'bootstrap-table官网','http://bootstrap-table.wenzhixin.net.cn/zh-cn/documentation/',7),(24,'w3cschool','http://www.w3school.com.cn/',7),(25,'icon图标网','https://icomoon.io/',7),(26,'nodejs官网','http://nodejs.cn/api/',10),(27,'高德地图','https://lbs.amap.com/',8),(28,'maven环境配置','http://blog.csdn.net/qq_33979657/article/details/52909241',9),(29,'nodejs菜鸟驿站','http://www.runoob.com/nodejs/nodejs-tutorial.html',10),(30,'微信小程序','https://mp.weixin.qq.com/debug/wxadoc/dev/',7),(31,'Vuex中文网','https://vuex.vuejs.org/zh-cn/intro.html',1),(32,'Vux移动端','https://vux.li/#/',1),(33,'react开源项目','http://www.lcode.org/category/react-native-zong/react-native-source-code/',3),(34,'morris','https://morrisjs.github.io/morris.js/',2),(35,'Hightcharts','https://www.hcharts.cn/demo/highcharts/line-basic',2),(36,'阿里云课程','https://yq.aliyun.com/video/TagSearch/cid_0-tagid_17106?spm=5176.100244.0.0.o9UJrK',7),(37,'nowa','https://nowa-webpack.github.io/nowa/?spm=a219a.7629140.0.0.ZxxThJ',9),(38,'Vonic','https://wangdahoo.github.io/vonic-documents/#/',1),(39,'MUI','http://dev.dcloud.net.cn/mui/ui/',1),(40,'vue-impression','https://newdadafe.github.io/impression_vue/#/input-number',1),(41,'专业基础云计算','https://console.ucloud.cn/dashboard',9),(42,'react中文网','http://www.react-cn.com/docs/getting-started.html',3),(43,'react入门教程','https://hulufei.gitbooks.io/react-tutorial/content/introduction.html',3),(44,'Docker','https://www.docker.com/docker-windows#/overview',9),(45,'docker文档','https://docs.docker.com/',9),(46,'react native中文网','http://reactnative.cn/',3),(47,'ES6入门','http://es6.ruanyifeng.com/#docs/function',11),(48,'Promise','https://developer.mozilla.org/zh-CN/docs/Web/JavaScript/Reference/Global_Objects/Promise',11),(49,'Fetch','https://fetch.spec.whatwg.org/',11),(50,'Fetch API','https://developer.mozilla.org/zh-CN/docs/Web/API/Fetch_API',11),(51,'API BluePrint','https://apiblueprint.org/',9),(52,'axios','https://www.npmjs.com/package/axios',11),(53,'zeptojs','http://zeptojs.com/',11),(54,'swagger','https://swagger.io/',9),(55,'nodejs教程','http://www.yiibai.com/nodejs/',10),(56,'react-ui','https://www.ctolib.com/react-ui.html',3),(57,'react-router中文文档','http://www.uprogrammer.cn/react-router-cn/',3),(58,'nodejs文件上传','http://www.yiibai.com/nodejs/nodejs_ch1627.html',10),(59,'NavDrawer组件库','https://myronliu347.github.io/vue-carbon/book/v0.5.0/popups/drawer.html',1),(60,'jade模板引擎','https://segmentfault.com/a/1190000000357534',11),(61,'Express中文文档','https://expressjs.com/zh-cn/starter/installing.html',10),(62,'微信公众号','https://open.weixin.qq.com/cgi-bin/showdocument?action=dir_list&t=resource/res_list&verify=1&id=open1421823488&token=f6abe9625c9789b4b08d5ee74cf1da0b661e7238&lang=zh_CN',7),(63,'存储库管理器','https://help.sonatype.com/display/NXRM3',9),(64,'历史操作','https://developer.mozilla.org/en-US/docs/Web/API/History_API',9),(65,'Koa框架','https://github.com/guo-yu/koa-guide',10),(66,'MongoDB中文文档','http://docs.mongoing.com/manual-zh/index.html',12),(67,'MongoDB学习笔记','http://blog.csdn.net/sinat_25127047/article/details/50560167',12),(68,'node入门','https://www.nodebeginner.org/index-zh-cn.html',10),(69,'mongodb中文社区','http://www.mongoing.com/',12),(70,'kafka入门介绍','http://orchome.com/5',9),(71,'kafka官网','https://kafka.apache.org/quickstart',9),(72,'各种CDN','http://www.codeyyy.com/javascript/8-117-120.html',11),(73,'mongoose官网','http://mongoosejs.com/',12),(74,'node部署阿里云','http://www.jianshu.com/p/0496ef49b2a5',10),(75,'nuxt官网','https://nuxtjs.org/guide/installation',1),(76,'koa2','https://www.npmjs.com/package/koa2',10),(77,'vue服务端渲染','https://ssr.vuejs.org/zh/',1),(78,'koa2学习笔记','https://chenshenhai.github.io/koa2-note/',10),(79,'weex原生','http://weex.apache.org/cn/guide/index.html',1),(80,'管理后台','https://www.ctolib.com/article/wiki/44721',9),(81,'企业信息管理系统','http://stardust.baiytfp.com/auth/login',9),(82,'axios中文文档','https://www.kancloud.cn/yunye/axios/234845',11),(83,'在线课堂-汇智网','http://www.hubwiz.com/class/55c2c01e3ad79a1b05dcc432',9),(84,'lodash中文文档','http://lodashjs.com/docs/',11),(85,'sequelizejs','http://docs.sequelizejs.com/',11),(86,'Mysql数据库建立多对多关系表','http://13145200724.blog.51cto.com/6263780/1370753',12),(87,'站长工具','http://tool.chinaz.com/tools/imgtobase',9),(88,'H5上传图片','http://www.aliyue.net/573.html',13),(89,'H5拍照上传','https://stackoverflow.com/questions/14069421/show-an-image-preview-before-upload',13),(90,'树形-无限递归','http://blog.csdn.net/jayhkw/article/details/68945087',11),(91,'金云龙','https://segmentfault.com/u/jinyunlong',9),(92,'avalonjs','http://avalonjs.coding.me/',11),(93,'zeptojs中文','http://www.css88.com/doc/zeptojs_api/',11),(94,'响应式html5框架','http://www.cnblogs.com/zhicheng/p/4389645.html',9),(95,'h5 input 新特性','http://www.cnblogs.com/polk6/p/5417921.html',13),(96,'vue微信端框架YDUI','http://vue.ydui.org/',1),(97,'kairosdb中文社区','http://www.kairosdb.com/',7),(98,'网易云音乐接口','https://api.imjad.cn/cloudmusic.md',7),(99,' canvas示例','https://segmentfault.com/a/1190000006258726',13),(100,'jquery中文文档','http://jquery.cuishifeng.cn/',11),(101,'kafka-node','https://www.npmjs.com/package/wmf-kafka-node',10),(102,' 尤雨溪-知乎','https://www.zhihu.com/people/evanyou/answers?page=2',9),(103,'腾讯课堂','https://ke.qq.com/',7),(104,'跨域','https://github.com/FatDong1/cross-domain',11),(105,'博客首页','https://www.xuhaodong.cn/home',9),(106,'ES6-babel','https://babeljs.io/learn-es2015/',11),(107,'jquery树形菜单','http://www.jq22.com/jquery-info7449',11),(108,'jquery树形下拉菜单','http://www.jq22.com/yanshi8172',11),(109,'统计数组字符串','http://www.myexception.cn/web/1751543.html',11),(110,'ES6新方法','http://www.css88.com/archives/5710',11),(111,'可拖动弹窗','http://www.cnblogs.com/adventureofraindrop/p/6086298.html',11),(112,'动态添加echarts路径','http://bbs.csdn.net/topics/390886673',2),(113,'vue中使用echarts','http://www.cnblogs.com/jasonwang2y60/p/6517931.html',2),(114,'echarts引入','http://www.myexception.cn/javascript/2026854.html',2),(115,'谷歌翻译','https://translate.google.cn/',7),(116,'百度','https://www.baidu.com/?tn=78040160_5_pg&ch=1',7),(117,'adminTLE','https://adminlte.io/',14),(118,'在jsx里面使用vue','https://telanx.github.io/2017/08/25/Vue%E5%9C%A8JSX%E4%B8%AD%E4%BD%BF%E7%94%A8%E5%85%A8%E5%B1%80%E5%AE%89%E8%A3%85%E7%9A%84%E7%BB%84%E4%BB%B6/',1),(119,'sql菜鸟教程','http://www.runoob.com/sql/sql-tutorial.html',12),(120,'云之讯开放平台','http://docs.ucpaas.com/doku.php?id=home',7),(121,'css定位','http://www.zhangxinxu.com/wordpress/2011/08/css%E7%9B%B8%E5%AF%B9%E5%AE%9A%E4%BD%8Drelative%E7%BB%9D%E5%AF%B9%E5%AE%9A%E4%BD%8Dabsolute%E7%B3%BB%E5%88%97%EF%BC%88%E5%9B%9B%EF%BC%89/',13),(122,'MySQL建立多对多数据表关系','http://13145200724.blog.51cto.com/6263780/1370753',12),(123,'Tiny图片压缩网','https://tinypng.com/',7),(124,'vue:keep-alive','http://blog.csdn.net/sinat_17775997/article/details/62231818',1),(125,'element-ui表格单选','http://blog.csdn.net/rickiyeat/article/details/76595343',1),(126,'wegame游戏平台','http://www.wegame.com/client',7),(127,'开发APP','http://ask.dcloud.net.cn/article/237',9),(128,'node-kafka','https://www.npmjs.com/package/kafka-node',10),(129,'npm官网','https://www.npmjs.com/',10),(130,'移动端下拉加载更多','http://www.cnblogs.com/Nick-chen/p/6439609.html?utm_source=itdadao&utm_medium=referral',11),(131,'element-ui树形表格','http://blog.csdn.net/s8460049/article/details/61414751',1),(132,'正则判断小数点后两位','https://zhidao.baidu.com/question/542540657.html',11);
/*!40000 ALTER TABLE `site` ENABLE KEYS */;

--
-- Table structure for table `test`
--

DROP TABLE IF EXISTS `test`;
/*!40101 SET @saved_cs_client     = @@character_set_client */;
/*!40101 SET character_set_client = utf8 */;
CREATE TABLE `test` (
  `id` int(10) unsigned NOT NULL AUTO_INCREMENT,
  `title` varchar(9999) DEFAULT NULL,
  `content` mediumtext,
  `test_id` int(11) NOT NULL,
  PRIMARY KEY (`id`)
) ENGINE=InnoDB AUTO_INCREMENT=15 DEFAULT CHARSET=utf8;
/*!40101 SET character_set_client = @saved_cs_client */;

--
-- Dumping data for table `test`
--

/*!40000 ALTER TABLE `test` DISABLE KEYS */;
INSERT INTO `test` VALUES (1,'num ++ 跟 ++ num的区别','一个是先运算，一个是先加值',1),(10,'什么是闭包？','答案一：<br/>\n闭包就是能够读取其他函数内部变量的函数。<br/>\n由于在Javascript语言中，只有函数内部的子函数才能读取局部变量，因此可以把闭包简单理解成“定义在一个函数内部的函数”。<br/>\n所以，在本质上，闭包就是将函数内部和函数外部连接起来的一座桥梁。<br/>\n答案二：<br/>\n当内部函数 在定义它的作用域 的外部 被引用时,就创建了该内部函数的闭包 ,如果内部函数引用了位于外部函数的变量,当外部函数调用完毕后,这些变量在内存不会被 释放,因为闭包需要它们.',1),(11,'闭包的用途？','它的最大用处有两个，一个是前面提到的可以读取函数内部的变量，另一个就是让这些变量的值始终保持在内存中。',1),(12,'使用闭包应注意的点？','1）由于闭包会使得函数中的变量都被保存在内存中，内存消耗很大，所以不能滥用闭包，否则会造成网页的性能问题，在IE中可能导致内存泄露。解决方法是，在退出函数之前，将不使用的局部变量全部删除。<br/>\n2）闭包会在父函数外部，改变父函数内部变量的值。所以，如果你把父函数当作对象（object）使用，把闭包当作它的公用方法（Public Method），把内部变量当作它的私有属性（private value），这时一定要小心，不要随便改变父函数内部变量的值。',1),(13,'什么是JavaScript 代码块？','块由左花括号开始，由右花括号结束。<br/>\n块的作用是使语句序列一起执行。<br/>\nJavaScript 函数是将语句组合在块中的典型例子。<br/>',1),(14,'css新特性？','平移、旋转、多背景图',7);
/*!40000 ALTER TABLE `test` ENABLE KEYS */;

--
-- Table structure for table `type_site`
--

DROP TABLE IF EXISTS `type_site`;
/*!40101 SET @saved_cs_client     = @@character_set_client */;
/*!40101 SET character_set_client = utf8 */;
CREATE TABLE `type_site` (
  `id` int(11) NOT NULL AUTO_INCREMENT,
  `name` varchar(45) DEFAULT NULL,
  PRIMARY KEY (`id`)
) ENGINE=InnoDB AUTO_INCREMENT=15 DEFAULT CHARSET=utf8;
/*!40101 SET character_set_client = @saved_cs_client */;

--
-- Dumping data for table `type_site`
--

/*!40000 ALTER TABLE `type_site` DISABLE KEYS */;
INSERT INTO `type_site` VALUES (1,'vue'),(2,'echarts'),(3,'react'),(7,'website'),(8,'map'),(9,'other'),(10,'nodejs'),(11,'js'),(12,'database'),(13,'html'),(14,'ui');
/*!40000 ALTER TABLE `type_site` ENABLE KEYS */;

--
-- Table structure for table `type_test`
--

DROP TABLE IF EXISTS `type_test`;
/*!40101 SET @saved_cs_client     = @@character_set_client */;
/*!40101 SET character_set_client = utf8 */;
CREATE TABLE `type_test` (
  `id` int(10) unsigned NOT NULL AUTO_INCREMENT,
  `name` varchar(45) DEFAULT NULL,
  PRIMARY KEY (`id`)
) ENGINE=InnoDB AUTO_INCREMENT=8 DEFAULT CHARSET=utf8;
/*!40101 SET character_set_client = @saved_cs_client */;

--
-- Dumping data for table `type_test`
--

/*!40000 ALTER TABLE `type_test` DISABLE KEYS */;
INSERT INTO `type_test` VALUES (1,'原生js'),(6,'html'),(7,'css');
/*!40000 ALTER TABLE `type_test` ENABLE KEYS */;

--
-- Table structure for table `user`
--

DROP TABLE IF EXISTS `user`;
/*!40101 SET @saved_cs_client     = @@character_set_client */;
/*!40101 SET character_set_client = utf8 */;
CREATE TABLE `user` (
  `id` int(11) NOT NULL AUTO_INCREMENT,
  `name` varchar(45) DEFAULT NULL,
  `age` int(11) DEFAULT NULL,
  `password` varchar(45) DEFAULT NULL,
  `role_id` int(11) DEFAULT NULL,
  `part_id` int(11) DEFAULT NULL,
  `minesign` varchar(200) DEFAULT NULL,
  `artsign` longtext,
  `avatar` varchar(200) DEFAULT NULL,
  PRIMARY KEY (`id`),
  UNIQUE KEY `name_UNIQUE` (`name`)
) ENGINE=InnoDB AUTO_INCREMENT=48 DEFAULT CHARSET=utf8;
/*!40101 SET character_set_client = @saved_cs_client */;

--
-- Dumping data for table `user`
--

/*!40000 ALTER TABLE `user` DISABLE KEYS */;
INSERT INTO `user` VALUES (1,'root',19,'123',1,4,NULL,'data:image/png;base64,iVBORw0KGgoAAAANSUhEUgAAAuoAAADICAYAAAC+nMSyAAAAAXNSR0IArs4c6QAANJFJREFUeAHtnQvcfdW093NSSfeLblT/ohSVSxTp8q/+JZIQL9J5u8q1vM4HIZ2KU/RWvC7HiffopRIH5XaQipBQUhRRdEHXUyLX7u8ZvzyD8Z/tvZ+1916XOff6js9nPHOsteYcc8zvXHvtueeaaz1LLIFAAAIQgAAEIAABCEAAAhCAAAQgAAEIQAACEIAABCAAAQhAAAIQgAAEIAABCEAAAhCAAAQgAAEIQAACEIAABCAAAQhAAAIQgAAEIAABCEAAAhCAAAQgAAEIQAACEIAABCAAAQhAAAIQgAAEIAABCEAAAhCAAAQgAAEIQAACEIAABCAAAQhAAAIQgAAEIAABCEAAAhCAAAQgAAEIQAACEIAABCAAAQhAAAIQgAAEIAABCEAAAhCAAAQgAAEIQAACEIAABCAAAQhAAAIQgAAEIAABCEAAAhCAAAQgAAEIQAACEIAABCAAAQhAAAIQgAAEIAABCEAAAhCAAAQgAAEIQAACEIAABCAAAQhAAAIQgAAEIAABCEAAAhCAAAQgAAEIQAACEIAABCAAAQhAAAIQgAAEIAABCEAAAhCAAAQgAAEIQAACEIAABCAAAQhAAAIQgAAEIAABCEAAAhCAAAQgAAEIQAACEIAABCAAAQhAAAIQgAAEIAABCEAAAhCAAAQgAAEIQAACEIAABCAAAQhAAAIQgAAEIAABCEAAAhCAAAQgAAEIQAACEIAABCAAAQhAAAIQgAAEIAABCEAAAhCAAAQgAAEIQAACEIAABCAAAQhAAAIQgAAEIAABCEAAAhCAAAQgAAEIQAACEIAABCAAAQhAAAIQgAAEIAABCEBgcgJLTl6UkhCAAAQgAAEIQAACExBYzsocYvpc0ytM/2iKQAACEIAABCAAAQhAAAIdEXiI1fsm0/+f6J4dxUO1EIAABCAAAQhAAAIQ6D2BhxqBs03TQbpvL9t7QgCAAAQgAAEIQAACEIBAywRWtfq0vMUH5YPS01qOieogAAEIQAACEIAABCDQawKrW+svNk0H51cP2PcPvSZF4yEAAQhAoFgCvrZT6ztlIxCAAARyJ6CZ9HSAru3NTB824NiBtg+BAAQgAAEIFEfgCIvYv/DeXlz0BAwBCPSRgF+zPP2sQdDg3cX3x9SPkUIAAhCAAASKIRAH6vpS02wUAgEIQCBXAntbYHEA/v0BgeptLzGPbAQCEIAABCBQHAEtd4lfaG8urgUEDAEI9IWA1prH65XsQUv2BuXj7S99OUtoJwQgAIEZI/BWa0/88ltmxtpHcyAAgdkg8AprRrxWrTmiWTGf7O1H5OUQBCAAAQhAIFsCGpinX2rZBktgEIBALwmsba2O16nXzkMh5pXN3cJ5gHEYAhDIh8AiC0WKQMAJpF9qJ/gBUghAAAIZEIjXqBstnvleuXiN5YllTs2gDYQAAQhAYCCBNWzvXqZ6Mj5euJ41MDc7+0jg1cm5ofNkpT6CoM0QgEB2BPa1iOJ31/MqRPiBpMzXKpQhCwQgAIHWCOxkNcUL2yCbgXpr3ZF9RYMevlo5+6gJEAIQmHUCy1sD0++vQQ+Qphz2T8pdmGZgGwIQgEBXBE6xitMLW9y+0o7v0VVw1JstgadbZD8wvcn0VdlGSWAQgECfCPzYGhu/v9av2Phtk3K6tiEQgAAEOidwtEUQL2rRfpcdW63zCAkgdwLzrf3MPX7igwAEZoNA+l9GtTa9qqxlGeP336D3rVf1RT4IQAACtRDQq6rihcnt5WrxjhMIQAACEIBAewT+xary7zGlq49RdTrIv2yMsmSFAAQg0AiBL5rXeFGT/YhGasIpBCAAAQhAoDkCWocev8/uHbOq9Lmb68YsT3YIQAACtROIFzW3a68EhxCAAAQgAIGGCWxo/v17TOkWE9QXy188QXmKzCgB1nfOaMcW2CzehV1gpxEyBCAAAQgs8eyEwU+S7SqbehDV5Q43SCEAAQh0RSDOHsg+tKtAqBcCEIAABCAwIYGHWrmfmfp32msn9PNfwYd8IRCAAAQ6JeAXNU+/0mk0VA4BCEAAAhAYn4BeFevfY0qfNL6LB0qkr3ac0A3FIAABCNRDIF7Y3K7HM14gAAEIQAAC7RC41arx7zClky4p1j85in7aiZ5asicw6QmVfcMIMHsCr88+QgKEAAQgAAEIjCaQvobx/tHZhx69LTlS5T+aJkXYhAAEIFAfgfS9sZpJQCAAAQhAAAKlEND//Yiz4B+dIvDTEl9LTeGLojNEgBn1GerMwppyZ2HxEi4EIAABCEAgEnhG3DD75GR7nM17ksx6SBWBwMRrqUAHAQhAAAIQgAAE+kxg66Txlyfb42ymE6dLjlOYvLNLID0xZreltCxHAmeGoC4INiYEIAABCEAgdwKbJAH+NtkeZ3PpJPN9yTabPSXAQL2nHZ9Js+M/ibg+k5gIAwIQgAAEIFCFwGpVMlXMs0qS7+5km82eEmCg3tOOz6TZeqDU5Wo3SCEAAQhAAAIFEFirxhgfnvhiRj0B0tdNBup97fn82n1NfiEREQQgAAEIQGAogfgKxS8NzVXtAG8+q8aJXBCAQEsEHmn1xNdaPb6leqkGAhCAAAQgUAeB+B2m/yw6jVxqhaO/aXxRdoYIMKM+Q51ZWFN2SeK9KtlmEwIQgAAEIFAKgWknm24qpaHE2S4BBurt8qa2vxN4+d/NB6z0HbLJYTYhAAEIQAACM0vghtCy24ON2XMCDNR7fgJ02PxtOqybqiEAAQhAAAI5EbgtBPPtYGP2nAAD9Z6fAB01Pz3vzu8oDqqFAAQgAAEI5EAg/rfu63IIiBjyIJAOmPKIiihmncBTkwa+JdlmEwIQgAAEINAnAn8Kjb0l2JgQgAAEWifwHqsxPt3+0NYjoEIIQAACEIDAdATi95jsaWQzK6xntaSbT+OIsrNFgBn12erPUlqzVxLovck2mxCAAAQgAIHcCVwUAox22F3Z1PegJq2kvFyhMjYyQgACTRCIsxBvaKICfEIAAhCAAAQaJhC/y6adUd/HYnV/shEIPECAGXVOhLYJpOfc6W0HQH0QgAAEIACBzAjEh0mjnVmYhNM2gXTQ1Hb91Nc/Auk/hbixfwhoMQQgAAEIQGAxAreGrWiH3Zh9JMBAvY+93m2bH2LV+y3CfbsNhdohAAEIQAACWRC4K0QR7bAbs48EGKj3sde7bfMWVr0G65JL/prwFwIQgAAEIFAcgV+EiKMddlc249vPol3ZARlnkwAD9dns15xbdXwILr43NuzGhAAEIAABCGRP4BshwmiH3ZXNNULOaIfdmH0kwEC9j73eXZs1k75WqP66YGNCAAIQgAAESiLw5BBstMPuyuZ6IWe0w27MPhJgoN7HXu+uzauHqnWb0Neqh92YEIAABCAAgSIIxJnvNaeMeLlQPtphN2YfCTBQ72Ovd9fmp4aqPxFsTAhAAAIQgEBpBJYKAU+7rvzm4CvaYTdmHwkwUO9jr3fX5oND1V8NNiYEIAABCECgNAI/DwFHO+yubN4dckY77MbsIwEG6n3s9e7avGeo+opgY0IAAhCAAARKI3B1CDjaYXdlc9WQM9phN2YfCTBQ72Ovd9PmJZNq70i22YQABCAwiwR07dvSdN1ZbFzP2/S90P5oh92Vzd+EnNEOuzH7SICBeh97vZs2b5hUe3+yzSYEIACBWSKwmjXmXNN7TS82/ZXpF0xXNkVmg0AcUN8+ZZOuCuWjHXZj9pEAA/U+9no3bV4Yqr0g2JgQgAAEZonAVtaYk01vM905adgetn2dqf/Tt+Qwm4UR2CjE+4RgT2LqfHGJtu8j7SkBBuo97fgOmn1IqPMDwcaEAAQgUDIBfY/uavoZ01+aXmi6v+kwWckO/NOwg+wvioDulrioX6eR+ABptKfxSVkIQAAClQnonemu8d2zlR2QEQIQgEBGBBZZLFru4Ne1NNV/Xn6z6TKmqwzIF1/tZ4eRAgkcZDF7v39syvj1DIP76tPzDI+ydh9q+iXTn5nGl07YJgIBCLRBQLd5/QKkFIEABCBQKoEnWuDxehZtLVl4telTBjTu8KTcPw/Iw66yCGwd+vSUKUPfJPiSPauiH676gXODafzsuH3prDacdkEgZwIrWnD+ITw/50CJDQIQgMAQAsvbfs2Q+7XM07Ns3y6m8/3DGy2R8TKe2i6kYAKaDfa+nPaf+MUfgE8omMmg0Ne2nYcFVs4spjfb8Q+aLjBFIACBlglodsk/kLu3XDfVQQACEJiWwE7mQP/7wa9jSnebwGksLxspm8DjLHzv009N2ZRlrfx1cyq7ZNHk3Gameh5t1PKwb9nxZ5s+zBSBAAQ6JHCE1e0XM63VRCAAAQiUQGAFC/Jrprp+6QG//zLVZIOW800iR1ohvxYqzXVApreZHGv6FdPjTDc2RR5MYAvb5f35/gcfHmuPzgX3let5MaxBupv0ZFOdM1prfo2ptyVNT7Bj65kiEIBARgT0gIh/WDMKi1AgAAEIDCWwnR3x65bSt5hq4D6NxIGdfD5mGmcNlNUs6Lmmsd3R/rAd0+snkb8S0D+ycj7TvslH69Ldl+zcZQML8B2mt5l63J7qQWrZ55lqYL6N6XxLwywLAgEIdEXAP7yanUEgAAEI5ExAs+Unmfp1S+n2NQWcvv1FS2pyED3gp+eHYpvns0+3/KXN/NbN+mWB2Rlm6zmESUWzzM48xxlnrTN/pemvQpwer6e/sGMnmm5qquUvCAQgUACBh1uMerr796aPKyBeQoQABPpLIC4/0ODjd6ar1ohjKfPlgxql+9Toe1JXmiGPMY1rP3LSimeg3AEJu/Nse9LB+hrBl+yuROvFdc4/z1Qz5noLy6hz4go7rvO4zs+JuUMgAIG2CMTbeRq0IxCAAARyJJDOdr/Hgpx0Lfqw9mkQFwc9bx2WsaX9i5J4PLa7bP8z5mJYztIXmJ5i+i1TzxNT291LeaO1OnKQ/RfTSe40rB58yW5CljSnK5k+3nQP0zeY/l9TPYdxuel1c2napnT7VMunZVJICwRYM9QC5J5XcUxo/5+DjQkBCEAgFwKaDfxNCGZPs78Qtusy708cdfmQpuo+J4lHm28y1bpiDc4kWm985pxqW6JXCWqm1eXJZlziGz1K1xnQVs1I+3ed2J1nerPp8qZaPrKhqQbL95n+3PR7ppI4OP8P25YP6W9Nf216i+ntpn80vddUP/pky6986hxe31T9uqmp6ppEbp0rpIG76r3S9NumivNGUwQCEJgxAv5L/IIZaxfNgQAEZoPAytYMv04pfVLDzYp1aUDWhWiSLsbh9vpjBLND8KE1/X2Uz1mjnV0XqX741VHv1ebnPaZ7mz7CVD82EAhAoAcE9DCJX0Re2YP20kQIQKAsAukgfUEL4Wsm2q+LX2qhvkFVfDzE4LGsNijjPPu8rNI+Du70uk5noFlyt3NOv2txasnVVqYrmCIQgECPCbzI2u4XrPV7zIGmQwAC+RHQwFK3+f0atW5LIV4f6lTdbYuWSXibPdWr9iaR062Q+2j6TsQk8TVdxtuuVKKHhV9reqdpPDbK/rDlfb/pGRXLaEnK/zM93HRX06eYbm36GNM1TPWDYVlT3TVBIAABCIwk8CM76hcoLhojUXEQAhBokYCuR5839evTmi3WfXGoV/W3KXqY8DJTb7fSbacIQGvV3Zdmafsm3nalqWjA/FzTE0y/bvpN0xNNF5pqQJ+KXsno/mQjEIAABBoloLcl+EVn0EWs0cpxDgEIQGAIAQ1WP2Wq65KenWn79r8GbV1dG9+b1P16255G4tKhPv6fjDr7UUtR3J9sBAIPEGCWkxOhKQK69eai23pdi9ZfPs30Uaa6Pain5a81vdD0JlMEAhCoj8CiOVfn1ueyFk961aAe4NzIVEsNXmp6j2mbojd3RFnaNu6OOxqydze/hwbfx5r9nrA9iRlnhjWD3Cep+wfeHwK8aIfdmBCAAATqI6B1ej478Mj63I7tSWsvPY5R6cvG9kwBCEBgEIFn2U7/rMnORdayQK41VWwfN9XMehdymlXqfJQu30IQmqiIdcquo/2a+HC/n26hHTlVsVto+xdrCGyd4E82AgEIQKBRAneYd7+A632vXYjWXnoMVdIfWP44Q9RFzNQJgdIJ6J+n+OftxZk0Rv8V2WPSA5B1DFInbZrq91iUNj1Q1/U31id7ddM6ZGNz4r6PrsNhQT70MKe3fdolRGq2Xovo/mQjEIAABBojEL8Y/txYLaMdP9MO+0XPUy1zOcz0eNOzBhxXvtxu1VtISEJga9s+yVTvMP6h6RGmq5gi3RPQckr/vCndsvuQlnhqiOlys7v+Ma5rTGTU9BJU3S2M9dU5oI7rqg+0evokWjrlXB9fQ8O1JNP9yUYgAAEINEYgzgzENZGNVZg4XmjbfsFTqhmsYTJoacx2wzKzv1MCy1jtF5nGvo22BuxItwReZ9XHPunqbppTiMtw9FzKsn6gw/RiqzsyajqUWJfsOu8m7Bja8rymG5KZ//gO9Tp+bPHWl8w6mHAgMMsE9rbG+ZeD1oW2KdtYZV630v0qVJ6W+UOFMmRpl4DWbMZ+HWbXcQu63ZbNVm2XJP3UZev2C7HolYRdz6Q7izYZpcv/dvAgakp1fffPYpfPItXUnLHceLuV1iGbmhP3KRuBAAQg0BiBc8yzX3Aaq2SA413m6r1/LtXDPlUlzo4o9kdXLUi+RgloRvY1pn4+xfRHQ/av2mhEOB9G4CFJf9xn29rXhbzJKvVzRctd6pxFnrY914bYFGOTcpU5dw5K6+6PNc2nJjakbU/KWJWdia4xzlWv26xDdLfnujnN4c5PHW3CBwQgkCmB2y0uXcS+0mJ86ay4/lvbOPIWy+wXXqXfGKcweWsnoC/Ck03vMY39Ivvdpi7p4FDHP+AHSVslkK5PV1/UPTCs0qD9LJOfMzd0FMOoOL8b4lOcTUn62dizgYq2N5/OelED/qu41H+Y1bK4NiXe4atrqaQG586SgXqbvUldEOgZgYdbe683vcN005baHm+/6kKnL49xRXH7RdLTcX2Qf3oCupPh/AelTxhQxdoDygzIxq6GCWjpQ9pnDVf5IPc7hRg0SO96jfyDArQdegjaOf1kUIaa9r0k1PNjs5euyW9088RQx47xwDy2BqKPMtWD4YeZnmZ6palzudFsve7xcNO9TZ9jqgdXF5rqDtuZpp43ptr/fNOmfyBqSZEmEf5iqutPHaLvS2/LJnU4xAcEIACBQQQeZzv9YqPBb9OiL2KvT+nLp6gw+pGtGUKkHQIbWTUp/7j9Cjs+atAV88rWjBfSLgG9+SLthzYjeGyo/1qzc1ruEjl8KMQ56kH3WGZce7lQh/pEg/YmZD1z6n2+w4AKNGDW3c13mF5o6nmV/inZjscG2fePmf9dlr+pc+CSEEtd15qNg88FZiMQgAAEGiHwefPqF9lGKkicfjDUp1vK04jH7am+hJBmCWxo7n9v6szTVO+21+zbfJKWO26+AhyvncBm5jHth9orGeJQ7yKPdS81JF8Ou/cIsTb1ppS3hzrEpakZZr1G0LmrXZI1Tf/d1PcPS++tkCeWHXeg7mXXt3rqFvettC7ZwBy53z6t96+LH34gAIGKBPxCc17F/NNkS5c8THtrVw+defxKt58mOMoOJaBBwzamZ5tG3qk9znMGHxvgy3YhLRJIP4/qzzZEd1quMfXzR7PJOYuWcXissuuWtB/eUncFwV98qPJrtt/bNSr9vuV7p6neb6/lL/qRlYpmwlcy1Q/5LU11Ldb1QGWebrqeqfo9in6cvdR0UN368VCXxDbfWZdT86PlLh57nfHWGCKuIACB0gmsYA3wC83+DTdGgz2vS6ku3tPKF81B9LlwWoeUX4zAKrZ1vGlkPMjea7FS1TZ2G+C3Wkly1UVAA6W0P+vyPcrPJ0K9q4/KmMmxo0K8suuWW8xh7Idl6q7A/GmQ/GTTY0xjXYPsX1ieF5qubNqWHGoVpbHUtQxmn+D7rBobtDD41Q8YBAIQgEDtBHY0j35x1IxHk3KiOfe6jq6poi8Fn/K9UU1+++4m3ur3PhuUPnsKUCta2dTnFO4oOiGBtvtg79Dvm00Yc9vFtHbaOcmuU9KH4l9do3NNxPwv0xtMPf5h6fssz7qmXUo8NxTnG2sK5grz4+1+a00+5UYTFO53gxr94goCEIDA3wh82iy/0DT5IOa2oR7dRq1LLjBHHr/SaZfS1BVXiX50Ozs+rxC5RlsP021RUwOjX9m664K0SyDtgyZrj+ujn9tkRTX7frf5c06y65T4FhbVsf6UzvUZepmpxzsqPdbyVXmeZMqQxip+a4hdb2lZaqzSgzNHBjsMzjLR3oVWyn2vOJGHcgotZ6HqR+qBplyny+k3Ip0BAn6RUdqU6Nb2n01Vx09N9YGvSy42R220oa54c/SzacIw8kztJ9XcgNR/HV/KNYc48+5+FPr/kgZbqy93/yGomdKSvuxPDoxk1yn6gZx+DiaZcNBymQ8N8BV9H2nHXxDyLDQ7N9Fa7xiz1sZPI+kdi0nYDqt/dzvgsdb5vTasvi736y1E3tZHdBkIdUOgTwS0ZtE/eFqT2ITo4aJfmWpm5FZTPdRTp3zPnHkblCLVCGiQ9ArTyG6U3dSbLtI604fNqrWGXNMQiH1w/zSO5in7Jjv+S9MzTEsapKtZnzV1TrLrlg+bQ/fv6fYVKllgeV41oKz78FQz5z5AjcvaHmn7c5QjLCiPXek0b1TRUqLoq872Hhp8TxNjnTE15StyrOvZgaZixS8EZoaALix+ATuogVbplqr7V1r3bKxC/maoQ7P2yGgCq9nh/zCN/TLK/pjlbfKinNY9OnqONkGgjT7Y0wL3enIdHI5i63cC1AbZdcugWXXnpVR3Ii8y1VtavmEaj42yv2x5dR2OEgfBcX9Otn5UxHZNc6cn+jmv5kbGyY4SHoqepvlvCH1S2g/tadpNWQh0SuBtVrtfxOr+8tRtQPetVLfNmpDPmFOvp4kv0CZibtunZqmfZXqTqbOaL73F8rZxKzeNw6pFWibQdB88ztrjddT1cGDLiJaIb5f6QkOV68FP5zRt+hfztcaQOM+eq+d3Q47nsvvMuTidhfiMK3ruyssrXTSug3ny68047r/uu8XzVN364feFtrZeORVCoK8ErrOG+0WmziUHywS/8v9m06bkJHPsbTixqUoK9qu1hD8OjJzVsPRuy7tKi+1N42ixaqqaI9BkH8TBp5bAlToTd4bF7pxkNyW6Dn/U1OsaNz3Xyuqu2Si5zQ7K7/tHZcrgmGaoY/uPnCCmzRMfdd8dfE7wP+yH0QRhZ1nkstDWLAMkKAjMIoF4Eayrfekty6+b4ya/nHcw/1pXK32GKbLEErsYhJNNY//OZ2uWsI0Z9LR/0rjS42w3T6DJPrjawnf/8w0gm2/p5DV8IrRDdtOi6+iLTL9r6vw8/YHt+42p0lNM9zOtOkjUw9ruZz2zcxeP1dNx440P12r5UN2iZ3c8to3qdp6ZP2+nUgQCEGiBQFyaclRN9cUvAX2Y/2xa50z9oDCfYjv9ArLNoAw926clLs6jSrqX5W+6j0Z1wb0h3ptGZeRYYwTS86Suio43R+77uXU57ciPZp+9LbnPRI9CpMH5zaa6y6brde5yuQXo3JWOK7HsvuMWrpA/Pnvx1Ar5S84SWZbcDmKHQDEEdrRI/YP32Bqi1i1F9+dpk+9l95D3DfUe7jt7nFYZqGutoV6BloNca0H4+XJhDgH1MAbn72kdCDYO/Sq/pctR1gDnI7tU+YgFrnboTkcJEt80oriXGSNoXeO8z5TqLkXdso45/KPp7021zHBWRZM5keWstrO2drUx+KktWBxlS+DgENmVwZ7E1NIW3aKNotkazZY2LXpoymVZN3qcfsXavoup7phohlpfHlI9OHa96aWm95nmIpqdPHEumNNyCYo4piKgH+3xmrL2VN7yKHxXCCPaYXcR5j5zUX6/iGj/+pabGOqmtvHDuGOE/cRw7HSz9fxN3aIll7rWSpr4IfBXz93/9TYqklu7Dyf/CBio599HJUS47VyQdcxi6mHReNtP52hbg8E7AuwSbuWGcBszz23Mc/2OtTzKpe4HvdwvaXUCN1bPOjTnx8ORd5utpRalSxycR7ukdukVkD6Y/Fghgf88ifPxtl1loK7JowNC2U8Gu05zk+BsK7ObeMd+qKIz89Gh5rODjTmEQJfrSYeExO7CCDzc4tWF7A+mr5gy9hdZ+WPnfGh2QbPabQ3SVW2sa1XtQIoisCBEu2WwMbshoDsv04iWArw4ODgs2CWb51vwur5JZZcocTLle4U0QLw/GmKteo1fzcr8j1BOb7ppQuJ4TEtDZlX+MTTsW8HGHEIgnhhDsrAbAiMJPNaO6r3pK5imMxYjCyYHN7ftT83t0+0wDdLvnNtuK1EbXDRIQMoiEM+XeHu1rFaUHe21Ifyrgj2uqR//N4RCu5rdxvK3UGVjpu4S6ru35O/ftwY60/4gC64aN38WavifwR5lHpUcvCjZrmszXrNKvdNShYUm5FzSZa6+nzQQKPlCEZqB2SEBvw2oB2Di0oNxQtLMxnlzBTTYX2B699x2m8nKoTLNoiBlEYgzXSx96abvPhqqvSDY45o7JAXOSbZL3twpBL9FsEsx9SNq0Vyw11la0uzv9XNxK9FbvtSW+eQ1SYZ45zU5NNXmuqF0U3WEKjozYzv1xiBkHgIM1OcBxOGRBJayoxvP5fjiyJzDD+of4ujDuqKpHljULdVJB/xWdCqJF0fdJkXKIhBn9lYqK/SZiTb+wF5jwlbpuuI/3OViwwn95FpsgxCYJjhKk7is7NTCgk/v8uh7Z5ToXGxL1gsVxc9R2F28Ge9a69wv6UdeZ/B1Cw6BwKQEDggFPxLsqqZu9d0eMj/P7PhAZzjUivmbUMss33oMzZxZc82ZbVneDYvcd54w1CNDuV+bfW3YngVzq9CIOMMbdmdtHhGiOynYJZg/TYJcx7ZHfefsn+SPkwHJoak343hMk1azKM8KjfrfwcaEAAQaIqBfw67xIlOlOj2E6mWVHlelUMN5DgoxndlwXbivn4BuUfs59Zf63eOxAgF9+XofKB1XHmYFYvm4HG1cX7nmj+3T8z0liZaUxfhLit1jjfFv5zuHpDGv7A8OyVfH7reZE68vzq7X4TsXH+eHNvrd+FxiyzYOlr5k2zXZB7ZMiPBKs8d50Gtpy/+nUP5Ws98ctrsy44+NJmdOumrfrNe7VmigBnxI+wTiHbJJav98KPQ6s2f9c1jazOnLQv8cGexSzXEHi6c22NC4DGrrBuvp0vW2oXI9j4ZAAAINEjjGfPuv/8ePUY8e3vFynsZ1a2O4qj3ri0Ns8fZu7RXhsBEC/xb6T+cW0j6Bl1qV/rketw8ek5SNP5zbb0kzNWpybFI+zUQ0ntcYe6k/hmMb3jKi+c9M+krlmpzc3C3U96ERcZV6SMuMnP1LSm0EcUOgFALpYHuci9e51kj/sCrdIqNGLwqxxZmjjEIklBEE/jX0n84tpH0CelAyfr51ragi6ZIKPVQ+i6KHnCOfktq4a4j96JICT2KN/N+RHIubMZ/b8XjdtiasvB7dZZ41eZE16D5TLUtce9YaR3sgkBsBzaD7BeXLYwR3cCin8ieMUbaNrAutEm/Xc9qokDpqJfC+0H/qR6R9AumP+KprbfezUP2zd6XZVQf47bdwuho3Ce0s6RxNf0iVOpuu3vtw6IPDtWOAPNH2+fno6T8PyFfnrvSzU6fvrn2Vfiepa37UD4GxCXzcSvjFq+rM16ALX25fxvFW5x5jU6FA1wQ+EM5Lzdwg3RDwa4PSF1QIQc+7xDKPqFCm1Cz64RLbWko79LyAx/36UoIeEufxoS2D1pynA2Zvt36sNC3/aBXcb3qP6QLTWZGdrCHO8buz0ijaAYGcCeiBMf/QVRlsx1t6Xm75DBuoV0d5fLtnGB8hjSYQZ9SvGZ2Vow0S8M+Q0kMq1KNX/HmZPSvkLzlLiTOLelbA+0epfliVLCdb8N6eywY05J/Dcc83ai37ABcT71oQ6n7txF7yK3hBaFeVH+/5tYCIIFAQgUdarFpjpre8PL9i3H6x81S3f3OUNS0ovVNXKhspi8BhFq6fY5P+A66yWpxntLo+eD+8bZ4QtVbV837G7Fl8gDRF4O1VWsJ1Ruu4PeacnilKuVbd/lxoz8+SQhuEY95mpVUmpBJXE2/GekteYuQA0jtmejUzAgEINEhAt+b8QqJB+3xylGXw/ErbmpmYL65Bx/WfFD1W2UhZBPTD0fvviLJCHxntsnZUM816ELEEOceC9H44akTAK9qxy011q/9O0xIGrRbm1KKZUuejf2Ofs8S7oZppbnPA2hSXq8yx878lVKIfIb4/puuFPG2YZ4U4cv6+rMriX0J7tKQHgQAEGiSQPlA0X1VPtgzxgqfbXzlf6HcO8cpGyiKwjYXr59us3F7V5+Xs0K4SZtgOCvG+xOxBomvJ1abeX58YlGlG92lw7u3O+Qelzr2jTO82vcFUg/ZZEGfv6a+sUW6n6Qs7aPCmSTz6oV6qpGMGvfkFgQAEGiSwo/n2C9mF89Sj2TLP62nut7W3CzHLRsoiEH8Y7lBW6EOj1WDJPz9Khw18hzro4MB+VqfHPGydrQbmnkdplbtzlm0mRA/Lxrarj3OUp1tQHufROQY4YUyfDu3y9g1K9ZayrkQz/R7TrWbr2YYS5WQL2tuhNNdzvUS2xAyBgQR0m9o/dC8emOOvO/Vh/HXIqzIlLCV5UohZNlIWgThT+YyyQh8Z7RV21D93SnOXt1uAHq/WnafyStvhx5XO96M/LT8L27H9G2TYoHSiZekMY5w0pNWsYOQ/yO56ombVJMavTtrYDss9JmlD10w7REHVEGiPQLygjZodP8JCinnjvw1uL9rxa4ozsrKRsggssnD9vNutrNBHRntAaJfal7scZwF6P1ySBLtVOOZ5NCjpm3zWGuztPyjDxn8zxKfr+azJo61B15t6H3h6gu1bNpPGarLB41Kq2EoR/bCLsf+8lMCJEwIlE9jZgo8fvGFtOTTJd/iwjBnuj23UoA8pi4AG536OPqus0EdGu1dol9qXu/wfC9D74fYQrB6G9f2enhqO98ncNbA4P7OGpz+mlsosvrrDybl9WtPtnxWlr6+78Q340zKd9C5gCc/WNIAClxBol8C3rDq/YAx75drTQh7l/YFpSWvStP7X21jCWmALFwkEVjf7t3Mqe1bkQGuIn5dKc5cPWYCD4o373M55kNQk5/g2lZz6dPmk77ZvEgK+KxFI76i9oVKp7jK926r2z7fSvrzNqTvi1AyBOQLxgzdoTeVyli/mkV3arHScuXwhPV8cgVXCOSh7VuTN1pD42cq9XYMG6qcnbVB79s+9IQ3HF/v0UQ3XVdV9jOmOqoXI1zgBfVZi37ym8Ronq0B3MmOcLCGdjCOlIDA2AX2JxA/foFnyO5M8yl+axNf7yUbKIrCDhevn6SzNBB4T2vWLArpEy1m8H5Q+Otn2YwU0pdEQtX7fWZzYaE3VnH8xxKO4ZuV1jNVan3+u9yb986rMQo5vCdL5s0dm8REOBGaawC7WOv9CeeuAlj4zHPd82w7Il/uuOKMuGymLgO70+Pm3blmhj4z2jaFduq2cu8QBn9aoe5/EdP3cG9FCfC9N2LRQ5dAq4o9B9dPThubkQFcENEF2tmn8HOluWw6ysQUR4yrp2bQc+BEDBKYmEG9b6yGoKA+1jfgBdTvmKcXWKyc9/lGvnyylPX2Lc53Qf3pX9azIYdYQPy9zm0UbxDi+0eRXIXZvw1mDCvVw39IJm66Wa8X+Uh/lvga6h6fK35qswbp/jjzVg5v6Hu5KNrSKPRalPzD9h66CoV4I9JFA+nDRGgkEPbwXP6Syd0/ylLK5U2iLbKQsAptauH4utv1vv5skdVFo19FNVlST7/jD3vsjpkvWVM8suIl9+42WG7SM1fcd09g3+lGI5E0g/YHn/af14W2L7px7/Z729QHxttlTHwT+RuB4s/wDqDTKIbYRj7kd85RkPym0RzZSFgF9Ufk5uGVZoY+M1tuktITZzn8L/RBjl73ryJb27+DqCStttyFrWyVp37ykjYqpoxYCmlk/zzTtQ+3buZYaRjvRj+2Pmab1rzS6GEchAIEmCMQPYvyHC+n6Ss+3eRNBtOTziVaPt0M2UhaBPS1c778nlBX6yGi9TUpfMDJnHgf3szBizNHOI8K8ovhqwkuDsCZlR3Me+0T205usEN+NEdjBPKd96dt67mCtmmvWXZj0eQavb+Wa68IdBCBQkYB/CJX6A5avMzvud/sdFX3mmi3+J7gSH4bNlWtbcT3XKvJzcUFblTZcjwZt3ialmgnNXQ62AGPMbs/ScqQ6+yBdyvCuOp0HX6rnbabeH0rvNm1rFt+qQhoi8DLzG5dRxT6O9sWW72RTfUafb7qD6XzXFK0313fjaabRl9uX236dWwgEINARAf8wzpfqTQ+lS5xpko2URUCvA/PzNH2WoqyW/D3auBxLbStB/tWC9H7w9KMlBN5hjBskzJ5WcyzPTvyrX4417fIhxJqbiDsjsMj0MlP/3E2S3mDlv2d6ZQU/dZ+nViUCAQiMS+AkKzDfh/3Tlkczf6WLZpZ+N6fMMpXXm7rj4+fqrNyGPTO0SW0rQU6xIL0fPH14CYF3HONTEm6bTRmPfqwenfj0/uCO4ZRwMy++vsV3wZC+93Ng0vTj5pe7Y5mfAITXLwIrWnNHfaD/aYZw6JV+3tZZer3fDHXRyKa8PPTfCiNzlnPQz0elBxQS9oUWZ4y7qaUcheAYK8yFCbv5BtSrWf4tTV9i+iHTy00j+9T+jh1f1RTpDwEtS9GPNr0Va2vTXU31PI+WQX3dND1HBm2/1/LNdy5aFgQCEOiKgB4geYPpbab6EOvW2L6my5rOkmi5i1+kZCNlETjKwvX+m4UZ3FVCe9Suh5mWIOk/OZqVH01tsdeD0H4eK73J9MWmesD9OaYnmP7UNOapYmtpGAKBYQQ0mNdzPkeaHmO6r+n6pggEIACBbAjkNlB/iJFZKhs6+Qeih6R8wKJZpNIlno96kKsU8T7wtJS4c4pzIwvG+U2T6ryZpTcg5dRHxAKBVgjwIEkrmKmkEAJ6ut0l2r6vzVQDzTNM1zTdzVSzlMhoAvG5gntGZy3i6HYhyn8PNubsE/i5NVF3hbTk4OVDmqs83zQ9y/SXpnq+5temd5kiEIAABCAAgZkj8Dxrkc9eye5KNJP+ZVOPRbNryPwE/tOyOLP5c+edQ5Mo3halK+Ud7mLR/SmJfbGDbExEYIGV0lr0R5sub4pAAAIQgAAEekdAD2T54Eh2V/Ipq9jjOK6rIAqs97zArcDwFws5/mjUuVCSaG29Hij9iSkPZZfUc8QKAQhAAAIQyJjAQovNB8iyuxDd6vYYrjdbs+tINQK6/e/sqpXIN9eloS0fyTdMIoMABCAAAQhAAALtEFhk1fhAT3bbcpBV6PUr5W0Z4/XAnYHfeCXzyq3nI+J5sHle4RENBCAAAQhAAAIQaJ/AflalD5Bktyn6F81et9Kntln5jNQV+ZXcpPiDUW3irkrJvUnsEIAABKYg0PWbLaYInaIQqJ3AvcFjtMPuRkw9IPbt4PmdZn8/bGP2h4AG5eeE5uqNHxqsIxCAAAQgAAEIQKDXBF5orfdZ2b1aIqFXCnqdnjKDOhl856e0VNnJAo/tmIX3wZfaF8QNAQhAoHMCzKh33gUEkCmBNgbLek/yrUn79d8nSx5oJs1pdfO+udpSpq0GMWVlp4fyzzf77rCNCQEIQAACPSPAQL1nHU5zRxKIn4dojyw04UH51/umo+i1dvyzkkhkPPs3c9l/OV6xbHLroVH9gyvJxaZfesDiDwQgAAEIQAACEIDAEvrHQprBlD6mYR5nm/+4xGFBw/X1wb3+e6uYXlZgY5eymC+Yi19t2KzANhAyBCAAAQhAAAIQaIzAJubZB8+ym5L4rnTV99imKuqZXx+o/7TAdh9oMfu5980C4ydkCEAAAhCAAAQg0CiBfc27D5ZkNyGHmFOvQ+lTmqikpz6vmGN7UWHt13KXeE4wm15YBxIuBCAAgaYINL0Ot6m48QuBJgisGJxGO+yeytzTSr8veNjZbK1FRuohcO2cm9/W464VL0taLTeHmrT85cdhGxMCEIAABHpMgIF6jzufpj+IwHJhT7TD7onNl1rJz4XSzzH762Ebc3oC/hBp+pDu9J6b8/DJxPUzk202IQABCECgxwQYqPe482n6gwj8OeyJdtg9kbmrlYqv3Tvctnmjx0QoRxbymen7R+bK5+C2Fore3e/yAjNK+pHhcZNCAAIQgEBDBBioNwQWt0USiLPo0Z6mMRtb4a8GB7eZ/a6wjVkfAbGVaDlJ7rKaBXh+CPJSsz8btjEhAAEIQAACSzBQ5ySAwN8J+DustSfaf88xnrW2Zb8yKbKhbZcy45uEnv2mr03P/bqmHxL+o8KhbuUGKQQgAAEIQMAJ5P6F5nGSQqA0Ag+1gG9MgtZ/mvxDso/N+gj8es6V/4fS+jzX6+mDiTv9h9p7k31sQgACEIAABJhR5xyAQCBw5xA77K5s+uxuLBAfJo37seshcNWcm6vrcdeIl6eb14OD53XN/kvYxoQABCAAAQj8jQAz6n9DgQGBxV6LN80r8k41lssnPLUmGWmWgD+IGX9wNVvjeN4fZdm/E4psZ/b1YRsTAhCAAAQgsBgBBuqL4WCj5wQ2CO2/J9jjmCdZ5n2SAgfYtv5rJtIsAa3917KXdZqtZiLvS1kpX5ojB3qf/rdlIBCAAAQgAAEIQAAC8xPQQM//Q+Te82dfLIcGYvqHO17eUwboi2FqfOMuq+FbjdcyXgUPsewXmvo5oXTp8VyQGwIQgAAEIAABCPSXwCrW9DiQWmkMFHslZaMfveEDaY/AcVbV29qrrlJNiieeE5tXKkUmCEAAAhCAAAQgAIEHCLzS/sbB1B62rZnQYaJjO5veYRrLRVtvfkHaJXC8VadnBHKRTSyQeE78MJfAiAMCEIAABCAAAQiUQuAQCzQOqNz+ne0/1PQJphp0aQD/n6Z+fFB6jB0fNci3w0hDBL5mftUnOYgeKE7Pj4flEBgxQAACEIAABCAAgZIIaFD1E9N0YDXO9t1Wvo5/lFQSt9xi/fRcH67acWC6m5KeO1t2HBPVQwACEIAABCAAgWIJrGWR6z+JpgOs+bbPszJ61R7SPYF3Wwjqrxd1HMov5+Lwc+fYjuOheghAAAIQgAAEIDATBFa3VrzH1AdZw9JzLI+WwyD5EFhooai/Lu0wpFPmYvDz5ooOY6FqCEAAAhAomADraAvuPEJvhcCyVovWp+tNHXqlnt6F/V3TW02R/AjoLTv3zoW1tqU3txiirqcfMd0/1KnzZQNTvd8dgQAEIAABCEAAAhCAQK8JvMlar9nsW0zbmozQmvT3z9XrM+n6h0a8+ccgIBCAAAQgAAEIQAACEBCBlU19sHxgC0iWszr0j628TqVnmPKfnw0CAgEIQAACEIAABCAAgUhgP9u401TvuV/JtClZ3xzHAbps/dOltmbym2oXfiEAAQhAAAIQgAAEINAIAQ3OfQB9egM1aCD+wVCH16V37DNIbwA4LiEAAQhAAAIQgAAEZoeAv6pRg+gX1tSsZczPsH+OdVFNdeAGAhCAAAQgAAEIQAACM01Ab+nxmW6lr5iwtZoh39o0DvyjX9kfntA3xSAAAQhAAAIQgAAEINBLAjtbq+Og+irb3s90BdOlTPWPqo40/aRpzDeOvbuVRSAAAQhAAAIQgAAEIACBMQm82vKPM/Cumncf88ubXcbsDLJDAAIQgAAEIAABCEAgEniGbVxjWnUQPizfO83HBtExNgQgAAEIQAACEIAABCAwHQHNfh9sOmgQrgdB9V9M7xpw/BLbpyU0/PMig4BAAAIQgAAEIAABCECgSQJan65/VIRAAAIQgAAEsiXw34p5AcbAW/IlAAAAAElFTkSuQmCC',NULL),(7,'ez',25,'123',3,2,NULL,NULL,NULL),(11,'semb',28,'123',3,1,NULL,NULL,NULL),(12,'faker',21,'123',3,1,NULL,NULL,NULL),(14,'uzi',25,'123',3,2,NULL,NULL,NULL),(15,'zzr',24,'123',3,2,NULL,NULL,NULL),(16,'易小林',20,'123',3,1,'停泊，是为了走的更远','data:image/svg+xml;base64,PHN2ZyB4bWxucz0iaHR0cDovL3d3dy53My5vcmcvMjAwMC9zdmciIHhtbG5zOnhsaW5rPSJodHRwOi8vd3d3LnczLm9yZy8xOTk5L3hsaW5rIiB2aWV3Qm94PSIwIDAgMzUzLjk5OTk5NDcyNDk4OSAyOTkuOTk5OTk1NTI5NjUxNyIgd2lkdGg9IjM1My45OTk5OTQ3MjQ5ODkiIGhlaWdodD0iMjk5Ljk5OTk5NTUyOTY1MTciPjxwYXRoIGQ9Ik0gMTguNTM0LDUyLjM1OSBDIDE4LjUzNCw1OC4zNTkgMTcuMzg4LDU4LjYyOSAxOC41MzQsNjQuMzU5IiBzdHJva2Utd2lkdGg9IjQuNDI2IiBzdHJva2U9InJnYigwLCAwLCAwKSIgZmlsbD0ibm9uZSIgc3Ryb2tlLWxpbmVjYXA9InJvdW5kIj48L3BhdGg+PHBhdGggZD0iTSAxOC41MzQsNjQuMzU5IEMgMTkuMzg4LDY4LjYyOSAyMC45OTIsNjguMTc1IDIyLjUzNCw3Mi4zNTkiIHN0cm9rZS13aWR0aD0iMy45MzYiIHN0cm9rZT0icmdiKDAsIDAsIDApIiBmaWxsPSJub25lIiBzdHJva2UtbGluZWNhcD0icm91bmQiPjwvcGF0aD48cGF0aCBkPSJNIDIyLjUzNCw3Mi4zNTkgQyAyNS42NTksODAuODQxIDI1LjEzNiw4MS4wNDUgMjcuODY2LDg5LjY5MSIgc3Ryb2tlLXdpZHRoPSIyLjk5OSIgc3Ryb2tlPSJyZ2IoMCwgMCwgMCkiIGZpbGw9Im5vbmUiIHN0cm9rZS1saW5lY2FwPSJyb3VuZCI+PC9wYXRoPjxwYXRoIGQ9Ik0gMjcuODY2LDg5LjY5MSBDIDI5LjEzNiw5My43MTIgMjguOTcxLDkzLjc4NiAzMC41MzQsOTcuNjkxIiBzdHJva2Utd2lkdGg9IjMuNDQ4IiBzdHJva2U9InJnYigwLCAwLCAwKSIgZmlsbD0ibm9uZSIgc3Ryb2tlLWxpbmVjYXA9InJvdW5kIj48L3BhdGg+PHBhdGggZD0iTSAzMC41MzQsOTcuNjkxIEMgMzEuNjM4LDEwMC40NTMgMzMuNTkxLDEwNC4xOTkgMzMuMjAwLDEwMy4wMjUiIHN0cm9rZS13aWR0aD0iMy45MjAiIHN0cm9rZT0icmdiKDAsIDAsIDApIiBmaWxsPSJub25lIiBzdHJva2UtbGluZWNhcD0icm91bmQiPjwvcGF0aD48cGF0aCBkPSJNIDMzLjIwMCw1NS44MjUgQyAzOC40MDAsNTMuNDI1IDM4LjI5Nyw1My4xNDYgNDMuNjAwLDUxLjAyNSIgc3Ryb2tlLXdpZHRoPSI1LjEwNyIgc3Ryb2tlPSJyZ2IoMCwgMCwgMCkiIGZpbGw9Im5vbmUiIHN0cm9rZS1saW5lY2FwPSJyb3VuZCI+PC9wYXRoPjxwYXRoIGQ9Ik0gNDMuNjAwLDUxLjAyNSBDIDQ2LjI5Nyw0OS45NDYgNDYuMzQ4LDQ5Ljc3MyA0OS4yMDAsNDkuNDI1IiBzdHJva2Utd2lkdGg9IjQuNzgzIiBzdHJva2U9InJnYigwLCAwLCAwKSIgZmlsbD0ibm9uZSIgc3Ryb2tlLWxpbmVjYXA9InJvdW5kIj48L3BhdGg+PHBhdGggZD0iTSA0OS4yMDAsNDkuNDI1IEMgNTEuODE1LDQ5LjEwNiA1MS45NjEsNTAuMjQ2IDU0LjUzNCw0OS42OTEiIHN0cm9rZS13aWR0aD0iNC40MjAiIHN0cm9rZT0icmdiKDAsIDAsIDApIiBmaWxsPSJub25lIiBzdHJva2UtbGluZWNhcD0icm91bmQiPjwvcGF0aD48cGF0aCBkPSJNIDU0LjUzNCw0OS42OTEgQyA2MC42MjgsNDguMzc5IDYwLjQzNyw0Ny4wOTggNjYuNTM0LDQ1LjY5MSIgc3Ryb2tlLXdpZHRoPSI0LjE0MSIgc3Ryb2tlPSJyZ2IoMCwgMCwgMCkiIGZpbGw9Im5vbmUiIHN0cm9rZS1saW5lY2FwPSJyb3VuZCI+PC9wYXRoPjxwYXRoIGQ9Ik0gNjYuNTM0LDQ1LjY5MSBDIDY5LjEwNCw0NS4wOTggNzAuNjA2LDQzLjgzOCA3MS44NjYsNDUuNjkxIiBzdHJva2Utd2lkdGg9IjQuNjIxIiBzdHJva2U9InJnYigwLCAwLCAwKSIgZmlsbD0ibm9uZSIgc3Ryb2tlLWxpbmVjYXA9InJvdW5kIj48L3BhdGg+PHBhdGggZD0iTSA3MS44NjYsNDUuNjkxIEMgNzUuMTM5LDUwLjUwNCA3NC4xNTcsNTIuMjg5IDc1LjYwMCw1OS4wMjUiIHN0cm9rZS13aWR0aD0iNC44NjAiIHN0cm9rZT0icmdiKDAsIDAsIDApIiBmaWxsPSJub25lIiBzdHJva2UtbGluZWNhcD0icm91bmQiPjwvcGF0aD48cGF0aCBkPSJNIDc1LjYwMCw1OS4wMjUgQyA3Ni4xNTcsNjEuNjIzIDc1LjgxMyw2MS42OTAgNzUuODY2LDY0LjM1OSIgc3Ryb2tlLXdpZHRoPSI0LjQzOSIgc3Ryb2tlPSJyZ2IoMCwgMCwgMCkiIGZpbGw9Im5vbmUiIHN0cm9rZS1saW5lY2FwPSJyb3VuZCI+PC9wYXRoPjxwYXRoIGQ9Ik0gNzUuODY2LDY0LjM1OSBDIDc1Ljk0Niw2OC4zNTcgNzUuODY2LDY4LjM1OSA3NS44NjYsNzIuMzU5IiBzdHJva2Utd2lkdGg9IjMuOTkxIiBzdHJva2U9InJnYigwLCAwLCAwKSIgZmlsbD0ibm9uZSIgc3Ryb2tlLWxpbmVjYXA9InJvdW5kIj48L3BhdGg+PHBhdGggZD0iTSA3NS44NjYsNzIuMzU5IEMgNzUuODY2LDc1LjAyNSA3Ni4zMzksNzUuMDkxIDc1Ljg2Niw3Ny42OTEiIHN0cm9rZS13aWR0aD0iNC4xNDgiIHN0cm9rZT0icmdiKDAsIDAsIDApIiBmaWxsPSJub25lIiBzdHJva2UtbGluZWNhcD0icm91bmQiPjwvcGF0aD48cGF0aCBkPSJNIDc1Ljg2Niw3Ny42OTEgQyA3NS4wMDYsODIuNDI0IDc1LjA3NSw4Mi41OTkgNzMuMjAwLDg3LjAyNSIgc3Ryb2tlLXdpZHRoPSIzLjczNCIgc3Ryb2tlPSJyZ2IoMCwgMCwgMCkiIGZpbGw9Im5vbmUiIHN0cm9rZS1saW5lY2FwPSJyb3VuZCI+PC9wYXRoPjxwYXRoIGQ9Ik0gNzMuMjAwLDg3LjAyNSBDIDcxLjc0Miw5MC40NjYgNzEuMjAwLDkwLjIyNSA2OS4yMDAsOTMuNDI1IiBzdHJva2Utd2lkdGg9IjMuODQ2IiBzdHJva2U9InJnYigwLCAwLCAwKSIgZmlsbD0ibm9uZSIgc3Ryb2tlLWxpbmVjYXA9InJvdW5kIj48L3BhdGg+PHBhdGggZD0iTSA2OS4yMDAsOTMuNDI1IEMgNjcuMjAwLDk2LjYyNSA2Ni45OTgsOTYuNTE3IDY1LjIwMCw5OS44MjUiIHN0cm9rZS13aWR0aD0iMy45MjciIHN0cm9rZT0icmdiKDAsIDAsIDApIiBmaWxsPSJub25lIiBzdHJva2UtbGluZWNhcD0icm91bmQiPjwvcGF0aD48cGF0aCBkPSJNIDMzLjIwMCw3OS4wMjUgQyAzOC40MDAsNzcuMDI1IDM4LjI3Niw3Ni4zNTYgNDMuNjAwLDc1LjAyNSIgc3Ryb2tlLXdpZHRoPSI1LjE2MiIgc3Ryb2tlPSJyZ2IoMCwgMCwgMCkiIGZpbGw9Im5vbmUiIHN0cm9rZS1saW5lY2FwPSJyb3VuZCI+PC9wYXRoPjxwYXRoIGQ9Ik0gNDMuNjAwLDc1LjAyNSBDIDQ2LjI3Niw3NC4zNTYgNDYuNDQxLDc1LjM2MSA0OS4yMDAsNzUuMDI1IiBzdHJva2Utd2lkdGg9IjQuNDczIiBzdHJva2U9InJnYigwLCAwLCAwKSIgZmlsbD0ibm9uZSIgc3Ryb2tlLWxpbmVjYXA9InJvdW5kIj48L3BhdGg+PHBhdGggZD0iTSA0OS4yMDAsNzUuMDI1IEMgNTEuOTA4LDc0LjY5NSA1MS44NjcsNzQuMzU4IDU0LjUzNCw3My42OTEiIHN0cm9rZS13aWR0aD0iNC4zMTUiIHN0cm9rZT0icmdiKDAsIDAsIDApIiBmaWxsPSJub25lIiBzdHJva2UtbGluZWNhcD0icm91bmQiPjwvcGF0aD48cGF0aCBkPSJNIDM4LjAwMCw5NS4wMjUgQyA0NS42MDAsOTQuMjI1IDQ1LjYxMSw5NC4zMTggNTMuMjAwLDkzLjQyNSIgc3Ryb2tlLXdpZHRoPSI0Ljk0NyIgc3Ryb2tlPSJyZ2IoMCwgMCwgMCkiIGZpbGw9Im5vbmUiIHN0cm9rZS1saW5lY2FwPSJyb3VuZCI+PC9wYXRoPjxwYXRoIGQ9Ik0gNTMuMjAwLDkzLjQyNSBDIDU5LjIxMSw5Mi43MTggNTkuMjMxLDkyLjgwOCA2NS4yMDAsOTEuODI1IiBzdHJva2Utd2lkdGg9IjMuOTkwIiBzdHJva2U9InJnYigwLCAwLCAwKSIgZmlsbD0ibm9uZSIgc3Ryb2tlLWxpbmVjYXA9InJvdW5kIj48L3BhdGg+PHBhdGggZD0iTSAyMS4yMDAsMTE5LjAyNSBDIDE5LjIwMCwxMjYuMjI1IDE4LjY1NSwxMjYuMTUxIDE3LjIwMCwxMzMuNDI1IiBzdHJva2Utd2lkdGg9IjQuODI0IiBzdHJva2U9InJnYigwLCAwLCAwKSIgZmlsbD0ibm9uZSIgc3Ryb2tlLWxpbmVjYXA9InJvdW5kIj48L3BhdGg+PHBhdGggZD0iTSAxNy4yMDAsMTMzLjQyNSBDIDE2LjY1NSwxMzYuMTUxIDE3Ljk0OCwxMzYuMzY5IDE3LjIwMCwxMzkuMDI1IiBzdHJva2Utd2lkdGg9IjQuNTQ5IiBzdHJva2U9InJnYigwLCAwLCAwKSIgZmlsbD0ibm9uZSIgc3Ryb2tlLWxpbmVjYXA9InJvdW5kIj48L3BhdGg+PHBhdGggZD0iTSAxNy4yMDAsMTM5LjAyNSBDIDE1LjI4MSwxNDUuODM2IDE0LjUzMywxNDUuNjkyIDExLjg2NiwxNTIuMzU5IiBzdHJva2Utd2lkdGg9IjMuMzg0IiBzdHJva2U9InJnYigwLCAwLCAwKSIgZmlsbD0ibm9uZSIgc3Ryb2tlLWxpbmVjYXA9InJvdW5kIj48L3BhdGg+PHBhdGggZD0iTSAxMS44NjYsMTUyLjM1OSBDIDkuNzMzLDE1Ny42OTIgOS44NzIsMTU3Ljc1NCA3LjYwMCwxNjMuMDI1IiBzdHJva2Utd2lkdGg9IjMuMzY1IiBzdHJva2U9InJnYigwLCAwLCAwKSIgZmlsbD0ibm9uZSIgc3Ryb2tlLWxpbmVjYXA9InJvdW5kIj48L3BhdGg+PHBhdGggZD0iTSAyMy44NjYsMTQxLjY5MSBDIDI5LjIwMCwxMzkuMDI1IDI4LjkxNSwxMzguMjMxIDM0LjUzNCwxMzYuMzU5IiBzdHJva2Utd2lkdGg9IjQuNzc3IiBzdHJva2U9InJnYigwLCAwLCAwKSIgZmlsbD0ibm9uZSIgc3Ryb2tlLWxpbmVjYXA9InJvdW5kIj48L3BhdGg+PHBhdGggZD0iTSAzNC41MzQsMTM2LjM1OSBDIDQyLjkxNSwxMzMuNTY1IDQzLjEyOSwxMzMuNzM4IDUxLjg2NiwxMzIuMzU5IiBzdHJva2Utd2lkdGg9IjQuMDQ3IiBzdHJva2U9InJnYigwLCAwLCAwKSIgZmlsbD0ibm9uZSIgc3Ryb2tlLWxpbmVjYXA9InJvdW5kIj48L3BhdGg+PHBhdGggZD0iTSA1MS44NjYsMTMyLjM1OSBDIDU1Ljc5NiwxMzEuNzM4IDU1Ljg3NCwxMzIuNTY5IDU5Ljg2NiwxMzIuMzU5IiBzdHJva2Utd2lkdGg9IjMuOTM5IiBzdHJva2U9InJnYigwLCAwLCAwKSIgZmlsbD0ibm9uZSIgc3Ryb2tlLWxpbmVjYXA9InJvdW5kIj48L3BhdGg+PHBhdGggZD0iTSA1OS44NjYsMTMyLjM1OSBDIDY4LjU0MSwxMzEuOTAyIDY4LjUyNSwxMzEuNDY4IDc3LjIwMCwxMzEuMDI1IiBzdHJva2Utd2lkdGg9IjMuMTE3IiBzdHJva2U9InJnYigwLCAwLCAwKSIgZmlsbD0ibm9uZSIgc3Ryb2tlLWxpbmVjYXA9InJvdW5kIj48L3BhdGg+PHBhdGggZD0iTSA3Ny4yMDAsMTMxLjAyNSBDIDgxLjU5MSwxMzAuODAxIDgxLjYwMCwxMzEuMDI1IDg2LjAwMCwxMzEuMDI1IiBzdHJva2Utd2lkdGg9IjMuNTA4IiBzdHJva2U9InJnYigwLCAwLCAwKSIgZmlsbD0ibm9uZSIgc3Ryb2tlLWxpbmVjYXA9InJvdW5kIj48L3BhdGg+PHBhdGggZD0iTSA4Ni4wMDAsMTMxLjAyNSBDIDg4LjgwMCwxMzEuMDI1IDkwLjI2MSwxMjkuNTA0IDkxLjYwMCwxMzEuMDI1IiBzdHJva2Utd2lkdGg9IjMuOTg1IiBzdHJva2U9InJnYigwLCAwLCAwKSIgZmlsbD0ibm9uZSIgc3Ryb2tlLWxpbmVjYXA9InJvdW5kIj48L3BhdGg+PHBhdGggZD0iTSA5MS42MDAsMTMxLjAyNSBDIDkzLjE5NSwxMzIuODM3IDkyLjU1NiwxMzQuNDkwIDkxLjg2NiwxMzcuNjkxIiBzdHJva2Utd2lkdGg9IjQuNzk3IiBzdHJva2U9InJnYigwLCAwLCAwKSIgZmlsbD0ibm9uZSIgc3Ryb2tlLWxpbmVjYXA9InJvdW5kIj48L3BhdGg+PHBhdGggZD0iTSA5MS44NjYsMTM3LjY5MSBDIDkwLjY4OSwxNDMuMTU3IDg5LjMxMCwxNDIuODcyIDg3Ljg2NiwxNDguMzU5IiBzdHJva2Utd2lkdGg9IjMuNjk4IiBzdHJva2U9InJnYigwLCAwLCAwKSIgZmlsbD0ibm9uZSIgc3Ryb2tlLWxpbmVjYXA9InJvdW5kIj48L3BhdGg+PHBhdGggZD0iTSA4Ny44NjYsMTQ4LjM1OSBDIDg1Ljk3NywxNTUuNTM4IDg3LjcwMCwxNTYuMDgxIDg1LjIwMCwxNjMuMDI1IiBzdHJva2Utd2lkdGg9IjMuMjQwIiBzdHJva2U9InJnYigwLCAwLCAwKSIgZmlsbD0ibm9uZSIgc3Ryb2tlLWxpbmVjYXA9InJvdW5kIj48L3BhdGg+PHBhdGggZD0iTSA4NS4yMDAsMTYzLjAyNSBDIDgxLjcwMCwxNzIuNzQ3IDgwLjQyNSwxNzIuMzA2IDc1Ljg2NiwxODEuNjkxIiBzdHJva2Utd2lkdGg9IjIuNzY4IiBzdHJva2U9InJnYigwLCAwLCAwKSIgZmlsbD0ibm9uZSIgc3Ryb2tlLWxpbmVjYXA9InJvdW5kIj48L3BhdGg+PHBhdGggZD0iTSA3NS44NjYsMTgxLjY5MSBDIDczLjYyNSwxODYuMzA2IDczLjM2NSwxODYuMjI1IDcxLjYwMCwxOTEuMDI1IiBzdHJva2Utd2lkdGg9IjMuMTk4IiBzdHJva2U9InJnYigwLCAwLCAwKSIgZmlsbD0ibm9uZSIgc3Ryb2tlLWxpbmVjYXA9InJvdW5kIj48L3BhdGg+PHBhdGggZD0iTSA3MS42MDAsMTkxLjAyNSBDIDcwLjAzMiwxOTUuMjkyIDcwLjgwNywxOTUuNTk2IDY5LjIwMCwxOTkuODI1IiBzdHJva2Utd2lkdGg9IjMuNTU1IiBzdHJva2U9InJnYigwLCAwLCAwKSIgZmlsbD0ibm9uZSIgc3Ryb2tlLWxpbmVjYXA9InJvdW5kIj48L3BhdGg+PHBhdGggZD0iTSA2OS4yMDAsMTk5LjgyNSBDIDY4LjI3NCwyMDIuMjYzIDY3LjUzNiwyMDEuOTU0IDY2LjUzNCwyMDQuMzU5IiBzdHJva2Utd2lkdGg9IjQuMDc4IiBzdHJva2U9InJnYigwLCAwLCAwKSIgZmlsbD0ibm9uZSIgc3Ryb2tlLWxpbmVjYXA9InJvdW5kIj48L3BhdGg+PHBhdGggZD0iTSA2Ni41MzQsMjA0LjM1OSBDIDY1LjUzNiwyMDYuNzU0IDY2LjIyMCwyMDcuMDQ1IDY1LjIwMCwyMDkuNDI1IiBzdHJva2Utd2lkdGg9IjQuNjM4IiBzdHJva2U9InJnYigwLCAwLCAwKSIgZmlsbD0ibm9uZSIgc3Ryb2tlLWxpbmVjYXA9InJvdW5kIj48L3BhdGg+PHBhdGggZD0iTSA2NS4yMDAsMjA5LjQyNSBDIDY0LjIyMCwyMTEuNzExIDYzLjcwNCwyMTQuOTc5IDYyLjUzNCwyMTMuNjkxIiBzdHJva2Utd2lkdGg9IjQuNDY2IiBzdHJva2U9InJnYigwLCAwLCAwKSIgZmlsbD0ibm9uZSIgc3Ryb2tlLWxpbmVjYXA9InJvdW5kIj48L3BhdGg+PHBhdGggZD0iTSA2Mi41MzQsMjEzLjY5MSBDIDU4LjM3MSwyMDkuMTEyIDU4LjE1OCwyMDUuODQ3IDU0LjUzNCwxOTcuNjkxIiBzdHJva2Utd2lkdGg9IjQuODM5IiBzdHJva2U9InJnYigwLCAwLCAwKSIgZmlsbD0ibm9uZSIgc3Ryb2tlLWxpbmVjYXA9InJvdW5kIj48L3BhdGg+PHBhdGggZD0iTSA1NC41MzQsMTk3LjY5MSBDIDUyLjgyNSwxOTMuODQ3IDUwLjg5NCwxODcuNzQ3IDUxLjg2NiwxODkuNjkxIiBzdHJva2Utd2lkdGg9IjQuMDg2IiBzdHJva2U9InJnYigwLCAwLCAwKSIgZmlsbD0ibm9uZSIgc3Ryb2tlLWxpbmVjYXA9InJvdW5kIj48L3BhdGg+PHBhdGggZD0iTSAzOS44NjYsMTQ1LjY5MSBDIDM4LjUzMywxNTEuNTU4IDM5LjI0OCwxNTEuODUzIDM3LjIwMCwxNTcuNDI1IiBzdHJva2Utd2lkdGg9IjQuNzcwIiBzdHJva2U9InJnYigwLCAwLCAwKSIgZmlsbD0ibm9uZSIgc3Ryb2tlLWxpbmVjYXA9InJvdW5kIj48L3BhdGg+PHBhdGggZD0iTSAzNy4yMDAsMTU3LjQyNSBDIDM1LjkxNSwxNjAuOTIwIDM0Ljg4MiwxNjAuNDYxIDMzLjIwMCwxNjMuODI1IiBzdHJva2Utd2lkdGg9IjQuMjY4IiBzdHJva2U9InJnYigwLCAwLCAwKSIgZmlsbD0ibm9uZSIgc3Ryb2tlLWxpbmVjYXA9InJvdW5kIj48L3BhdGg+PHBhdGggZD0iTSAzMy4yMDAsMTYzLjgyNSBDIDMwLjg4MiwxNjguNDYxIDMxLjgwMCwxNjguOTY4IDI5LjIwMCwxNzMuNDI1IiBzdHJva2Utd2lkdGg9IjMuNzUwIiBzdHJva2U9InJnYigwLCAwLCAwKSIgZmlsbD0ibm9uZSIgc3Ryb2tlLWxpbmVjYXA9InJvdW5kIj48L3BhdGg+PHBhdGggZD0iTSAyOS4yMDAsMTczLjQyNSBDIDI2LjIwMCwxNzguNTY4IDI1LjQ4NiwxNzguMTQ1IDIyLjAwMCwxODMuMDI1IiBzdHJva2Utd2lkdGg9IjMuNDc5IiBzdHJva2U9InJnYigwLCAwLCAwKSIgZmlsbD0ibm9uZSIgc3Ryb2tlLWxpbmVjYXA9InJvdW5kIj48L3BhdGg+PHBhdGggZD0iTSA1OS44NjYsMTUzLjY5MSBDIDU3Ljg2NiwxNTkuMDI1IDU4LjMzMSwxNTkuMjQ1IDU1Ljg2NiwxNjQuMzU5IiBzdHJva2Utd2lkdGg9IjQuODA5IiBzdHJva2U9InJnYigwLCAwLCAwKSIgZmlsbD0ibm9uZSIgc3Ryb2tlLWxpbmVjYXA9InJvdW5kIj48L3BhdGg+PHBhdGggZD0iTSA1NS44NjYsMTY0LjM1OSBDIDUyLjk5NywxNzAuMzEyIDUyLjM0MSwxNjkuOTkyIDQ5LjIwMCwxNzUuODI1IiBzdHJva2Utd2lkdGg9IjMuNzEzIiBzdHJva2U9InJnYigwLCAwLCAwKSIgZmlsbD0ibm9uZSIgc3Ryb2tlLWxpbmVjYXA9InJvdW5kIj48L3BhdGg+PHBhdGggZD0iTSA0OS4yMDAsMTc1LjgyNSBDIDQ3LjY3NCwxNzguNjU5IDQ4LjMwOSwxNzkuMDY0IDQ2LjUzNCwxODEuNjkxIiBzdHJva2Utd2lkdGg9IjMuOTYyIiBzdHJva2U9InJnYigwLCAwLCAwKSIgZmlsbD0ibm9uZSIgc3Ryb2tlLWxpbmVjYXA9InJvdW5kIj48L3BhdGg+PHBhdGggZD0iTSA0Ni41MzQsMTgxLjY5MSBDIDQ0Ljk3NSwxODMuOTk4IDQ0LjUzNCwxODMuNjkxIDQyLjUzNCwxODUuNjkxIiBzdHJva2Utd2lkdGg9IjQuMTM5IiBzdHJva2U9InJnYigwLCAwLCAwKSIgZmlsbD0ibm9uZSIgc3Ryb2tlLWxpbmVjYXA9InJvdW5kIj48L3BhdGg+PHBhdGggZD0iTSAxNDEuMjAwLDcxLjgyNSBDIDE0NS44NjcsNzguMDkyIDE0NS4zOTMsNzguNTY0IDE1MC41MzQsODQuMzU5IiBzdHJva2Utd2lkdGg9IjQuMTU4IiBzdHJva2U9InJnYigwLCAwLCAwKSIgZmlsbD0ibm9uZSIgc3Ryb2tlLWxpbmVjYXA9InJvdW5kIj48L3BhdGg+PHBhdGggZD0iTSAxNTAuNTM0LDg0LjM1OSBDIDE1Mi43MjYsODYuODMxIDE1My4zNDEsODYuMTg4IDE1NS44NjYsODguMzU5IiBzdHJva2Utd2lkdGg9IjQuMDI1IiBzdHJva2U9InJnYigwLCAwLCAwKSIgZmlsbD0ibm9uZSIgc3Ryb2tlLWxpbmVjYXA9InJvdW5kIj48L3BhdGg+PHBhdGggZD0iTSAxNTUuODY2LDg4LjM1OSBDIDE2MS44NzQsOTMuNTIxIDE2MC45NjUsOTQuODMyIDE2Ny42MDAsOTkuMDI1IiBzdHJva2Utd2lkdGg9IjMuMTc0IiBzdHJva2U9InJnYigwLCAwLCAwKSIgZmlsbD0ibm9uZSIgc3Ryb2tlLWxpbmVjYXA9InJvdW5kIj48L3BhdGg+PHBhdGggZD0iTSAxNjcuNjAwLDk5LjAyNSBDIDE3Ny42MzEsMTA1LjM2NSAxNzguMzcwLDEwNC4yOTAgMTg5LjIwMCwxMDkuNDI1IiBzdHJva2Utd2lkdGg9IjIuNTk5IiBzdHJva2U9InJnYigwLCAwLCAwKSIgZmlsbD0ibm9uZSIgc3Ryb2tlLWxpbmVjYXA9InJvdW5kIj48L3BhdGg+PHBhdGggZD0iTSAxODkuMjAwLDEwOS40MjUgQyAxOTMuODM2LDExMS42MjMgMTk0LjczOSwxMTAuNjU1IDE5OC41MzQsMTEzLjY5MSIgc3Ryb2tlLXdpZHRoPSIzLjE3NSIgc3Ryb2tlPSJyZ2IoMCwgMCwgMCkiIGZpbGw9Im5vbmUiIHN0cm9rZS1saW5lY2FwPSJyb3VuZCI+PC9wYXRoPjxwYXRoIGQ9Ik0gMTk4LjUzNCwxMTMuNjkxIEMgMjAwLjczOSwxMTUuNDU1IDIwMS4wMjQsMTE2LjE2NSAyMDEuMjAwLDExOS4wMjUiIHN0cm9rZS13aWR0aD0iNC4zNTkiIHN0cm9rZT0icmdiKDAsIDAsIDApIiBmaWxsPSJub25lIiBzdHJva2UtbGluZWNhcD0icm91bmQiPjwvcGF0aD48cGF0aCBkPSJNIDIwMS4yMDAsMTE5LjAyNSBDIDIwMS41NTcsMTI0LjgzMiAyMDAuMzUxLDEyNS4wMTkgMTk5LjYwMCwxMzEuMDI1IiBzdHJva2Utd2lkdGg9IjQuMjA5IiBzdHJva2U9InJnYigwLCAwLCAwKSIgZmlsbD0ibm9uZSIgc3Ryb2tlLWxpbmVjYXA9InJvdW5kIj48L3BhdGg+PHBhdGggZD0iTSAxOTkuNjAwLDEzMS4wMjUgQyAxOTkuMDE3LDEzNS42ODYgMTk5LjA3MiwxMzUuNjkyIDE5OC41MzQsMTQwLjM1OSIgc3Ryb2tlLXdpZHRoPSIzLjc4MSIgc3Ryb2tlPSJyZ2IoMCwgMCwgMCkiIGZpbGw9Im5vbmUiIHN0cm9rZS1saW5lY2FwPSJyb3VuZCI+PC9wYXRoPjxwYXRoIGQ9Ik0gMTk4LjUzNCwxNDAuMzU5IEMgMTk3Ljg3MiwxNDYuMDkyIDE5OC42MDMsMTQ2LjI4NCAxOTcuMjAwLDE1MS44MjUiIHN0cm9rZS13aWR0aD0iMy41MjYiIHN0cm9rZT0icmdiKDAsIDAsIDApIiBmaWxsPSJub25lIiBzdHJva2UtbGluZWNhcD0icm91bmQiPjwvcGF0aD48cGF0aCBkPSJNIDE5Ny4yMDAsMTUxLjgyNSBDIDE5NS45MzYsMTU2LjgxNyAxOTUuMTMxLDE1Ni41OTcgMTkzLjIwMCwxNjEuNDI1IiBzdHJva2Utd2lkdGg9IjMuNTAxIiBzdHJva2U9InJnYigwLCAwLCAwKSIgZmlsbD0ibm9uZSIgc3Ryb2tlLWxpbmVjYXA9InJvdW5kIj48L3BhdGg+PHBhdGggZD0iTSAxOTMuMjAwLDE2MS40MjUgQyAxOTEuMTMxLDE2Ni41OTcgMTkwLjg4NSwxNjYuNTMwIDE4OS4yMDAsMTcxLjgyNSIgc3Ryb2tlLXdpZHRoPSIzLjM2OSIgc3Ryb2tlPSJyZ2IoMCwgMCwgMCkiIGZpbGw9Im5vbmUiIHN0cm9rZS1saW5lY2FwPSJyb3VuZCI+PC9wYXRoPjxwYXRoIGQ9Ik0gMTg5LjIwMCwxNzEuODI1IEMgMTg4LjA4NSwxNzUuMzMwIDE4OC4zNjAsMTc1LjQxNiAxODcuNjAwLDE3OS4wMjUiIHN0cm9rZS13aWR0aD0iMy43MzkiIHN0cm9rZT0icmdiKDAsIDAsIDApIiBmaWxsPSJub25lIiBzdHJva2UtbGluZWNhcD0icm91bmQiPjwvcGF0aD48cGF0aCBkPSJNIDE4Ny42MDAsMTc5LjAyNSBDIDE4Ni43NjAsMTgzLjAxNiAxODYuNjA0LDE4Mi45OTYgMTg2LjAwMCwxODcuMDI1IiBzdHJva2Utd2lkdGg9IjMuNzgyIiBzdHJva2U9InJnYigwLCAwLCAwKSIgZmlsbD0ibm9uZSIgc3Ryb2tlLWxpbmVjYXA9InJvdW5kIj48L3BhdGg+PHBhdGggZD0iTSAxODYuMDAwLDE4Ny4wMjUgQyAxODUuNDA0LDE5MC45OTYgMTg1LjY1NiwxOTEuMDMxIDE4NS4yMDAsMTk1LjAyNSIgc3Ryb2tlLXdpZHRoPSIzLjg1NiIgc3Ryb2tlPSJyZ2IoMCwgMCwgMCkiIGZpbGw9Im5vbmUiIHN0cm9rZS1saW5lY2FwPSJyb3VuZCI+PC9wYXRoPjxwYXRoIGQ9Ik0gMTg1LjIwMCwxOTUuMDI1IEMgMTg0LjU5MCwyMDAuMzY1IDE4NC45MTUsMjAwLjQ0OCAxODMuODY2LDIwNS42OTEiIHN0cm9rZS13aWR0aD0iMy40OTgiIHN0cm9rZT0icmdiKDAsIDAsIDApIiBmaWxsPSJub25lIiBzdHJva2UtbGluZWNhcD0icm91bmQiPjwvcGF0aD48cGF0aCBkPSJNIDE4My44NjYsMjA1LjY5MSBDIDE4My4zMTUsMjA4LjQ0OCAxODIuMzQyLDIwOC4yODggMTgyLjAwMCwyMTEuMDI1IiBzdHJva2Utd2lkdGg9IjMuOTc1IiBzdHJva2U9InJnYigwLCAwLCAwKSIgZmlsbD0ibm9uZSIgc3Ryb2tlLWxpbmVjYXA9InJvdW5kIj48L3BhdGg+PHBhdGggZD0iTSAxODIuMDAwLDIxMS4wMjUgQyAxODEuNjc2LDIxMy42MjEgMTgzLjA5NiwyMTYuMzU5IDE4Mi41MzQsMjE2LjM1OSIgc3Ryb2tlLXdpZHRoPSI0LjE4MSIgc3Ryb2tlPSJyZ2IoMCwgMCwgMCkiIGZpbGw9Im5vbmUiIHN0cm9rZS1saW5lY2FwPSJyb3VuZCI+PC9wYXRoPjxwYXRoIGQ9Ik0gMTgyLjUzNCwyMTYuMzU5IEMgMTgxLjg5NiwyMTYuMzU5IDE4MC43MjQsMjEzLjgzNSAxNzkuNjAwLDIxMS4wMjUiIHN0cm9rZS13aWR0aD0iNC45NjUiIHN0cm9rZT0icmdiKDAsIDAsIDApIiBmaWxsPSJub25lIiBzdHJva2UtbGluZWNhcD0icm91bmQiPjwvcGF0aD48cGF0aCBkPSJNIDE3OS42MDAsMjExLjAyNSBDIDE3OC4wNTcsMjA3LjE2OSAxNzguNDE5LDIwNy4wMTkgMTc3LjIwMCwyMDMuMDI1IiBzdHJva2Utd2lkdGg9IjQuMDY1IiBzdHJva2U9InJnYigwLCAwLCAwKSIgZmlsbD0ibm9uZSIgc3Ryb2tlLWxpbmVjYXA9InJvdW5kIj48L3BhdGg+PHBhdGggZD0iTSAxNzcuMjAwLDIwMy4wMjUgQyAxNzQuNTUyLDE5NC4zNTIgMTc1LjM3OCwxOTQuMDA5IDE3MS44NjYsMTg1LjY5MSIgc3Ryb2tlLXdpZHRoPSIzLjA5MCIgc3Ryb2tlPSJyZ2IoMCwgMCwgMCkiIGZpbGw9Im5vbmUiIHN0cm9rZS1saW5lY2FwPSJyb3VuZCI+PC9wYXRoPjxwYXRoIGQ9Ik0gMTcxLjg2NiwxODUuNjkxIEMgMTY3Ljc3OCwxNzYuMDA5IDE2Ni41NDksMTc2LjUzNiAxNjIuMDAwLDE2Ny4wMjUiIHN0cm9rZS13aWR0aD0iMi42NTkiIHN0cm9rZT0icmdiKDAsIDAsIDApIiBmaWxsPSJub25lIiBzdHJva2UtbGluZWNhcD0icm91bmQiPjwvcGF0aD48cGF0aCBkPSJNIDE2Mi4wMDAsMTY3LjAyNSBDIDE1OS4yMTYsMTYxLjIwMyAxNTkuMzUyLDE2MS4xMDUgMTU3LjIwMCwxNTUuMDI1IiBzdHJva2Utd2lkdGg9IjMuMDEzIiBzdHJva2U9InJnYigwLCAwLCAwKSIgZmlsbD0ibm9uZSIgc3Ryb2tlLWxpbmVjYXA9InJvdW5kIj48L3BhdGg+PHBhdGggZD0iTSAxNTQuMDAwLDE0Ny4wMjUgQyAxNTIuMDAwLDE1My4wMjUgMTUxLjIxNywxNTIuOTM4IDE1MC4wMDAsMTU5LjAyNSIgc3Ryb2tlLXdpZHRoPSI0LjczMyIgc3Ryb2tlPSJyZ2IoMCwgMCwgMCkiIGZpbGw9Im5vbmUiIHN0cm9rZS1saW5lY2FwPSJyb3VuZCI+PC9wYXRoPjxwYXRoIGQ9Ik0gMTUwLjAwMCwxNTkuMDI1IEMgMTQ5LjQ4NCwxNjEuNjA1IDE1MS4xMjYsMTYxLjc5MiAxNTAuNTM0LDE2NC4zNTkiIHN0cm9rZS13aWR0aD0iNC41NTQiIHN0cm9rZT0icmdiKDAsIDAsIDApIiBmaWxsPSJub25lIiBzdHJva2UtbGluZWNhcD0icm91bmQiPjwvcGF0aD48cGF0aCBkPSJNIDE1MC41MzQsMTY0LjM1OSBDIDE0OC43MjYsMTcyLjE5MiAxNDcuNjM3LDE3Mi4wMjYgMTQ1LjIwMCwxNzkuODI1IiBzdHJva2Utd2lkdGg9IjMuMjI1IiBzdHJva2U9InJnYigwLCAwLCAwKSIgZmlsbD0ibm9uZSIgc3Ryb2tlLWxpbmVjYXA9InJvdW5kIj48L3BhdGg+PHBhdGggZD0iTSAxNDUuMjAwLDE3OS44MjUgQyAxNDQuMzA0LDE4Mi42OTMgMTQ0LjEyOCwxODYuMzcxIDE0My44NjYsMTg1LjY5MSIgc3Ryb2tlLXdpZHRoPSI0LjE4NyIgc3Ryb2tlPSJyZ2IoMCwgMCwgMCkiIGZpbGw9Im5vbmUiIHN0cm9rZS1saW5lY2FwPSJyb3VuZCI+PC9wYXRoPjxwYXRoIGQ9Ik0gMTQzLjg2NiwxODUuNjkxIEMgMTQzLjQ2MSwxODQuNjM4IDE0My4zODksMTc4LjQ1NyAxNDMuODY2LDE3Ni4zNTkiIHN0cm9rZS13aWR0aD0iNC44MDAiIHN0cm9rZT0icmdiKDAsIDAsIDApIiBmaWxsPSJub25lIiBzdHJva2UtbGluZWNhcD0icm91bmQiPjwvcGF0aD48cGF0aCBkPSJNIDE5Ny4yMDAsMTQxLjQyNSBDIDIwMS4yMDAsMTQ2LjIyNSAyMDEuMjM5LDE0Ni4xOTMgMjA1LjIwMCwxNTEuMDI1IiBzdHJva2Utd2lkdGg9IjQuNzQyIiBzdHJva2U9InJnYigwLCAwLCAwKSIgZmlsbD0ibm9uZSIgc3Ryb2tlLWxpbmVjYXA9InJvdW5kIj48L3BhdGg+PHBhdGggZD0iTSAyMDUuMjAwLDE1MS4wMjUgQyAyMDcuOTA2LDE1NC4zMjYgMjA4LjE3OSwxNTQuMTU5IDIxMC41MzQsMTU3LjY5MSIgc3Ryb2tlLXdpZHRoPSI0LjIzNyIgc3Ryb2tlPSJyZ2IoMCwgMCwgMCkiIGZpbGw9Im5vbmUiIHN0cm9rZS1saW5lY2FwPSJyb3VuZCI+PC9wYXRoPjxwYXRoIGQ9Ik0gMjEwLjUzNCwxNTcuNjkxIEMgMjEyLjE3OSwxNjAuMTU5IDIxMS41NzIsMTYwLjU1MSAyMTMuMjAwLDE2My4wMjUiIHN0cm9rZS13aWR0aD0iNC4xMzkiIHN0cm9rZT0icmdiKDAsIDAsIDApIiBmaWxsPSJub25lIiBzdHJva2UtbGluZWNhcD0icm91bmQiPjwvcGF0aD48cGF0aCBkPSJNIDIxMy4yMDAsMTYzLjAyNSBDIDIxNC45MDYsMTY1LjYxOCAyMTcuNjUzLDE2OC43MzIgMjE3LjIwMCwxNjcuODI1IiBzdHJva2Utd2lkdGg9IjQuNzEzIiBzdHJva2U9InJnYigwLCAwLCAwKSIgZmlsbD0ibm9uZSIgc3Ryb2tlLWxpbmVjYXA9InJvdW5kIj48L3BhdGg+PHBhdGggZD0iTSAyMjYuMDAwLDEzOS4wMjUgQyAyMzMuNjAwLDEzNi4yMjUgMjMzLjQ4NCwxMzUuODM2IDI0MS4yMDAsMTMzLjQyNSIgc3Ryb2tlLXdpZHRoPSIzLjM3NCIgc3Ryb2tlPSJyZ2IoMCwgMCwgMCkiIGZpbGw9Im5vbmUiIHN0cm9rZS1saW5lY2FwPSJyb3VuZCI+PC9wYXRoPjxwYXRoIGQ9Ik0gMjQxLjIwMCwxMzMuNDI1IEMgMjQ2LjI4NCwxMzEuODM2IDI0Ni40NDYsMTMyLjM5OSAyNTEuNjAwLDEzMS4wMjUiIHN0cm9rZS13aWR0aD0iMy42ODkiIHN0cm9rZT0icmdiKDAsIDAsIDApIiBmaWxsPSJub25lIiBzdHJva2UtbGluZWNhcD0icm91bmQiPjwvcGF0aD48cGF0aCBkPSJNIDI1MS42MDAsMTMxLjAyNSBDIDI1OC40NDYsMTI5LjE5OSAyNTguMjk5LDEyOC41NDIgMjY1LjIwMCwxMjcuMDI1IiBzdHJva2Utd2lkdGg9IjMuMjkyIiBzdHJva2U9InJnYigwLCAwLCAwKSIgZmlsbD0ibm9uZSIgc3Ryb2tlLWxpbmVjYXA9InJvdW5kIj48L3BhdGg+PHBhdGggZD0iTSAyNjUuMjAwLDEyNy4wMjUgQyAyNzAuNDMzLDEyNS44NzUgMjcwLjgzNywxMjcuMjM5IDI3NS44NjYsMTI1LjY5MSIgc3Ryb2tlLXdpZHRoPSIzLjM5OCIgc3Ryb2tlPSJyZ2IoMCwgMCwgMCkiIGZpbGw9Im5vbmUiIHN0cm9rZS1saW5lY2FwPSJyb3VuZCI+PC9wYXRoPjxwYXRoIGQ9Ik0gMjc1Ljg2NiwxMjUuNjkxIEMgMjc5LjUwNCwxMjQuNTcyIDI3OS4xNTUsMTIzLjYxMSAyODIuNTM0LDEyMS42OTEiIHN0cm9rZS13aWR0aD0iNC4zMTYiIHN0cm9rZT0icmdiKDAsIDAsIDApIiBmaWxsPSJub25lIiBzdHJva2UtbGluZWNhcD0icm91bmQiPjwvcGF0aD48cGF0aCBkPSJNIDI4Mi41MzQsMTIxLjY5MSBDIDI4NS4wMjIsMTIwLjI3OCAyODUuMDkyLDEyMC40MDQgMjg3LjYwMCwxMTkuMDI1IiBzdHJva2Utd2lkdGg9IjQuMjQwIiBzdHJva2U9InJnYigwLCAwLCAwKSIgZmlsbD0ibm9uZSIgc3Ryb2tlLWxpbmVjYXA9InJvdW5kIj48L3BhdGg+PHBhdGggZD0iTSAyNjMuODY2LDYxLjY5MSBDIDI2My4yMDAsNjcuMDI1IDI2Mi44NzUsNjcuMDAwIDI2Mi41MzQsNzIuMzU5IiBzdHJva2Utd2lkdGg9IjQuODQ5IiBzdHJva2U9InJnYigwLCAwLCAwKSIgZmlsbD0ibm9uZSIgc3Ryb2tlLWxpbmVjYXA9InJvdW5kIj48L3BhdGg+PHBhdGggZD0iTSAyNjIuNTM0LDcyLjM1OSBDIDI2MS45NDEsODEuNjY3IDI2Mi4xNjIsODEuNjkwIDI2Mi4wMDAsOTEuMDI1IiBzdHJva2Utd2lkdGg9IjMuMzA2IiBzdHJva2U9InJnYigwLCAwLCAwKSIgZmlsbD0ibm9uZSIgc3Ryb2tlLWxpbmVjYXA9InJvdW5kIj48L3BhdGg+PHBhdGggZD0iTSAyNjIuMDAwLDkxLjAyNSBDIDI2MS44OTYsOTcuMDI0IDI2Mi4wMDAsOTcuMDI1IDI2Mi4wMDAsMTAzLjAyNSIgc3Ryb2tlLXdpZHRoPSIzLjMwMCIgc3Ryb2tlPSJyZ2IoMCwgMCwgMCkiIGZpbGw9Im5vbmUiIHN0cm9rZS1saW5lY2FwPSJyb3VuZCI+PC9wYXRoPjxwYXRoIGQ9Ik0gMjYyLjAwMCwxMDMuMDI1IEMgMjYyLjAwMCwxMTUuMDI1IDI2MS44MzQsMTE1LjAyOCAyNjIuMDAwLDEyNy4wMjUiIHN0cm9rZS13aWR0aD0iMi41NTciIHN0cm9rZT0icmdiKDAsIDAsIDApIiBmaWxsPSJub25lIiBzdHJva2UtbGluZWNhcD0icm91bmQiPjwvcGF0aD48cGF0aCBkPSJNIDI2Mi4wMDAsMTI3LjAyNSBDIDI2Mi4xMDEsMTM0LjM2MSAyNjIuMzYxLDEzNC4zNTYgMjYyLjUzNCwxNDEuNjkxIiBzdHJva2Utd2lkdGg9IjIuOTE0IiBzdHJva2U9InJnYigwLCAwLCAwKSIgZmlsbD0ibm9uZSIgc3Ryb2tlLWxpbmVjYXA9InJvdW5kIj48L3BhdGg+PHBhdGggZD0iTSAyNjIuNTM0LDE0MS42OTEgQyAyNjIuNjI4LDE0NS42OTAgMjYyLjY1NywxNDUuNjk1IDI2Mi41MzQsMTQ5LjY5MSIgc3Ryb2tlLXdpZHRoPSIzLjQ5NyIgc3Ryb2tlPSJyZ2IoMCwgMCwgMCkiIGZpbGw9Im5vbmUiIHN0cm9rZS1saW5lY2FwPSJyb3VuZCI+PC9wYXRoPjxwYXRoIGQ9Ik0gMjYyLjUzNCwxNDkuNjkxIEMgMjYyLjM5MCwxNTQuMzYyIDI2Mi4wMDAsMTU0LjM2MSAyNjIuMDAwLDE1OS4wMjUiIHN0cm9rZS13aWR0aD0iMy41MzQiIHN0cm9rZT0icmdiKDAsIDAsIDApIiBmaWxsPSJub25lIiBzdHJva2UtbGluZWNhcD0icm91bmQiPjwvcGF0aD48cGF0aCBkPSJNIDI2Mi4wMDAsMTU5LjAyNSBDIDI2Mi4wMDAsMTYyLjM2MSAyNjIuNDAwLDE2Mi4zNTMgMjYyLjUzNCwxNjUuNjkxIiBzdHJva2Utd2lkdGg9IjMuODcyIiBzdHJva2U9InJnYigwLCAwLCAwKSIgZmlsbD0ibm9uZSIgc3Ryb2tlLWxpbmVjYXA9InJvdW5kIj48L3BhdGg+PHBhdGggZD0iTSAyNjIuNTM0LDE2NS42OTEgQyAyNjIuNjY3LDE2OS4wMjAgMjYyLjUzNCwxNjkuMDI1IDI2Mi41MzQsMTcyLjM1OSIgc3Ryb2tlLXdpZHRoPSIzLjk4OCIgc3Ryb2tlPSJyZ2IoMCwgMCwgMCkiIGZpbGw9Im5vbmUiIHN0cm9rZS1saW5lY2FwPSJyb3VuZCI+PC9wYXRoPjxwYXRoIGQ9Ik0gMjYyLjUzNCwxNzIuMzU5IEMgMjYyLjUzNCwxNzYuMzU5IDI2Mi42NzksMTc2LjM2NCAyNjIuNTM0LDE4MC4zNTkiIHN0cm9rZS13aWR0aD0iMy44MTgiIHN0cm9rZT0icmdiKDAsIDAsIDApIiBmaWxsPSJub25lIiBzdHJva2UtbGluZWNhcD0icm91bmQiPjwvcGF0aD48cGF0aCBkPSJNIDI2Mi41MzQsMTgwLjM1OSBDIDI2Mi40MTIsMTgzLjY5OCAyNjIuMDk1LDE4My42ODUgMjYyLjAwMCwxODcuMDI1IiBzdHJva2Utd2lkdGg9IjQuMDEyIiBzdHJva2U9InJnYigwLCAwLCAwKSIgZmlsbD0ibm9uZSIgc3Ryb2tlLWxpbmVjYXA9InJvdW5kIj48L3BhdGg+PHBhdGggZD0iTSAyNjIuMDAwLDE4Ny4wMjUgQyAyNjEuODI5LDE5My4wMTggMjYxLjgxNiwxOTMuMDM0IDI2Mi4wMDAsMTk5LjAyNSIgc3Ryb2tlLXdpZHRoPSIzLjU0NCIgc3Ryb2tlPSJyZ2IoMCwgMCwgMCkiIGZpbGw9Im5vbmUiIHN0cm9rZS1saW5lY2FwPSJyb3VuZCI+PC9wYXRoPjxwYXRoIGQ9Ik0gMjYyLjAwMCwxOTkuMDI1IEMgMjYyLjA4MiwyMDEuNzAxIDI2Mi40MDAsMjAxLjY4NSAyNjIuNTM0LDIwNC4zNTkiIHN0cm9rZS13aWR0aD0iNC4wMjciIHN0cm9rZT0icmdiKDAsIDAsIDApIiBmaWxsPSJub25lIiBzdHJva2UtbGluZWNhcD0icm91bmQiPjwvcGF0aD48cGF0aCBkPSJNIDI2Mi41MzQsMjA0LjM1OSBDIDI2Mi42NjcsMjA3LjAxOCAyNjIuNTM0LDIwNy4wMjUgMjYyLjUzNCwyMDkuNjkxIiBzdHJva2Utd2lkdGg9IjQuNTY1IiBzdHJva2U9InJnYigwLCAwLCAwKSIgZmlsbD0ibm9uZSIgc3Ryb2tlLWxpbmVjYXA9InJvdW5kIj48L3BhdGg+PHBhdGggZD0iTSAyNTEuNjAwLDE0My4wMjUgQyAyNTEuNzMzLDE1MC4zNTggMjUyLjEyMSwxNTAuMzcxIDI1MS44NjYsMTU3LjY5MSIgc3Ryb2tlLXdpZHRoPSI0LjYxNiIgc3Ryb2tlPSJyZ2IoMCwgMCwgMCkiIGZpbGw9Im5vbmUiIHN0cm9rZS1saW5lY2FwPSJyb3VuZCI+PC9wYXRoPjxwYXRoIGQ9Ik0gMjUxLjg2NiwxNTcuNjkxIEMgMjUxLjU4OCwxNjUuNzA0IDI1MS40MjksMTY1LjcyMSAyNTAuNTM0LDE3My42OTEiIHN0cm9rZS13aWR0aD0iNC4xMzIiIHN0cm9rZT0icmdiKDAsIDAsIDApIiBmaWxsPSJub25lIiBzdHJva2UtbGluZWNhcD0icm91bmQiPjwvcGF0aD48cGF0aCBkPSJNIDI1MC41MzQsMTczLjY5MSBDIDI1MC4wOTYsMTc3LjU4NyAyNTAuMTQ5LDE3Ny42MjggMjQ5LjIwMCwxODEuNDI1IiBzdHJva2Utd2lkdGg9IjMuOTI5IiBzdHJva2U9InJnYigwLCAwLCAwKSIgZmlsbD0ibm9uZSIgc3Ryb2tlLWxpbmVjYXA9InJvdW5kIj48L3BhdGg+PHBhdGggZD0iTSAyNDkuMjAwLDE4MS40MjUgQyAyNDguMTQ5LDE4NS42MjggMjQ3LjI4OCwxODUuNDY3IDI0Ni41MzQsMTg5LjY5MSIgc3Ryb2tlLXdpZHRoPSIzLjc4MyIgc3Ryb2tlPSJyZ2IoMCwgMCwgMCkiIGZpbGw9Im5vbmUiIHN0cm9rZS1saW5lY2FwPSJyb3VuZCI+PC9wYXRoPjxwYXRoIGQ9Ik0gMjQ2LjUzNCwxODkuNjkxIEMgMjQ1Ljk1NSwxOTIuOTM0IDI0Ni45MDcsMTkzLjA3MyAyNDYuNTM0LDE5Ni4zNTkiIHN0cm9rZS13aWR0aD0iMy45MTIiIHN0cm9rZT0icmdiKDAsIDAsIDApIiBmaWxsPSJub25lIiBzdHJva2UtbGluZWNhcD0icm91bmQiPjwvcGF0aD48cGF0aCBkPSJNIDI1Ny4yMDAsMTUxLjgyNSBDIDI2MC40MDAsMTU3LjQyNSAyNjAuMDE2LDE1Ny42ODIgMjYzLjYwMCwxNjMuMDI1IiBzdHJva2Utd2lkdGg9IjQuNzE4IiBzdHJva2U9InJnYigwLCAwLCAwKSIgZmlsbD0ibm9uZSIgc3Ryb2tlLWxpbmVjYXA9InJvdW5kIj48L3BhdGg+PHBhdGggZD0iTSAyNjMuNjAwLDE2My4wMjUgQyAyNjcuMzQ5LDE2OC42MTUgMjY3LjU0NSwxNjguNTI0IDI3MS44NjYsMTczLjY5MSIgc3Ryb2tlLXdpZHRoPSIzLjY3NyIgc3Ryb2tlPSJyZ2IoMCwgMCwgMCkiIGZpbGw9Im5vbmUiIHN0cm9rZS1saW5lY2FwPSJyb3VuZCI+PC9wYXRoPjxwYXRoIGQ9Ik0gMjcxLjg2NiwxNzMuNjkxIEMgMjczLjY3OCwxNzUuODU3IDI3Ni44MTAsMTc4LjkwOSAyNzUuODY2LDE3Ny42OTEiIHN0cm9rZS13aWR0aD0iNC43MTgiIHN0cm9rZT0icmdiKDAsIDAsIDApIiBmaWxsPSJub25lIiBzdHJva2UtbGluZWNhcD0icm91bmQiPjwvcGF0aD48cGF0aCBkPSJNIDI4NS4yMDAsMTM1LjgyNSBDIDI4OS42MDAsMTMzLjQyNSAyODkuMzc1LDEzMi44NzUgMjk0LjAwMCwxMzEuMDI1IiBzdHJva2Utd2lkdGg9IjUuMDYxIiBzdHJva2U9InJnYigwLCAwLCAwKSIgZmlsbD0ibm9uZSIgc3Ryb2tlLWxpbmVjYXA9InJvdW5kIj48L3BhdGg+PHBhdGggZD0iTSAyOTQuMDAwLDEzMS4wMjUgQyAyOTkuMzc1LDEyOC44NzUgMjk5LjQ3NCwxMjguNzY0IDMwNS4yMDAsMTI3LjgyNSIgc3Ryb2tlLXdpZHRoPSIzLjg0NiIgc3Ryb2tlPSJyZ2IoMCwgMCwgMCkiIGZpbGw9Im5vbmUiIHN0cm9rZS1saW5lY2FwPSJyb3VuZCI+PC9wYXRoPjxwYXRoIGQ9Ik0gMzA1LjIwMCwxMjcuODI1IEMgMzE1Ljc0MCwxMjYuMDk3IDMxNi4wODYsMTI3Ljc4MSAzMjYuNTM0LDEyNS42OTEiIHN0cm9rZS13aWR0aD0iMi43ODIiIHN0cm9rZT0icmdiKDAsIDAsIDApIiBmaWxsPSJub25lIiBzdHJva2UtbGluZWNhcD0icm91bmQiPjwvcGF0aD48cGF0aCBkPSJNIDMyNi41MzQsMTI1LjY5MSBDIDMzNC43NTIsMTI0LjA0OCAzMzQuODY2LDEyMy42OTYgMzQyLjUzNCwxMjAuMzU5IiBzdHJva2Utd2lkdGg9IjIuODExIiBzdHJva2U9InJnYigwLCAwLCAwKSIgZmlsbD0ibm9uZSIgc3Ryb2tlLWxpbmVjYXA9InJvdW5kIj48L3BhdGg+PHBhdGggZD0iTSAzNDIuNTM0LDEyMC4zNTkgQyAzNDYuMTk5LDExOC43NjMgMzQ1Ljg0NiwxMTguMDYxIDM0OS4yMDAsMTE1LjgyNSIgc3Ryb2tlLXdpZHRoPSIzLjQ0NiIgc3Ryb2tlPSJyZ2IoMCwgMCwgMCkiIGZpbGw9Im5vbmUiIHN0cm9rZS1saW5lY2FwPSJyb3VuZCI+PC9wYXRoPjxwYXRoIGQ9Ik0gMzQ5LjIwMCwxMTUuODI1IEMgMzUzLjg0NiwxMTIuNzI3IDM1My45NDEsMTEyLjg2NCAzNTguNTM0LDEwOS42OTEiIHN0cm9rZS13aWR0aD0iMy45NDMiIHN0cm9rZT0icmdiKDAsIDAsIDApIiBmaWxsPSJub25lIiBzdHJva2UtbGluZWNhcD0icm91bmQiPjwvcGF0aD48cGF0aCBkPSJNIDMyOS4yMDAsNDkuNDI1IEMgMzI4LjQwMCw1Ni4yMjUgMzI3LjYwMCw1Ni4yMDQgMzI3LjYwMCw2My4wMjUiIHN0cm9rZS13aWR0aD0iNC4wNjYiIHN0cm9rZT0icmdiKDAsIDAsIDApIiBmaWxsPSJub25lIiBzdHJva2UtbGluZWNhcD0icm91bmQiPjwvcGF0aD48cGF0aCBkPSJNIDMyNy42MDAsNjMuMDI1IEMgMzI3LjYwMCw3NS40MDQgMzI4LjUyMyw3NS40MTggMzI5LjIwMCw4Ny44MjUiIHN0cm9rZS13aWR0aD0iMi44OTQiIHN0cm9rZT0icmdiKDAsIDAsIDApIiBmaWxsPSJub25lIiBzdHJva2UtbGluZWNhcD0icm91bmQiPjwvcGF0aD48cGF0aCBkPSJNIDMyOS4yMDAsODcuODI1IEMgMzI5LjcyMyw5Ny40MTggMzI5LjQyNiw5Ny40MzUgMzMwLjAwMCwxMDcuMDI1IiBzdHJva2Utd2lkdGg9IjIuNzEyIiBzdHJva2U9InJnYigwLCAwLCAwKSIgZmlsbD0ibm9uZSIgc3Ryb2tlLWxpbmVjYXA9InJvdW5kIj48L3BhdGg+PHBhdGggZD0iTSAzMzAuMDAwLDEwNy4wMjUgQyAzMzAuNzU5LDExOS43MDIgMzMwLjYwMywxMTkuNzI2IDMzMS44NjYsMTMyLjM1OSIgc3Ryb2tlLXdpZHRoPSIyLjM3NSIgc3Ryb2tlPSJyZ2IoMCwgMCwgMCkiIGZpbGw9Im5vbmUiIHN0cm9rZS1saW5lY2FwPSJyb3VuZCI+PC9wYXRoPjxwYXRoIGQ9Ik0gMzMxLjg2NiwxMzIuMzU5IEMgMzMyLjg3MCwxNDIuMzkzIDMzMy4xMDcsMTQyLjM3MyAzMzQuNTM0LDE1Mi4zNTkiIHN0cm9rZS13aWR0aD0iMi40NTMiIHN0cm9rZT0icmdiKDAsIDAsIDApIiBmaWxsPSJub25lIiBzdHJva2UtbGluZWNhcD0icm91bmQiPjwvcGF0aD48cGF0aCBkPSJNIDMzNC41MzQsMTUyLjM1OSBDIDMzNS4xMDcsMTU2LjM3MyAzMzUuMzU3LDE1Ni4zMzcgMzM1Ljg2NiwxNjAuMzU5IiBzdHJva2Utd2lkdGg9IjMuMjY3IiBzdHJva2U9InJnYigwLCAwLCAwKSIgZmlsbD0ibm9uZSIgc3Ryb2tlLWxpbmVjYXA9InJvdW5kIj48L3BhdGg+PHBhdGggZD0iTSAzMzUuODY2LDE2MC4zNTkgQyAzMzYuNjkxLDE2Ni44NzEgMzM2LjgyOCwxNjYuODc3IDMzNy4yMDAsMTczLjQyNSIgc3Ryb2tlLXdpZHRoPSIzLjIwMSIgc3Ryb2tlPSJyZ2IoMCwgMCwgMCkiIGZpbGw9Im5vbmUiIHN0cm9rZS1saW5lY2FwPSJyb3VuZCI+PC9wYXRoPjxwYXRoIGQ9Ik0gMzM3LjIwMCwxNzMuNDI1IEMgMzM3LjQ5NSwxNzguNjEwIDMzNy4yMDAsMTc4LjYyNSAzMzcuMjAwLDE4My44MjUiIHN0cm9rZS13aWR0aD0iMy4zOTgiIHN0cm9rZT0icmdiKDAsIDAsIDApIiBmaWxsPSJub25lIiBzdHJva2UtbGluZWNhcD0icm91bmQiPjwvcGF0aD48cGF0aCBkPSJNIDMzNy4yMDAsMTgzLjgyNSBDIDMzNy4yMDAsMTg2LjYyNSAzMzcuMjAwLDE4Ni42MjUgMzM3LjIwMCwxODkuNDI1IiBzdHJva2Utd2lkdGg9IjMuOTQxIiBzdHJva2U9InJnYigwLCAwLCAwKSIgZmlsbD0ibm9uZSIgc3Ryb2tlLWxpbmVjYXA9InJvdW5kIj48L3BhdGg+PHBhdGggZD0iTSAzMzcuMjAwLDE4OS40MjUgQyAzMzcuMjAwLDE5Mi42MjUgMzM3LjIwMCwxOTIuNjI1IDMzNy4yMDAsMTk1LjgyNSIgc3Ryb2tlLXdpZHRoPSI0LjA0MiIgc3Ryb2tlPSJyZ2IoMCwgMCwgMCkiIGZpbGw9Im5vbmUiIHN0cm9rZS1saW5lY2FwPSJyb3VuZCI+PC9wYXRoPjxwYXRoIGQ9Ik0gMzIxLjIwMCwxMzkuMDI1IEMgMzE5LjIwMCwxNDYuMjI1IDMxOC42NjEsMTQ2LjEyMiAzMTcuMjAwLDE1My40MjUiIHN0cm9rZS13aWR0aD0iNC42MDEiIHN0cm9rZT0icmdiKDAsIDAsIDApIiBmaWxsPSJub25lIiBzdHJva2UtbGluZWNhcD0icm91bmQiPjwvcGF0aD48cGF0aCBkPSJNIDMxNy4yMDAsMTUzLjQyNSBDIDMxNS45OTQsMTU5LjQ1NSAzMTcuMTgzLDE1OS43MDAgMzE1Ljg2NiwxNjUuNjkxIiBzdHJva2Utd2lkdGg9IjMuNjk3IiBzdHJva2U9InJnYigwLCAwLCAwKSIgZmlsbD0ibm9uZSIgc3Ryb2tlLWxpbmVjYXA9InJvdW5kIj48L3BhdGg+PHBhdGggZD0iTSAzMTUuODY2LDE2NS42OTEgQyAzMTQuNTE2LDE3MS44MzMgMzEzLjk1NSwxNzEuNzIyIDMxMS44NjYsMTc3LjY5MSIgc3Ryb2tlLXdpZHRoPSIzLjM1NCIgc3Ryb2tlPSJyZ2IoMCwgMCwgMCkiIGZpbGw9Im5vbmUiIHN0cm9rZS1saW5lY2FwPSJyb3VuZCI+PC9wYXRoPjxwYXRoIGQ9Ik0gMzExLjg2NiwxNzcuNjkxIEMgMzA5LjI4OSwxODUuMDU2IDMwOS4zNjQsMTg1LjA5MCAzMDYuNTM0LDE5Mi4zNTkiIHN0cm9rZS13aWR0aD0iMy4xMDgiIHN0cm9rZT0icmdiKDAsIDAsIDApIiBmaWxsPSJub25lIiBzdHJva2UtbGluZWNhcD0icm91bmQiPjwvcGF0aD48cGF0aCBkPSJNIDMwNi41MzQsMTkyLjM1OSBDIDMwNC40MzEsMTk3Ljc1NyAzMDQuMTUyLDE5Ny42NDYgMzAyLjAwMCwyMDMuMDI1IiBzdHJva2Utd2lkdGg9IjMuMjcwIiBzdHJva2U9InJnYigwLCAwLCAwKSIgZmlsbD0ibm9uZSIgc3Ryb2tlLWxpbmVjYXA9InJvdW5kIj48L3BhdGg+PHBhdGggZD0iTSAzMDIuMDAwLDIwMy4wMjUgQyAzMDAuMTUyLDIwNy42NDYgMzAwLjkxNCwyMDguMTA3IDI5OC41MzQsMjEyLjM1OSIgc3Ryb2tlLXdpZHRoPSIzLjQ1OSIgc3Ryb2tlPSJyZ2IoMCwgMCwgMCkiIGZpbGw9Im5vbmUiIHN0cm9rZS1saW5lY2FwPSJyb3VuZCI+PC9wYXRoPjxwYXRoIGQ9Ik0gMjk4LjUzNCwyMTIuMzU5IEMgMjk3LjE4MSwyMTQuNzc0IDI5NC4wNjUsMjE3LjYxOSAyOTQuNTM0LDIxNi4zNTkiIHN0cm9rZS13aWR0aD0iMy45OTYiIHN0cm9rZT0icmdiKDAsIDAsIDApIiBmaWxsPSJub25lIiBzdHJva2UtbGluZWNhcD0icm91bmQiPjwvcGF0aD48cGF0aCBkPSJNIDMyMS4yMDAsMTQzLjgyNSBDIDMyNi41MzMsMTQ4LjA5MiAzMjYuOTYzLDE0Ny42MzkgMzMxLjg2NiwxNTIuMzU5IiBzdHJva2Utd2lkdGg9IjQuMjk5IiBzdHJva2U9InJnYigwLCAwLCAwKSIgZmlsbD0ibm9uZSIgc3Ryb2tlLWxpbmVjYXA9InJvdW5kIj48L3BhdGg+PHBhdGggZD0iTSAzMzEuODY2LDE1Mi4zNTkgQyAzMzcuNjMwLDE1Ny45MDYgMzM3LjA5MCwxNTguNDYyIDM0Mi41MzQsMTY0LjM1OSIgc3Ryb2tlLXdpZHRoPSIzLjk1MyIgc3Ryb2tlPSJyZ2IoMCwgMCwgMCkiIGZpbGw9Im5vbmUiIHN0cm9rZS1saW5lY2FwPSJyb3VuZCI+PC9wYXRoPjxwYXRoIGQ9Ik0gMzQyLjUzNCwxNjQuMzU5IEMgMzQ1LjA5MCwxNjcuMTI4IDM0NS4yMDAsMTY3LjAyNSAzNDcuODY2LDE2OS42OTEiIHN0cm9rZS13aWR0aD0iMy45NjEiIHN0cm9rZT0icmdiKDAsIDAsIDApIiBmaWxsPSJub25lIiBzdHJva2UtbGluZWNhcD0icm91bmQiPjwvcGF0aD48L3N2Zz4=','static/user/1513086413761null5c45cb615341b156.jpg'),(17,'伊泽',18,'123',3,2,NULL,NULL,NULL),(18,'走A怪',18,'123',3,3,NULL,NULL,NULL),(19,'kky',25,'123',3,2,NULL,NULL,NULL),(20,'axios',19,'123',3,3,NULL,NULL,NULL),(21,'aay',18,'123',3,1,NULL,NULL,NULL),(22,'age',20,'123',3,2,NULL,NULL,NULL),(23,'admin-a',20,'123',2,1,NULL,'data:image/png;base64,iVBORw0KGgoAAAANSUhEUgAAAuoAAADICAYAAAC+nMSyAAAAAXNSR0IArs4c6QAAQABJREFUeAHtvQfYLEW1/X0VOGTJOZxDzkiQLJxDEhAUxEQQCYIgFwQDiCgKgiTxAh/XhIGggiJBkaACAiJBgqAXkaB4QEQBCUqO/28tmQ2bomemQ3V39czaz7Pfqu6u2rX3r2u6q6tr5v2v/5KIwGgTWB7h/b8M3bJP2BMyyr6hT1ntFgEREAEREAEREAEREAERKEkga5A+aYitBXHc1/vwkPI6LAIiIAIiIAIiIAIiIAIiUIDANCjrB9zMvzNn/d2DugvkrKdiIiACIiACIiACIiACIiACQwhsguPhQH1IlVcOc7nLVUF9LYF5BY8yIiACIiACIiACIiACIlCewNGo6gfqny1oau6g/r4F66u4CIiACIiACIiACIiACIhABoHrsc8P1GfOKDNs19cCG5pVH0ZMx0VABERABERABERABERgAIHpcMwP0u8aUHbQoWkDO1sNKqxjIiACIiACIiACIiACIiACgwm8FYf9QP34wcUHHuWSF7P18MCSOigCIiACIiACIiACIiACIjCQwA9w1AbXTKcMLD344Aw47G1xll0iAiIgAiIgAiIgAiIgAiJQgoAfWDM/Ywkbvsqx2DCbK/oDyouACIiACIiACIiACIiACOQnYINqS/PXzC65Anabrb2yi2ivCIiACIiACIiACMQjoF+wiMdSltIiwEG1lxh93dvkP1N6yTegvAiIgAiIgAiIgAjEJPDGmMZkSwRGnMAfXHyLu7yyIiACIiACIiACIhCdgAbq0ZHKYCIE/l6DH8c5m9u6vLIiIAIiIAIiIAIiIAIiIAI5CVyEcram3C9ZyVk9s9hMzuatmSW0UwREQAREQAREQAQiEdCMeiSQMpMcgT85j37s8lWyT7nK/HKpRAREQAREQAREQARqI6CBem1oZbhlAiu59mMug3nC2VVWBERABERABERABGojoIF6bWhluGUCU2pq/wpnN8YvyThzyoqACIiACIiACIjAqwQ0UH+VhXKjS+DhiKHd6GxV/SdKzpSyIiACIiACIiACIvBaAhqov5aHtkaDwIQgjPuC7Sqbfu37XFUMqa4IiIAIiIAIiIAIiIAIjBuBJRCw/8WXjSICmM/ZnjWiXZkSAREQAREQAREQgdcQmPY1W9oQgdEgMGcQxk3BdpXNJ1H5QSg/O9NDH4dKREAEREAEREAERCA6AS19iY5UBhMgsHLgw7+C7Sqbs6DyvFA+DKxbxZDqioAIiIAIiIAIiMAgAhqoD6KjY10lsGKNjv/T2eagXSICIiACIiACIiACtRDQQL0WrDLaMoGZa2z/RWdbv/riYCgrAiIgAiIgAiIQl4AG6nF5ylp6BPil0pji7c0d07BsiYAIiIAIiIAIiIAnoIG6p6H8qBB4xgVytcvHzi4a26DsiYAIiIAIiIAIiIAR0K++GAmlo0TgFhfMD10+dnam2AZlTwQaJrBJr73LkPq3RQ27oeZEQAREQASyCGhGPYuK9nWdgP95xudrDMb/86Mam5FpEaiFwBaweklPX0LKgfpUKPfr3gAIEhEQARFom4Auxm2fAbVfB4H1ndE6l6c84dpRVgRGgcBEBHERdN9RCEYxiIAIiEDXCWig3vUzKP+zCExyO+ucUdfPMzrQynaOwMXw+B3QRzM856y6RAREQAREoGUCGqi3fALUfC0ElnZW+Z9E65J76jIsuyLQEIEL0A6Xiq0VtHdGsK1NERABERCBFgjoy6QtQFeTtROYwbXwnMvHzt4Z26DsiUBLBK5Hu/xy9GTofdBboRIREAEREIGWCWig3vIJUPO1E4i99MW/hXqsdu/VgAg0R+BpNPWz5ppTSyIgAiIgAsMI+EHHsLI6LgJdJPBIZKencfb4SxkSERABERABERABEaiFgAbqtWCV0YQI/DmyLxOcvdiz9c60siIgAiIgAiIgAuNOQAP1ce8Box//zJFD5PIAk79ZRqkIiIAIiIAIiIAIxCagNeqxicpeagSmi+wQH25vhr4I1X9yjAxX5kRABERABERABF4loIH6qyyUG00Cz0QOa0HYW7Vnc0ak+qdHkQHLnAiIgAiIgAiIwMsEtPRFPWEUCfDn5Uxif+HzWTOMtM6ffnTNKCsCIiACIiACIjCOBDRQH8ezPvox/96FyN+Gjil+cM7lLxIREAEREAEREAERqIWABuq1YJXRlgnc4dqPPVD3g/PYs/XObWVFQAREQAREQAREQAREYPQIrI6QXoDy5xOXjhze7LDHL5Hqi6SRwcqcCIiACIiACIjAawnoy6Sv5aGt0SDwb4Rh/5holsgh8QukJm9ARgN2o6FUBERABERABEQgKgEtfYmKU8YSIbCo82Mbl4+RnccZ4UBdIgIiIAIiIAIiIAK1ENBAvRasMtoygQdc+37Q7naXzs7namqNuoOhrAiIgAiIgAiIQFwCGqjH5SlraRC437mxrMvHyP7TGdGMuoOhrAiIgAiIgAiIgAiIgAgMIzA9CtgXPmOvIecXVc32MD90XAREoHsENoHLVIkIiIAIiIAIiEANBOxLnnUMqHeDv3XYrQGDTIqACBQksAXK2+ebeYkIiIAItEpAS19axa/GayLAG21dMkNdhmVXBESgdQL+y+IbtO6NHBABERh7Ahqoj30XGAsAMX+G9PGxIKYgRWA8Cfhrxf7jiUBR10yA/4RvXmief8bHMZq+C1XzCUndvAbqqZ8h+VeWwD2u4mouXzVrN/LzqxpSfREQgeQI+C+i8+2ZBknJnaJOOcQ+NAX6KeivoXzb+ySUv0zG1JZZMX0Yemmwj/8Jm78uZuWuQ/4u6BPQa6A7QPmdLIkIiIAIdI7Al+GxXdw+HdF72qLdz0S0KVMiIAJpEODPudp1g2meWc80PJcXqRDgf8O+E+r7Ud35M9CeBuyp9AD5IQIikIvARihlF8eYs9/n9OzulssLFRIBEegSAb5ltusG0/d3yXn52iqBBdC67ztt5Llcy976tgpDjccjoNd68VjKUloEZoQ7T/Vc4rryN0VybyrsTITyBn4WVCICIjBaBDjAMrkJmbfYhlIR6ENgJ+w/vc8x7uZSl69D/wbl/Wh26HJQLstcCMrB9fPQO6AbQv2PFjyLbdaZDvoCdC7oMOGXov3//BhWXsdFYKQI8Esge0J/Ar0eak/NTyPPWVxJOgTs3Pgbb1XvnoMB2tMvQlQlqfoikCYBf92Iee1IM1p5VYUA38AcAQ37DLevgi4LjS2chHonlGvVs9q1fRNiNyx7IpAqgVnh2F5QfnnDPgCD0i+hXF1vKhaB7RugF0Hng0oGE7gah+1c5ZmFGGzt5fP6r55NP+MxrJ6Oi4AIdIMABzd2zbC0G57Ly6YJcGwwFWr9xNLDG3SEM/GfzfCBvnytQT/UlAi0QmBrtGofvKLpoTV4vHqGPzU0M1Im10M0fJ3Itx0LRoiMX9a5BXoFlDMpEhEQgdEiMCfCCa/33Fe3zIEGjoRyaYO1z2sXl1RMA5WkRWAS3LHzZOkl2Od/h79JjzmJZ374NI8Pq6DQt6F8A3AsdAmoRASSJrAUvPMdfVD++yi7OZS/FHBbUO9obMcS/vJAlh9N3EBixdCGHQ7Ojdv6ERzg2kHaeziCLZlImwBny9hnNobOnbar8i4iAZ5ru2ZYyut7XcL+5d/8WZs+vQllJtXlgOwWJrAkavjzw/zJ0LYnbw7J8KvfL8HwO1snQPk9rjAW2z4MxxaCSkQgGQL8kP0v1Dppv5RlloGGy1u4zadRX+992I4hfi28t9/W03uMmJqwweUuxuuyCA2+p2ePN07JaBHgA/oO0Gug1md8+ij2nwhdGioZXQL+4d7O/+QawuWs5U+h1kaedGINfshkMQIc4Ibnau9iJmorzeWYoW9hn+FSmTMyyoX1wu1PoM40UIkItEZgZrR8LzTsnLb9URybkNM7q2Mpf7KpinBgYLbCtO0n+CpxNVXXM6va5gd75+JzVQ2pfusEuNTgy1DfP4rkF2k9AjlQBwH+GkfYD/jFvZjSb1kl1xTzV0B4P7JrTejLdDEdka3CBMLzsVthC/VWCP3b0jXHvhMeL7rN/ikRgcYJcAblOmhWh12xhDdZy1RKmHmlyl/6+EZ/JcMJ3Igidm6r3uQO79nicidJfgKcPfwF1M4D07Og34XuD10J2pTwVfA3oN6XsvmNm3Ja7TRGIGtWcueIra8NW76/nYbtDfrYnxSUZb1z+pTV7voJ8K2bP3dck56SZPVdP4a5HM56/33+XBzjG8NbBpSx8uzDEhFojMCyaMk6n0+Pxv5waUsRp9YI7E4pUtmV5fow79fdbvtyV07Z/gQOc8x4oa0i/I1bno8VqhgZo7qbIdb7oL4PD8rHWirWD/E6A3zhF46PgnImc2XoNFATrknlg0WW711fw8nlcxcHsd2A7ZOhG0HH7a0dlwaE53kf7Ish4YwmfyBgmKyKAqE/Ve5Nw9rT8f4Ebg/OBftKSvJtONOvr7w54xjLcjlnVn+aH/uP7FOH9RaGSkSgdgJrooWwU/8V+zjIjiGh7TI2z0clb2c/t/2TMgbHsM4mjtmhFeLnxczOBZdNSPoT4Ezz1VDjVSTlMrPYwgHSQdDQD36Gigy058uw8Rz2dU1mgcMfgP4TGjLJ2uYsLt8UjoP4z7mx2DdS4GfCjtnkQCivWB1Lq0445G1X5V4lwN8uN/5M+UCfkmQ9YF7ac5AP2953y/O6mEfegkJWx1Kznae+yohAKQLropZ1OJ8uWMpadiXOunrby2QX67s3a63khs5maheKvoG0fGBex+ypCr74QZqfba1gcuSqzo2I/g31/d7yp2E/Z7T5Futd0GOhdixMJ+JYLOGAKLT/FeyrMvAM7S0fy9ka7SwK21+Hhr4X2X5bjf6lZDpksn0E5/yM5noF7YVr2g8vWF/FqxPYEyasX/C/jE5f3WRUC99w/pmfs/ZaODA49kds88GjiMyGwmbX0jmLGFBZEShCgF8Cs47mU3bE2OLtP1nQ+GdR3tf/Kra3c/s4aJcMJxDOkA2vkV2Cr7/tfGSXGO+96zs+xokzsZxdHyR86PkN1Oow5TrJGMIlLN7uS9heM4Lh8BrCX+9IVTi49gz65Q9FOT5wcLnLN6H9yq2FY6MuYexV+wz7+PVQ2t2vBDzOfHqfrithQ1XKE+Cg3PP/SHlTtdRkn/L+Mf9h11J4rGx/DicfY60+cK4qKwIvr7cMOy23Z6gJziTY9e1xJj+v8JW61X0Rec7oXu72bYH8qMi8CORjUK6NfQD6QygHBBxkxxDjyHTGkgaN/Qsl649ytckIzjNmfpWCAV8Z2MizfndQE7wZeZ9+ie2y5z6rnbMC+3NlFWpx3wJo+97AR8/jFBx7H9Rm3ZB9nfhlY75u3lfmrzPYkR0+VuZ57a0iH0Hlv0K5XICD9jIS+lTGhuqUI/AOVPP8Zy5nJnqtDWCx32fcGuMbTO8782VlY1T0tuqY3Czrm+qNEIELg47GTvemmuM7N2gzT3OLBXXsw+U/JEvnMZRAGa6nvALqffd5/0Di91v+BNTlQL6KHIvKZm+3koas/sEl649qtbUdWzI6umSgbw7s0FZZ4SDVzhfTI8saGlAvjPvsAWWbPMSHW/ZxH7/P74xjRQaLLOvrM78vdJQljLfKhAEfWM0e38SUlQdR0ewwlTRHwHPn9zryCpcCvh16AJT3oIeg3pbln8J+Tk79Fvq3oMxUbP8ceir071CrMyidHeVMPoeML3uSHSiRHhLYqvK5KNG8qowDAc4c+Q7LPAeRdQs/NL7dLXI0eHlQx16teztFbrY5moxeZEFYPD2Iw/tfNH8jbJV987Gq8+N3yBcV/0Udvv6TvExgOST+PObp24PYeVvMLz6ocJ9j4cCSa0vrktDfutrJa3dJFLwEGvp1NfZVWU/KSQFv8xlsj7L4WJkvKzOhotnao6yRXj1OEJgtprwmSeonwM+N577DkCY5yXZzUMfXrzN/D9pln/MSTk5yhr2sHIaK5v9ZZY2onggMIvALHLROxvRbgwpHPsafQLK28wxmrKylG6L+G50N7k9VuATgDqj5Hjudo0Tgbwj8KWqCy3AsjumKVi5YnssNqKnLonDweahxWS2Cw1s7e7T7aAmb33U2ji9Rv0iVH7m26C8Hym0I+/eXoHYuLP0L9k2M5JDZtLTqcpBIbtVixmK0tGwjX0FF2vheWQOu3hI9W+YTf4lDUj+B8HM1bdAk7wdvg54ItXPTdMrBON/cZMnPsNP7w3FEWTkQFc3Wp8saUT0R6EfAz2xYR+PNrUnh4Is6TDhrbD5ayg8XB6i2zTQ14RduuAbT+5gnfzvq2IDvb8jflMNGmcHyDc4u364UEc7KWixF6hUty4c4a4cpfeYMzgRoSsKZbvpn540zrrHEx898Edkcha0+b151Szh4uqjuBjPsh2/sLH722ZjXuPNhz2wz/XKGL6Oyiw+IFmvZtwccvJmNMterkCXfFPlllMNmdsP62i5HwM6hpbTCe93BUNuXJ+WbLj6w8eHtZCgH0LdBp0Kvg/LYrdB+tng9Y7l7emUeQnoUdCHoIOGyGbN576CCOY5909n6UY7yKiIChQh8EaWtszJdv1DtZgv72XfzmR7wxmvb/MCkJG+FM+ZbmP4ExzgjXVQ4yPC/tOLt/r6oMZTfFmo2tipY3y5QBxWsV7R4OFA3fy2dCoM7QWcsajhi+WVgy/xhOjGibZrig5u3v1xO+3z4er5Xl8ukps1Zr2ox7yvzTcokNBa2z+0YbzfCODbLaCssMyrbJ7hYOVNaVHjtsvOyYdHKA8pv5+zyc1JldnRAMzrkCNh5ZHoF9Dmo3zco/zWUnRfapnj/ytw3ve92H6RNTiJJRCAaAd6wfWdlPmU5D855f+/rOXu1279xQgHs6vzyfvOCxhnHqsIv+3q7lv9gQcP+TUXR2dYHez5MLNhmmeIcEF3Qa89i7Zfy9eNKUA4MmpBwkM6Z9djCQaaPN8/yFc5Yng19FspzxT7TlHhfmW9KFkNDYdvcLvq2KK+/ZBy2l7du18od6mJlvqhsjQpkdUbRikPKz9Oza+dh4pDyOlyeACdDPgE11sNSzlZ/FcpJoAnQFIQPct5vztpXkcNQ2exxRl8iAtEIhDPU80ezXI+hv8GsfRiY7tNrxu9rarZwWISbBL6aj1OGVSx4nLMSZtvSJ7GPN64iwoce1n+kQCVesK1NDlaakunR0Geg1vawdBeU5evxumQhGPY+TKypIT50+Hb+naOdo12dph9iw89rDncrFwmXwRmvmStbHmzA2rF0cOnuHuUA22IsOtj2gyMuS4ot5hfTi2IbT8Qe+zev+ROhk3rK+zaviXXInDDKt+wfgl4G9YyH5Y9B+bmhKQrfRnr/D6zo5LaBvYrmVF0EXiVwLbLWWQ94dXeyucecv/R7aaifzcozcGkiOH6Z0LhaSt/qGsyGFx22yUFSEVkbhZ+CctY178wjZ6zZ1m3QtoQ3rfuhxnlQ+h2UmxDZUQ4AfZs893WKb4v5QbI9Dlr57w8qWNOxz7r26UfdD9H9Bul8Y1S3GGdL626vLft8O2MxMl9EtkFh1v1hkUoFyob9ra7rbQGXchXlpM6uUM5SHwE9Bco118a5aHoL6vJ+06/eSzj2WygftPhWbj/ocVC/Zrtf3X77WfejUN4TuiC7wUkfy+SKTr/d2SNfiQhEIbA4rFhHvRD5Jm5mVR0PB2ScJV3QxbFl1QYi1J/R+WN8T4pgd5gJ3gR5gbA2mb5vWCV3nINzq5t33fwXenW43rBtmQ0O8OZjMQxK3xXJWc4QvujaXDKS3UFmrnbtMcZ+sgIOeAZ1vlHo58OUwIeib3n62c3aP3vQlsVe10xj6IO1Z2l4fFS2z3GcmS8iN6Ew+dR1r5mlZ9/OwXZFnGup7BaBz+Z719KW8JVu1vdjsuZDfhWxJV20dXsVQ6orAkaAM1t+re8SdiDxNByI0d0NoS9An4YuAG1bvgcH/EV2jwYdylo3yHOdV+zLQHfkrHAVyjFWzgalIgvDkRuh/hxk5VmGA+0qwgchs/22KoYK1N3Ftcm2s2KYKSjT1utnPjwZH6ZrQusQvlH6I9S3xTwHbk1J2HZT7TbdzsVo0GK9qEDj9uB4QoE6ZYqab5aWsdFkna4M1DkZw3vZW6F8i/hBqDG+GfmuyQNw2PxnWlXeDQNm7wdVjam+CJDAO6DWqbj8pSsSPgXTbz69Wixtx/Ex5wt94qvApuU3aNB4MOXr4LxyNgpa3WED/Deg7P/1ys+at4GGytG3TXu+WTxZ6VMoU3Z2b05n/yDkmxL/Bokx8aYZih+0fiQ82PC2584Hm9iyLwz6NizPGfamJHwwurOphlto5wa0aYyZzyt7oyAf7OfKW6Fkua1Qz/xj2tQblZLu/qfaJvjLyQ5OtBwBPQV6HdTHUST/O9R9Imf9W1DuECiXvlJ5D+OAnBMPgya+NsZx82lH5Lsmz8Nh859pVVkHBszeO6saU30R4KDKOhTTeTuE5Cjn+/d7flssj7UcRzgw5ACiDeGNyZhYmtePKa7uekMqsR9xJoVvZjgwTlVWhmPGISu9EsfLDB6u6dn9B9KsWW3srk18HOsGrUzGtj/e9rn5nPNnm8DXqpucZPCxMs+3QU0O0hnDilDvB2cbR1XuQWAWK/N5hPeY06B75Slcscx0qG/+Mf1ARXupVecSDfKcCJ3U0/mRNv1AshvaNM5NvU1Ek9GE4wXzn2lVIQNberp6VWOqLwI/AgLroL/oGI7vOd85aF/UbZ/YYizhLOelLfrCpteG2jlmmvdC6mcGObs+SD6Eg7TNmZ8uyBJw0jMJ85/E8TfkDGQtZ2vhnHViFtvTtb9GYNjHxaUnbcvWcMB8OiaiMxwkml2fLhuxjbym3hX4wofYUZV/ITDjzXwe+f9QiHXekqdwhDK39tpjm3yglsQn4H8B5v3xzddukZNM1o+ZVpWzYMDsbV7VmOqPNwF+mcs6E9MUbuRFzsg/nP8cmO/vtjcqYihi2QnOB2PLfW2L+WJp3llfK890kByPgyzDtEvC2ai7oT5On19kSDAczF/Sqx97hnhI068c5oyN+cwlBSb7IWP7+fo6BdkQTphPTGPIaTDibVp+5xjGS9jg8jLzgekoy5MIzmJlfpjMjQIsf9OwghGPb91r0/zkZ1YSl8AjMGd8+RnvmvABzvxnWlXugwGzxzdsEhEoTcDPhnyjtJX2KtoHgenR0D9Bbd8MLbl1hvOBvnCWPwUJZ/nzrpuzQShjGTRbbOWGLZFJgUWWD+RzG9T6j0+5zrWf8NhfoOdC2xoALIm2vb/Y/M9/ZPX72vKNvnjh7LL3axp/sER+g8Ce2b6lhK1YVfiwZH6cFMtoonaecbEyP0z4HQmyWX9YwYjHp+21aedk0FrriM2OlSljy7SLA9MjXB+JMdnkebxprHqCgo1KYBnXMdmpuJava+I/DCnMYvmlIvTt9MSAngJ/PLM87r3V1Tm4TwUOtszufH3KdGX3x10sFhPTLTIC4Gy8leHyoraEg3DzgynPx9fcvnA5DA61JqGvVZY/8IuzPm6fby1ANPwV5xeXJY2y/BXBGfd7hwTKh7RHoXwgbnoi5RNo0/xM6fMAt0ZCjC3TpToY0Wnw2WL4cgT/zRbTVCZJIoQlE00T8B0p5lrRJuPwMXwODdv2+U064drygyP6ktrDz2yOEf3LGny6cF7JGlemWWKvs3l8xqwCHdvHNwc+Zstz5trLldjgsTZnb80f85EpZytt+2/Ip3ajMN+Y9nv4w6Gh4pe+eZt8YG5Tnkbj5s9ubTrSQNs3u1iZHyRkQS7vH1SopmMcnNs5qdLnanKv82aNLVNOAnZN/PLHUyo6H77BqWhO1ceVwBwI3H+wUlhDXeZc+BgucDG1MWPiZ5XpF5fipChc8mLc8g7Ur3N1spby+IFhaoPCsucgPJ9kxl8QsdeYSzsmk5BvW34LB+y8/trluaQnNfkzHDJfhw3u+vm+rLNhtpgu369Cg/u9P6s12G6Zpt6ISnyLdCN0lRIGzkEdi5f5fuLvOXP1K1Tjfi53MT+ZSuIS8GwnxTXdiDXvPyfcqsjKqOztVbGlumNM4GLXkQ7vMAf/YfB5PtE2LRujQe9DyjPLm8BXal5ZFwUttm9lVLK3GU9kHOv6rrtc7GTwRyj71z97+3+GNAU5Bk7YOXqpl989BccyfDjC+Uqfy4gfIFrcHy5jKHIdfu7NH6YpXwcYul8+NGzpCsuH8kXssHiZ7yeH4gDLXdSvQAP7zU+mWqceF7hnu0hc041Y8/4P6sd5nOHSGbP3jTwVVEYEQgKcPbdOxHSGsECHtn0clr++Jf+vRbvmwy9b8qGuZjlLbrEx5UDVi32h7Aq/c0TyjPU8qI+f59e2Z0skzrWcT/SNs9apDhL99x7oaxkx/pZmPUCWsVu1zqowYD6Vja2qD0XrV/GXa/Ctfr8HJX5GrAz5tCX2cE1f3tOWEyParp1fpm/rWIzh/e2jFf2/B/WNx6YVban6mBLY0nWiSzvOwD4MPt2opZi8DykuN6iK5SDXb8ILscV+WtVGEq3P5S4Wo08/n5C/swQ+Vp0VqjO0RQNfi7bFL+7681B2+UzRdvOU97Np9LEL4gcWEws6/AGUt3PBfJZ8CjtZ5vmsgw3uO7fnB305pcF2x6Gppx3b7TsWMCdjrA8z3aqi/95WOKlV0bSqjwuB3yNQ60hdfEXlz5PF4VOuuWxa/NIQvuriE/qoyfQIyDj7L+v6X7rZZ9SCdvFMdPEbh13d8baz4c0m5Tdl/IwaQ6bTFYTnvzPB+indDH1c1xSMq63ip6Jh8/u9BZ3Y2dVlPhR/3dgkPNjw9sFoz+J8tOG2R725KxzbHToWLK8/1i+YVlkW5d8ePdcxDiPhbhsDwNjgOOu2Us/oA0j/GruBhu09FrS3Gba5PrdJ4aD8067B05Dnh33U5FkEtC2Uy1z4Zd1ZoZSJLyf/+Xuey49a9h4EFL6t+Q728cKcgoRvOV5Iwak+PoSfUb6xKCJc5mPCQUEqsfJa4OV7fiPh/K+dbyu6fJ6sP5c+b3VPtAzSy1y+jezVrtHZXV7Z6gQ4AdhV4fc0vPBeV1b4C2gmO1lGqQgUIeDXE47CGr2fI3h7EuYMSfiBK8KmbNkFnQ+jOED3XDg4N97v7x04we0LByq+7ijkF3KxGodrEwgs6xdqUnmA6IfnKceyyLrlLVw9noMJ/RpoYT8Hf9YvmM7Rgg9lmlzK+X1mQQOTUJ7LHqjMe/E8jvAHWsrzOxv+/LTkxkg2y8kqY7tLxyLk4Np8Z7poBf+5bOZFKJd5LV7BjqqOMYFfIXbrkLy5d104W2Px3N5SMJ6pXxLSkju1N3upY+6XvfA8jLocjwCtv/m07QeUvTL8SuFnCgf1B/76hzHk92byih+ovz1vpYbK+e9xdOnzsCT42Lm4qiArLp+0usx7+TE27Ji9gfPHm87zc2r+MC265Kppf7vU3kcc21265Dh8DSc6lq3g/8Ooa32s6JvCCs2q6qgQ4GzzX6FPQjcdkaD8jfGQFmLiOmD7UDLlzNSoy2QEaDH7B6VfjHjgb3RxH+DyZFFkRjg2prAP2rnZJHZDke3ZMjUul1itoG3GlmJ8xp5pCm9a8mJdCQXN96Lr6rd2dZk3mR4Zs/l/tjOB1HxiumYC/oyKCxzcck02dZkOBuX7xXol/ff3CNqTiEBhAhycW2dsY4lIYYdzVOBDh8VU9sOVo5m+RQ507dOPtmdW+zoa8UA4+2D814/YRoqmdoRTFitn4izPdO8WHT7a+cJfteDA90Vo0bXGqNKocHBuDDlL3nUJZ2u79HlYDvDtXJxX8ERs5Ooyb3IqMmZzPtuZQHqh8+vQBPwZFRc4ULfzvXQHg/q383/bkv77axrfPEtEoBAB/6R3Q6Ga6RZeGK7ZhYEp18g1Lb79I5puvMX2/htt+9iZ5+B1lIVrDhnn13pBXt/b5j4uiWlD/OeafvgbhR80teHbsDY3RwH6TD1zWOEOHJ+tF4vF1KWHdj7Umd/8zkkR4RIrq8s8JXyQfXlvGn/fATfM37+k4dJIeLGb4/q+Dka0j/Of16Yyws+O9a19yxhQneoEeFPsqmzgHD/Z5buc/X7g/JzBdt2b4VuJI+tuMCH7Xw98uQ7bHMiOqsyLwKbtBfepXnqbC3Z/l28yy0GHydXIcLBo8kHLJJre7/xKffbfudo3u6Y7cgnyvGF3Rfxa2gcLOu1/ccfyH3M23unyKWR/5pyY5PLKViMwq6v+hMt3JXuHc7TsG4H9nA3NqDsYyuYjwIGUPenNmK9K0qVmcPFYXKc37PGegQ8NN996c9u5+O9q3Zt6HfhOL9ZfuWY+2dtn/c8daiz7R+cD14Uu7rZvbMyLcg2Fv7RQzko6tb4NV6wvbJiOW7k8eZvznV8KLCLhjDontIwDU26nJnvDIS4Roy6RmnMd9YcTVXbeV+9gDP4zcE8J/8Olbyn2+xJhqUpTBPxryEebarTmds6AfbsoWNr0E+w1zodReHVf9JTt5OLnOVi4qIGOlPcX4BWcz/wyo/U9ptO7Y01kJwTts00+hHufuC9VmQmOdcXXPAyfdfHY25c89VIoM8n5zge+IuKXzTDPNwt2Xr9ZxFCDZTk4Nx8/12C7o9zURY7pYh0MdF7nP/tGUVkWFaxPlalftD2VHzECW7gONArrpsIBin04mv5lAWuX6eQR6zN5wrnM9StjMYqzCDv24rwNKQftJlwuYHEzXcgONJSu69o/tNdmOJvZkCulmuFg1vMrZSShShbLXxLyKa8rS6EgHzSegU7MW6lXbm2kFrvPc1/Kb2/NZ6az9GJRUp6Af1Btehlqea9frRn+SAInOIvIBShsfWqvIhVVVgRI4FqodaBwXXUXCX3FxfMJl3+qwWD8LCvZFv1QN+hqLU35h6Xr0YL1r1F4EAyBndGLjzMmXsI+sKU/2EDe/0b1gq49OxdMU5aQX8q+DvNtdhR4DMrBCh+guiYfgsPWbzYv6PwOru7uLp96/zvL+Xp6wZhV/PUErP8w7eqEjY+hyE/uhteylB9QX3/mtCcJAr7zJeFQBSf4hRUfzyLBdgXThar6gSr9GTdZCwFzYHI7lLMn/pyM0kWKr/Jvhp4MzRIfN2/8TYq1zXW2Xmw/U84SpSze15T9HObbmihgsXDQ3jX5bzhs/m9Q0Pk9XV0uPzQ7by9op+niCzhf6bP/InbTvoxCe3bemXZVfAxfLBCEX0r1QoF6KioC/yHgv7D1ixFg8mPEYB8mzvyEyw+aCtH/DN51TTWaSDucPeDFiOfB+tTk3jb3HQcdBeGs0ENQxrRzn4B4zGufYtF3z+Xa3Syw7v3hA2XK4n1N2c9hvl2NAhbLsLIpHvdfjOa1rYhshcIWu0+L2Gir7IOB7235MQrtdu3cZzE/FTvLxMHvYli9vbIMa58IDCLA1/HWgfjlvy4L1xFaLEzt9Zrf11R8y6IhDlY5m7lpU40m0s4q8MOY79HziefiWCiZ/Bs6D7Tr4gcg1tfCmG7BDmPBtCnh906eh5I1B+1evD/hMV8uhbz3NQV/yvpgcdxd1kDL9b6E9i2GIq/86TYfFK2upafzQAeEbz/MZ6ZcxiMpR8BzLGeh/VrLwwUfByel8oivk/rkSJ54VKZhAkegPetEqd+0h6E51cWyuCts8THtN6ByxaNkOVCydvnhHie5FMFa7DO5wDk4t/0nId/UuXAuRM3aWwN+J6KfHI8DFjPTJpaahOshQ9+8P0UHXaGture9r02wqyOe+WHU4ji4jgYasHm2i6HojPoHXF3jMKkBn2M1EfrPt9CS4gTs3DPtsvg4tssRyMIoY3U+kqO8iojA6wj8BnusE+V9OnydkQR2cP2gxXFg4I//suwywbG6Ni92/hS9sdXlUxN2Z3Rx8ze8Q/kedth54i9AdFXeAcctjjkHBLGLK8fycwwoG+vQiq7NqRlG/W+rr55xPKVdz8AZ4zx9So4V8IWvui0GvmnrotwApy2GRQsGsLmraza6dq+Z6mK4tGD8Kv4yATv3TLssB8F5H8uwvrwnyvPNOq9lHLRLRKAwAetwXGvbZdkPzj8HfRAafumHS0/4QXkBujS0CXkCjRjb+ZtoMJE2vuzi5mA2lPA7A118Dcg3AXZu+RA4SJbCQSvLlMuC6pYT0IC1yTdmoZyFHXacg/qU5Uo4Z7529XP0iIuhi/2d/cPOAdOibzb8F+lYn/2za+InghjDtl0LIAF/+atr1o8ScKe0C34yivFsNMCSL/vYgHI6JAJ9CcyCI/bB+UHfUukfmOTi+GqGuxycW5xvzzhexy5rj+l0dTSQoE3ewH3c0/bx8Yeu3Gf6lEl59/bO/2EPfn5QTza7NhCYPwdrZLR3tPO/iQeHDBdy7+ISKYsn9WU6WUGF5z+rTBf22TlgWlTmQwVff8GiBhIpv00QRxNvxxIJPYob5zt+/EWdLsu74Lz16V8PCIT3Nyt3xoByOiQCfQlwzTBnfvnbvl28CTIw3gj9k3o4m84yXO5iH5YbuaMBsfaYDns11oA7jTTBV3wW96BZMz/LwPLsh10RnkuLkWke8eVPzVOhQpmZUde3N0OGLf/qdnLG8ZR2vRnO8E3Z09AuvjaeBL/tfFyIfBdlejhtMfBeUVTmRQWrz7TL4uP4e5cDacH3ddAm32pzCchCLbQfs0lOvl0Mtf6wQobx8F7Ba5lEBAoTWAs1rKNx1qOLMhlOWwyX9wmgjVkt84kp2x914St9H3PWANEz8DOlrNeVh5ktXZxv8QENyHsufxhQLsYh/nKTby/L5t6uTFNvmLL8yLOPN3SLp4uTCV/ouP88R34m+VjuKCjbo7ydwyML1k2tOL/TYbEwTf3zkxI//1mekpJjJX3x3wX6HWzwHuiFg3ffV8ZhHODjVz4SgZ+4jjRHJJtNmgmfWOca0Lj/wDSxFMW3F36AB7jZ2UMnwnOL+cc5ouA5sPJMv5GjTttFwqU9ef3xcZaZkczbDstdDfXtZdVdCjvpB2e2in4xMMtenfuWg3GLJ2tZW51tx7BtvjPttxQsRjt12jgXxi2OpUs0dJ6rz39A13Xx3z8ily69EWyTPccY1o+ua9ORiG3f6WLaMbDLN4EW7/8Gx7QpArkJWCdi2kWZDKcthiuGBGDlmK4/pGyMw7695WMYTNjG7PDNxztsNt1CCV+Jf9gOJJq+08X5vgI+ejbM1ym+rT/3aWgS9lu5MgOvPmZr2e2XXfyxlhbqM9rGm7w6orG+wrTomy+WfxFqNviZ77r4AafFNQ6TMTHOm/FiOgrCSQ8f09y9oDhp6PfPNArBJhpD0WtSomH0d8t3pP6l0jwSzsjOOsTNk3Hc4v3WkLIxDt/j2ts0hsGEbTzoYj2soJ9++RXPzy4F6zdVvMqgy/qdpXX6bG0w/UqfhjbHfiuX+sMRL8LmK9Muib9ZN3HNqYONj2HrEg3wjY0/f5NK2EixymZBXN/HNt+4SQYT4Lp+6w8TBxftzNErXUx2jbo9Y19nAuqQo5zIORN6fId8LuRq2df4hRqpsfBRsG0f+KtztMOLgpW3D1OOaqWL+NfF7yltJf2K4UC7zDo8rvP052a7BMPewPn48YL+3e/q8nVoXRIOavsNwjeDA8b7oLqciWjXfGVapn9FdKWQqY1Q2nzv6hfJ+Nlkn30MOmhpIQ5nypew1xjw+xldXf6TFRwnJSw2przm8zMo6U/gCBwyZof3L9apIzO7mBjbocH2YtiWxCfAtxd3QMl8ZJcW+eUKd8VnWKvF2Xonxz7w/JnJYRLOiNb94TkWDpl/uw5zrqPHedO1GJkuUSEODhi9rb0r2Kqjqvet6MzZNS62W+twrmczfMu0ap+2/IMRf/c+deEg0fi/KXVnnX/+exsT3P6uZP01c2pJp/ldCDt3TEdpoE4kxwXxXYhtDdZJJlvmx27fH7JLdW+vn/zw8d3dvVA64fGS8NI4fwf5Lk3gFALsPzBXFqrZfuGH4YKdpM8XcOciV++sAvXKFP2ka6vfzGYZuynVOczFeF4Ex37i7PH8cjsFWRpOWH/7egmHfurqn1Gift4qfGA1P5nO1KeiX2v/jT5lUtr9P3DG4touJceG+PKPnt9PDymX6uENe/6T/UklnPTLZuz88b4zSsKH9t9BLT5L+dAsySZgjJiulF2kk3v5HRofG/OD/mt1J4NMwGn/Fv9O+NPFSZDcGNdFSetUHEh0RdaBo+Y30yKzm/7noVi3TnkLjPNLVNRV62yoJdvhb6EP+45AHjc5E2Wvsvw5npKnco1lzoFt84dvoorKj1HB6h9StHKB8uF6YPLMkvWw0/zhjGDq4n8S85epO+v8M8Z1Ppy55qJn+fbHYlighPV3ow5/N/txZ4eD91GT6RGQcfLp6qMWaKR4dg94RTLbupnwDTP7wsTWvRotB3ZCOPYZux95jkNGWjZBdBbwDzoSabgWrOjPYnHg8l0XN9eQ1iX+gWIUL9inAZz1n7dGhMhz9HNn29q4DvveAy3yYIbilcVffPn0XkZ+hkoWBy80dckGMGztMO0nW+CAlTumX6GE9s/h/B0UV0Iu/xffbjwA5SB12ZQcy+lL+Ham30NfP3P+c2N9jSmXLY6i8O2Vj9Pyx2N/l5ZrNXFueA03PkwnNdFoA22sgjZ8XJZfpoG2R70J9plTocb0bOSbHgugyeaFg1QL+qTmmy/cIm8U/tXSVoUtvFzBxz0Vu+pa2/R52Da+O7/c9Mj85QOSxXYy8nUw3Ma1YW359Ckcvxv6e+jF0MnQOsRffFcr2cBlqGe+8wGuLtkLhq0dpv3kv3HAynXhs884zN9BcfWLt439yzufOejtmnApmzHfv4TzfKi2+nxgsfzsJWx1pQoHDr9wsVrMTHmt4oRNHddKmO2c+EkF9o+uy4wI4HqoP+c+/+auB9ii/3yb51keh+2iEwctul+t6c1d8F+oZqqR2ns4f0+o2KI/6VyiUof45RJb19FASzZ5ozkWylfaT0CLvtVAldzCG99noQ9D/Tnrl188t+X8Bc93beev9dqSVzgbnB2uSw6HYWPzyIBGPubKHTOgXEqHbnc+T0zJsT6+/ND527WbylzOd/anMjNXtzobnFW2fjkKv6OOcAbKRjjKt28Wc5jegmMHQMd5/TI/E55L1weyR7p4rkCeb5QudPsYa9djRAiNyyfQou8nOzTuQcsNbuMAEEbK4mdwr4WjXBNYRbhm1J/8Om6kT7s2VqnibGJ1uczF2H2tId94ft4P9UzNB0tfxPH5IvvDmVCzX+Vh9gpnhw86dQl9NH8HrYv+uCt3SF3ORLbLdeovQXmeu7CUxM4D067J83DY/N+9hPPhshd/zViuhL0uVuFyF//jBcYzK/0mynbxrUvV87IkDBiPC6oaa7G+j4PxrNzzhfetg6Hcx2sX002hkuEE+PbJ+oal43LteA0d3ux4QebMaMpPelz7d13PzyeRzg2tKryI2slnyhni2OLtz5jDOONaI0e5NovwXPi4YnyBtGg8s6HCbtDvQTlr+RUoB6hLQ2PL7jBo8U6sYNzW3HOQWaecC+Pm7xcHNLS/K5f6Q7qFsYLzeVvbmWg6rfP1l4n62M+tDZ3v7EtlZtP5+bR+yHQut80lD+MkIU/Pxee78jmMfe44E81BLJcycolD14SfD38e+SYplI2xw5fZNyyg7VcI8C0Tr5me1/HYLnMdesVolzNrORipzlDxidSv+dszInAO8nxn4EAgpnjbw+xykGnlDxpWuMXjHBSbn2e26EdTTf+mF+9jFRv8Vs9OHQ+E3jU7N0xP9geC/PrYtrJdGTgt53z+QxBPapvrOl8/k5pzA/wJJzDmGVB20CFO/lj/Yjqd215+UMURPsYlb3yA8Uu4PKPPjXDsg0Lz64+PQkHe87sk4VuT2fs4vxr2+/N9Cra7Fmuf0KLs5iQg1557Rv/C9kJRrHfYyP84KJslGsdhzsd/I//GiH76m4d1jpkj2Z/g/KbtQeJn31j2zkGFWzzmZ8XoZyxWLYY0sOkZcNT6xToDSw4/yIca2nr38KKlS/Cib/4y/f4AS36GJ9XPfuh++HkNj6e0/Uk4Y+di1ZQcG+AL+8/9zu8tBpQddshit9TPOnaFx7AYqxzntfQUqPE5G/kYb4qr+NRm3esdi6XadKRg25zksHPI9MQh9VcOyj+ObY4Vxll4n90P6jk+g+0pUAkI/BZqcNiBUpMt4ZD5x5QXt9jCLzb5Nn6M7RhPuVye4e0O8vtTQdkPDyrc4rEnnZ+fb9GPppreBA09AZ0K5cWkivDhi/3hHVWMDKnLN0K+z313QPmPu7JfGlAutUM+vhif07riu9nxjTm5UJe/tLuP8/moCg35B1yerzugfqD+3gq2VXU0CayBsPxnuwufmfkDn+k/+/kwWRIFfKzMj+NbJk5QcpLIs3gJ27zvShwBDyi12dHF4Kf3bzvnd+zslKCtwyM0kHf2j53Vx8k896UmvLl6P7twIa3C0J+Xu6oY6tV9qMevzgdiP9DiueJym37CNZJ2Pi/uVyjB/eYzU74qTVW8n6n66P3ibK75fCny0/uDBfPbOFu0eSTUXw+3LGhPxceDwLMI0/rgDomHzM+H+WppkR8yyBrknwObVT53iSN7xT2OHbaG/gxq7HjuOWhPefIF7rUjBolpSsI1Xt63JvzbP2gzxlOdj4ExZQkHSb4cZ9dTkzfBIe/jVqk5WIM/u7qYvxbB/imwcQG0zoewXzmfeb5OhvYT3gjtnD7Tr1CC+81npikvofB+JojxNS7x1ftlUH7RmcsLq765/BFs+Ph5A/YDda7VlYhASGASdvh+M09YIJFtXsPvDXxdsYRvfPP0z8AO4z8WmvIkBNwrJRygbw+1c/wo8tdAOZ7gMUkGAT65GDCmqciMcMT7xfwsDThHHk8GbS9esV1+icxiWTfD1pLuuJVLrcP6V9b08S8ZcYziLjsfTHmeqggZ3ge9sIqRHHW9z8x/d0CdVXDMlx9QNKlD/sF20BuDNp3mZ9jY3tOmIznb5oOo+btHzjqDioVfJF0Ghf1AnV8KlohAFoGrsNP6IlMOilOTc+GQ93Hzig76wau3eyDsVr33VHQtSnVeD/eG+tiY55u1FM8v3EpH+IrFg0vBs3BtI/1bqUHH/OtfY1PlFzE4ODc74aBpDnfMyvCDmZqcDofMP6Y8R6MuXJ7iY656MZnYs3dTzeC8z8yfN6A9ztj48gOKJnWIS+BS99t/tn+QFL3XO/MBx/PvyHPCoqr488P8bFA/AbN81QZUf2QJhOOSaxFpSpNXn4Q/vn/H+j4ZJ3P8xJ5v40oc2xFa9T4EE40K7zH/A/WxMM9fN5oZKslBgCfdA8xRpdYiswb+0Ld31NpitnGunfJcmOcSgn5LV7KtvLw3HAxZ58x6IGA7qcnecMizmC81B2vy514X9x8itGGDy7oHbX91fvO8XTfA9zmDsgOKJnXID/gYY4oPjlySY5+bw5Ki91pn3uz8pL9c4hZDLHZLea/xDy9rxGhENkaWwDyIzPoOUw7sUpBweewhNTjFB+V3Qc+B8ouVngPzl0MnQ1MVPlTR/0ehoe+c9ONDu6QAAXYID3KBAnVjF1048IV+caanLdkPDXs2lv8q9nM9ZxGxukwPhvLmeDfU72c+1k0SpqIIH5K8j0tHsZq+kfBXgLaO4DIvumS5bwRbg0zwQujP2RMDCnNNpS87oGhyh77tfGc/TU0WhUP8ctTzUHJOUeaHU/78bxDRSW+Xed5rlnDtrROxLZkaTQKru/7CPrRLy2FuE/jzzQb84WeGD/rh58lvH4PjvMZwaVkbwjcgK0CPhnq/fP7nOMaHL0lJAsejngF9Z0kbVaut7XwwX7aqajRCfS5beSjDN/r4IHQKdBroMNkVBSyufikHhynJZDjjfR2nGbC7gtj5VqSK+AfiZaoYylGX64v9eWO+n/Az5sv2K5fifl6rzPf7kSfjlMQPMhZLybGeL5wUMH5MeSONKd428xS+TeS5+gd0VqhEBIYRCAfH2w+rUNPx9WA37NNNDozZ1j4ZPoQ+2fZFKPtp6HuhnATl26wYy2ZmgZ1FoLzPcLLkAai1mZVyfGmrCJCVlCXgb3iXlDVSoV7WIHbVCvZiV+VylwuhWZ3Q9l2D4+y0nC2dAl0euhGUr8n41G3lstLLcZzLYFIS3yfo81opOdeAL+F5qtok+ZnNN1Y1NqT+Kq4ta7NflZ1c2S/2K5Tofl78LT6mvHmkJH4CZM2UHIMvITvyyzPhUCQMf26Yp/Baavt5w5eIQB4CXHZq/YYpZ26bFE5S+faZX7BJB4K2OPA+HRr61G/78aDsI9i+Bfoj6BegO0LfCl0Byhl8TiZxkpLLNT8P/QH0Bug90KyVAL7df6HMEdCJUElEAgvAlgfNi2kTwgt11iA2tUGrsdgYGc8pRv422OR625TE1lJbfBy0j5Osh2AtdqYnRAje7PECVrdw5sXas7Rfm2e6shy0d00sPktT8v9aOGN+LZ6QY7M5v8y/Oq5BZttSIpjs2h6XZXSMW1KNACc3HoJaX2L6ArSJwfKHgnbZNvtxKjIDHOE96zDo5dCsGW6+waLfMZQ/3Uo7d0Evhh4FfRu06s+5woRkGAF/An89rHCE41xT6ttknk9tEyLYrtPEG2B8B2joe9ntT9TpbAnb9MfH8vkSNrpe5aWAAb9wWUX4qtaYTl/FUIG6T7s2n0Oeg/dQwgH9RmGBDmyHD8/rJ+SznXOmqSzzmA++eL+Yr2tmO2yHp+btrn2u4ZeIQF4CXLbxPDTsV/thH4/FFk5Y3goN20vtnj0sbo6puOyFbxzfBT0Aeg70cWgYW7/t+1D2W9A9oLRT1zUDpiWDCHDJhj9JfNVTh3Bmybdj+d3raKxmm3zK56siDty/DLVYwvTPOHYG9KPQdaAcOPkyqXzwzw/8ugnb4yj+3DBfRfxg+EtVDBWsG86qcOlNKFy/6GPNGsyHdVLb5oOzj4F5zhinIN4vXivaFr7S9j4xX+eDY9gW49/R+ZDad3LonyRtAvy897vX7oZjMT5nHNQeDQ37L7cPgo6akCm/g8UB+Juhq0CXhHKCqov3BLg9usIn0rBjbhEx3E0z7Ft7o7S0gp2es1bs7JwxyrpwkPWvoBY/0zOh00DbkKxX4ffCkbb8aYOBtekH1nZ+7FiZ9GJUMjvsG03Jk2jI2mXKWRQv82DDH/+jP9ix/OJBLN9JxH/Pt8lznxU+b8DenyuxzetQneLbY55yINT2sw9KRKAMgeVQ6Vqo9SWfTsX+B6F/gHJd9W+hf+rp1Uh5r50KDSfMvI2s/OqoIxGB1glMhAdhBz0U+8pc0DnI42D1Kmho028viePjKBzAHwn1LJjnIL9J+TgaC33g9jgO0sk9HND8lDtLykaoZ2yb7uenu7bpw6MuBs4Y8SZmvjFN9Xshzu2BWf9G8PiBJZs76Pm+qblmX9fS5tjjfTkM2008OPBNorXL9awUf82b+eVd+isCpQhwXNJvdt36XYz0CLTD+7VEBJIhsAw86de5+eWN+6GXQe+B8mn1HOgB0C2hm0H3g/4I2s+G7aetGaDjLv7GZWy4dmxdaJ03061g39rz6QU1twvzSQuXIXkeZd/28EHH7PyqhYj9Q4L5QTd4w+EXmG0f072hoyBTEMTu0FSuK54xHwCbFp7rE6D0w753wTXiTYmP/+Feo19Havvpn0QEqhJYAQasT8VMucxFSz+qnh3Vr43AXLDMwXjMTu9trV2b5900vMcA1mfj2IegMWZkeWPcaUBb/KLJuMtZAOD7atnX836Gt43Z6glBHIzpGOj/Bvu/i21JPQRuglnrS2Uf+Mp6xoeVO1379KPphwWL3VLG8jvnE7clIhCLwPIw9FnopVDrc1nplTjOzyYnG7OOfxT7Z4ZKxq4Ra1kAAAfxSURBVIBAnbOhTeDja6UTobFm246DraOgj0AlryfANxm3v3533z28yHBdMd9w/BN6L3R6KM/bs9B/QcmaM2lvgfJhYEFolpyEnR+Dvph1cMz2/R7xruRi5owK3/4UEZ6Hm6ELQfmQxYetNoQ3oWHCLww9OqyQjpcisA9q8bNFeTf03P/k6v/DiRZeE7ysjo3f+h0N5MP+x3ui39f1e2QDCNVEBQLsX7ND+dDK++FTUIkIjCQBfjP/OCgHK7zI/gl6SS/P7SzlgI/LX/izdDNCJfkJrIGi/wfN4hp739FohzOvklcJPIOs5/zqkfw5+2UL2uKgvS3hDKqPJcyv2pZjY9LuDo7/QQ3FzHManufVGmo7bCb0g8f9vrC8tkVABERABGogMCtsbgbl7BEHKItANVMCCBGEvxrDGdm7of4GVyXPV37bQXWOACFDQrYZRQbu4lIZs/GFgSWbOXiE88f8YsrPq6ReAnwbacxvrbep/1g/1rVn7XI5QFvCWUzzgynFtm9/eVN/RUAEREAERGA0CHBgzSUZh0O5rOIhKG92F0BPgu4LPRj6deh1ULshWnom9k2ESgYTMF6WDi79+qPXYJfV5SvXFOSjcMJ8YvrhFJwaAx92DrjXFfKKQTt2rleuq8GcdsM3g5x4MN++k9OGiomACIiACIiACIjAKwRsIGHpKwdyZPiFX6vHX9tITfjgoDcpzZ2VjdCU9QemsZcBLg2bDwRtWHvzY3/bcgYcMH+YToTy+zNcRrkmVCICIiACIiACIiAChQj4WcBbCtTkl3j9oITbkvEmwO8n+D7BN2BzV0TCwf57oVOh3rblv4f9/HWnFGR/OGF+MV3dbS+cgoPyQQREYLwJ6EY93udf0XeTwFLObX7fIq/wi7kmhyHDWUPJeBPg7PHPofwOD2UZKJesUX4H5YD6CeiDUA5iec/grwxxbfffe/oM0jmgK0AnQfsJHyq3gP6jX4EW9l8XtLmb257g8sqKgAiIgAiIgAiIQC4CfgaQ+TyyBAr5etPkqaQyY0GAM+BXQn3/iJn/LmzzJzZTlNnhlI/1pN72I0j1GUnxjMknERABERABEUicAGc3/eBimLucBfXlJw6roONjR4AD6cehvp9Uyf8Gtt4PTf37BvTPx8nfseY2lwBJREAEREAEREAERKAwgfNRww8uhhn4qSt/wLDCOj62BDho3Q7q+5bluTyGs8y23S+9BmW6trY7K5aLEIdEBERABERABERABAoT+Bxq+MHFIAPbu7L8J2ASEYhNIPVZ82HxPo8C/vPEPP/fhkQEREAEREAEREAEChPgF//8wII/aZglC2Iny70EvQuqL8cBgkQEAgK7Y9t/nphfJyijTREQAREQAREQARHIRWAWlPIDi6xBBQfl/NUOK7dQLssqJALjR4CfFfucWFr1JyrHj6IiFgEREAEREAEReIWADSiY/umVva9m/H/6POjV3cqJgAhkELgW+/xnKqOIdomACIiACIiACIhAPgJfQDE/sOAsu8nyyNgxLnvp+hpii0upCNRFgL+MdCKUS8QWq6sR2RUBERABERABERgPAjMhTBuMW8rIw2Ux/P10iQiIgAiIgAiIgAiIgAiIQIMETkVbNkhnytlAv30GtiUiIAIiIAIiIAIiIAIiIAINEwj/kZEfpDM/fcP+qDkREAEREAEREAEREAEREIEegawlMBykLyJCIiACIiACIiACIiACIiAC7RLgl0X3hk6FXgWdHSoRAREQAREQAREQAREQAREQAREQAREQAREQAREQAREQAREQAREQAREQAREQAREQAREQAREQAREQAREQAREQAREQAREQAREQAREQAREQAREQAREQAREQAREQAREQAREQAREQAREQAREQAREQAREQAREQAREQAREQAREQAREQAREQAREQAREQAREQAREQAREQAREQAREQAREQAREQAREQAREQAREQAREQAREQAREQAREQAREQAREQAREQAREQAREQAREQAREQAREQAREQAREQAREQAREQAREQAREQAREQAREQAREQAREQAREQAREQAREQAREQAREQAREQAREQAREQAREQAREQAREQAREQAREQAREQAREQAREQAREQAREQAREQAREQAREQAREQAREQAREQAREQAREQAREQAREQAREQAREQAREQAREQAREQAREQAREQAREQAREQAREQAREQAREQAREQAREQAREQAREQAREQAREQAREQAREQAREQAREQAREQAREQAREQAREQAREQAREQAREQAREQAREQAREQAREQAREQAREQAREQAREQAREQAREQAREQAREQAREQAREQAREQAREQAREQAREQAREQAREQAREQAREQAREQAREQAREQAREQAREQAREQAREQAREQAREQAREQAREQAREQAREQAREQAREQAREQAREQAREQAREQAREQAREQAREQAREQAREQAREQAREQAREQAREQAREQAREQAREQAREQAREQAREQAREQAREQAREQAREQAREQAREQAREQAREQAREQAREQAREQAREQAREQAREQAREQAREQAREQAREQAREQAREQAREQAREQAREQAREQAREQAREQAREQAREQAREQAREQAREQAREQAREQAREQAREQAREQAREQAREQAREQAREQAREQAREQAREQAREQAREQAREQAREQAREQAREQAREQAREQgf4E/n/QBLgWSgnR3gAAAABJRU5ErkJggg==','static/user/1513236137349oo.png'),(24,'admin-b',23,'123',2,2,NULL,NULL,NULL),(25,'admin-c',24,'123',2,3,NULL,NULL,NULL),(35,'fzq',23,'123',3,3,NULL,NULL,NULL),(36,'Ecode',24,'123',3,1,NULL,NULL,NULL),(37,'hhh',23,'123',3,1,NULL,NULL,NULL),(38,'hash',12,'123',2,1,NULL,NULL,NULL),(39,'Ey',20,'123',3,1,NULL,NULL,NULL),(40,'KY',20,'123',3,1,NULL,NULL,NULL),(43,'aaa',24,'123',3,5,NULL,NULL,NULL),(44,'eeeaa',26,'123',3,5,NULL,NULL,NULL),(45,'架构师',20,'123',3,5,NULL,NULL,NULL),(46,'Vincent',23,'888508',3,5,NULL,'data:image/svg+xml;base64,PHN2ZyB4bWxucz0iaHR0cDovL3d3dy53My5vcmcvMjAwMC9zdmciIHhtbG5zOnhsaW5rPSJodHRwOi8vd3d3LnczLm9yZy8xOTk5L3hsaW5rIiB2aWV3Qm94PSIwIDAgMzkyIDMwMCIgd2lkdGg9IjM5MiIgaGVpZ2h0PSIzMDAiPjxwYXRoIGQ9Ik0gMTM0LjAwMCwxNTQuMjUwIEMgMTUyLjAwMCwxNDQuMjUwIDE1Mi42ODEsMTQ1LjI3MSAxNzAuMDAwLDEzNC4yNTAiIHN0cm9rZS13aWR0aD0iMi44MjEiIHN0cm9rZT0icmdiKDAsIDAsIDApIiBmaWxsPSJub25lIiBzdHJva2UtbGluZWNhcD0icm91bmQiPjwvcGF0aD48cGF0aCBkPSJNIDE3MC4wMDAsMTM0LjI1MCBDIDE4MC4xODEsMTI3Ljc3MSAxNzkuOTAxLDEyNy4yMTIgMTg5LjAwMCwxMTkuMjUwIiBzdHJva2Utd2lkdGg9IjIuNDUxIiBzdHJva2U9InJnYigwLCAwLCAwKSIgZmlsbD0ibm9uZSIgc3Ryb2tlLWxpbmVjYXA9InJvdW5kIj48L3BhdGg+PHBhdGggZD0iTSAxODkuMDAwLDExOS4yNTAgQyAxOTkuOTAxLDEwOS43MTIgMjAwLjQzNCwxMTAuMDc1IDIxMC4wMDAsOTkuMjUwIiBzdHJva2Utd2lkdGg9IjIuMjM1IiBzdHJva2U9InJnYigwLCAwLCAwKSIgZmlsbD0ibm9uZSIgc3Ryb2tlLWxpbmVjYXA9InJvdW5kIj48L3BhdGg+PHBhdGggZD0iTSAyMTAuMDAwLDk5LjI1MCBDIDIxOS40MzQsODguNTc1IDIxOS42NzUsODguNDU4IDIyNy4wMDAsNzYuMjUwIiBzdHJva2Utd2lkdGg9IjIuMTM3IiBzdHJva2U9InJnYigwLCAwLCAwKSIgZmlsbD0ibm9uZSIgc3Ryb2tlLWxpbmVjYXA9InJvdW5kIj48L3BhdGg+PHBhdGggZD0iTSAyMjcuMDAwLDc2LjI1MCBDIDIzNC42NzUsNjMuNDU4IDIzNC40MDMsNjMuMTEwIDI0MC4wMDAsNDkuMjUwIiBzdHJva2Utd2lkdGg9IjIuMDY1IiBzdHJva2U9InJnYigwLCAwLCAwKSIgZmlsbD0ibm9uZSIgc3Ryb2tlLWxpbmVjYXA9InJvdW5kIj48L3BhdGg+PHBhdGggZD0iTSAyNDAuMDAwLDQ5LjI1MCBDIDI0NC45MDMsMzcuMTEwIDI0NS4zOTEsMzYuOTY3IDI0OC4wMDAsMjQuMjUwIiBzdHJva2Utd2lkdGg9IjIuMTY1IiBzdHJva2U9InJnYigwLCAwLCAwKSIgZmlsbD0ibm9uZSIgc3Ryb2tlLWxpbmVjYXA9InJvdW5kIj48L3BhdGg+PHBhdGggZD0iTSAyNDguMDAwLDI0LjI1MCBDIDI0OS4zOTEsMTcuNDY3IDI1MC4zOTAsMTUuOTI2IDI0OC4wMDAsMTAuMjUwIiBzdHJva2Utd2lkdGg9IjIuNzM2IiBzdHJva2U9InJnYigwLCAwLCAwKSIgZmlsbD0ibm9uZSIgc3Ryb2tlLWxpbmVjYXA9InJvdW5kIj48L3BhdGg+PHBhdGggZD0iTSAyNDguMDAwLDEwLjI1MCBDIDI0Ni4zOTAsNi40MjYgMjQ0LjM4NCw0Ljk3NiAyNDAuMDAwLDUuMjUwIiBzdHJva2Utd2lkdGg9IjMuMzQxIiBzdHJva2U9InJnYigwLCAwLCAwKSIgZmlsbD0ibm9uZSIgc3Ryb2tlLWxpbmVjYXA9InJvdW5kIj48L3BhdGg+PHBhdGggZD0iTSAyNDAuMDAwLDUuMjUwIEMgMjI4LjM4NCw1Ljk3NiAyMjYuNTUwLDYuMTU1IDIxNi4wMDAsMTIuMjUwIiBzdHJva2Utd2lkdGg9IjIuNDQ3IiBzdHJva2U9InJnYigwLCAwLCAwKSIgZmlsbD0ibm9uZSIgc3Ryb2tlLWxpbmVjYXA9InJvdW5kIj48L3BhdGg+PHBhdGggZD0iTSAyMTYuMDAwLDEyLjI1MCBDIDIwNC4wNTAsMTkuMTU1IDIwNC40OTIsMjAuODY4IDE5NS4wMDAsMzEuMjUwIiBzdHJva2Utd2lkdGg9IjIuMjAxIiBzdHJva2U9InJnYigwLCAwLCAwKSIgZmlsbD0ibm9uZSIgc3Ryb2tlLWxpbmVjYXA9InJvdW5kIj48L3BhdGg+PHBhdGggZD0iTSAxOTUuMDAwLDMxLjI1MCBDIDE4OC40OTIsMzguMzY4IDE4OC40MTAsMzguNzIzIDE4NC4wMDAsNDcuMjUwIiBzdHJva2Utd2lkdGg9IjIuNTMyIiBzdHJva2U9InJnYigwLCAwLCAwKSIgZmlsbD0ibm9uZSIgc3Ryb2tlLWxpbmVjYXA9InJvdW5kIj48L3BhdGg+PHBhdGggZD0iTSAxODQuMDAwLDQ3LjI1MCBDIDE4MC45MTAsNTMuMjIzIDE4MS4wMjMsNTMuNjAzIDE4MC4wMDAsNjAuMjUwIiBzdHJva2Utd2lkdGg9IjIuODY4IiBzdHJva2U9InJnYigwLCAwLCAwKSIgZmlsbD0ibm9uZSIgc3Ryb2tlLWxpbmVjYXA9InJvdW5kIj48L3BhdGg+PHBhdGggZD0iTSAxODAuMDAwLDYwLjI1MCBDIDE3OS4wMjMsNjYuNjAzIDE3Ny4zMzYsNjcuOTIyIDE4MC4wMDAsNzMuMjUwIiBzdHJva2Utd2lkdGg9IjMuMDg0IiBzdHJva2U9InJnYigwLCAwLCAwKSIgZmlsbD0ibm9uZSIgc3Ryb2tlLWxpbmVjYXA9InJvdW5kIj48L3BhdGg+PHBhdGggZD0iTSAxODAuMDAwLDczLjI1MCBDIDE4My4zMzYsNzkuOTIyIDE4NS4zMTYsNzkuNzIyIDE5Mi4wMDAsODQuMjUwIiBzdHJva2Utd2lkdGg9IjIuOTM0IiBzdHJva2U9InJnYigwLCAwLCAwKSIgZmlsbD0ibm9uZSIgc3Ryb2tlLWxpbmVjYXA9InJvdW5kIj48L3BhdGg+PHBhdGggZD0iTSAxOTIuMDAwLDg0LjI1MCBDIDIwMC44MTYsOTAuMjIyIDIwMS41MTIsODkuMjI3IDIxMS4wMDAsOTQuMjUwIiBzdHJva2Utd2lkdGg9IjIuNjA1IiBzdHJva2U9InJnYigwLCAwLCAwKSIgZmlsbD0ibm9uZSIgc3Ryb2tlLWxpbmVjYXA9InJvdW5kIj48L3BhdGg+PHBhdGggZD0iTSAyMTEuMDAwLDk0LjI1MCBDIDIxOC41MTIsOTguMjI3IDIxOC41MDcsOTguMjM2IDIyNi4wMDAsMTAyLjI1MCIgc3Ryb2tlLXdpZHRoPSIyLjc0NyIgc3Ryb2tlPSJyZ2IoMCwgMCwgMCkiIGZpbGw9Im5vbmUiIHN0cm9rZS1saW5lY2FwPSJyb3VuZCI+PC9wYXRoPjxwYXRoIGQ9Ik0gMjI2LjAwMCwxMDIuMjUwIEMgMjMyLjUwNywxMDUuNzM2IDIzMi44OTUsMTA1LjE4MCAyMzkuMDAwLDEwOS4yNTAiIHN0cm9rZS13aWR0aD0iMi45MjYiIHN0cm9rZT0icmdiKDAsIDAsIDApIiBmaWxsPSJub25lIiBzdHJva2UtbGluZWNhcD0icm91bmQiPjwvcGF0aD48cGF0aCBkPSJNIDIzOS4wMDAsMTA5LjI1MCBDIDI0My4zOTUsMTEyLjE4MCAyNDUuMTUxLDExMS42MjcgMjQ3LjAwMCwxMTYuMjUwIiBzdHJva2Utd2lkdGg9IjMuMjgxIiBzdHJva2U9InJnYigwLCAwLCAwKSIgZmlsbD0ibm9uZSIgc3Ryb2tlLWxpbmVjYXA9InJvdW5kIj48L3BhdGg+PHBhdGggZD0iTSAyNDcuMDAwLDExNi4yNTAgQyAyNTAuMTUxLDEyNC4xMjcgMjUyLjIyMiwxMjYuNzMxIDI0OS4wMDAsMTM0LjI1MCIgc3Ryb2tlLXdpZHRoPSIyLjkzMiIgc3Ryb2tlPSJyZ2IoMCwgMCwgMCkiIGZpbGw9Im5vbmUiIHN0cm9rZS1saW5lY2FwPSJyb3VuZCI+PC9wYXRoPjxwYXRoIGQ9Ik0gMjQ5LjAwMCwxMzQuMjUwIEMgMjQ0LjcyMiwxNDQuMjMxIDI0MC45NzQsMTQzLjI3MyAyMzIuMDAwLDE1MS4yNTAiIHN0cm9rZS13aWR0aD0iMi40MTciIHN0cm9rZT0icmdiKDAsIDAsIDApIiBmaWxsPSJub25lIiBzdHJva2UtbGluZWNhcD0icm91bmQiPjwvcGF0aD48cGF0aCBkPSJNIDIzMi4wMDAsMTUxLjI1MCBDIDIxOC40NzQsMTYzLjI3MyAyMTcuODIwLDE2Mi41MzggMjA0LjAwMCwxNzQuMjUwIiBzdHJva2Utd2lkdGg9IjEuOTQ2IiBzdHJva2U9InJnYigwLCAwLCAwKSIgZmlsbD0ibm9uZSIgc3Ryb2tlLWxpbmVjYXA9InJvdW5kIj48L3BhdGg+PHBhdGggZD0iTSAyMDQuMDAwLDE3NC4yNTAgQyAxODguMzIwLDE4Ny41MzggMTg4LjYwNiwxODcuODc0IDE3My4wMDAsMjAxLjI1MCIgc3Ryb2tlLXdpZHRoPSIxLjY3MSIgc3Ryb2tlPSJyZ2IoMCwgMCwgMCkiIGZpbGw9Im5vbmUiIHN0cm9rZS1saW5lY2FwPSJyb3VuZCI+PC9wYXRoPjxwYXRoIGQ9Ik0gMTczLjAwMCwyMDEuMjUwIEMgMTU3LjEwNiwyMTQuODc0IDE1Ny4zNjYsMjE1LjIxMyAxNDEuMDAwLDIyOC4yNTAiIHN0cm9rZS13aWR0aD0iMS42MzgiIHN0cm9rZT0icmdiKDAsIDAsIDApIiBmaWxsPSJub25lIiBzdHJva2UtbGluZWNhcD0icm91bmQiPjwvcGF0aD48cGF0aCBkPSJNIDE0MS4wMDAsMjI4LjI1MCBDIDEyNy44NjYsMjM4LjcxMyAxMjguMTg1LDIzOS40MjQgMTE0LjAwMCwyNDguMjUwIiBzdHJva2Utd2lkdGg9IjEuODA3IiBzdHJva2U9InJnYigwLCAwLCAwKSIgZmlsbD0ibm9uZSIgc3Ryb2tlLWxpbmVjYXA9InJvdW5kIj48L3BhdGg+PHBhdGggZD0iTSAxMTQuMDAwLDI0OC4yNTAgQyAxMDUuNjg1LDI1My40MjQgMTA1LjI0OCwyNTMuMTY3IDk2LjAwMCwyNTYuMjUwIiBzdHJva2Utd2lkdGg9IjIuMjU0IiBzdHJva2U9InJnYigwLCAwLCAwKSIgZmlsbD0ibm9uZSIgc3Ryb2tlLWxpbmVjYXA9InJvdW5kIj48L3BhdGg+PHBhdGggZD0iTSA5Ni4wMDAsMjU2LjI1MCBDIDkxLjc0OCwyNTcuNjY3IDg3LjI5OSwyNjAuMDk0IDg3LjAwMCwyNTcuMjUwIiBzdHJva2Utd2lkdGg9IjMuMDg4IiBzdHJva2U9InJnYigwLCAwLCAwKSIgZmlsbD0ibm9uZSIgc3Ryb2tlLWxpbmVjYXA9InJvdW5kIj48L3BhdGg+PHBhdGggZD0iTSA4Ny4wMDAsMjU3LjI1MCBDIDg2LjI5OSwyNTAuNTk0IDg3LjkzOCwyNDUuNjcwIDk0LjAwMCwyMzcuMjUwIiBzdHJva2Utd2lkdGg9IjMuMzY4IiBzdHJva2U9InJnYigwLCAwLCAwKSIgZmlsbD0ibm9uZSIgc3Ryb2tlLWxpbmVjYXA9InJvdW5kIj48L3BhdGg+PHBhdGggZD0iTSA5NC4wMDAsMjM3LjI1MCBDIDEwNS45MzgsMjIwLjY3MCAxMDcuNDUxLDIyMS4wOTUgMTIzLjAwMCwyMDcuMjUwIiBzdHJva2Utd2lkdGg9IjEuNzg3IiBzdHJva2U9InJnYigwLCAwLCAwKSIgZmlsbD0ibm9uZSIgc3Ryb2tlLWxpbmVjYXA9InJvdW5kIj48L3BhdGg+PHBhdGggZD0iTSAxMjMuMDAwLDIwNy4yNTAgQyAxNDMuOTUxLDE4OC41OTUgMTQzLjc3NCwxODcuOTYyIDE2Ny4wMDAsMTcyLjI1MCIgc3Ryb2tlLXdpZHRoPSIxLjQyMSIgc3Ryb2tlPSJyZ2IoMCwgMCwgMCkiIGZpbGw9Im5vbmUiIHN0cm9rZS1saW5lY2FwPSJyb3VuZCI+PC9wYXRoPjxwYXRoIGQ9Ik0gMTY3LjAwMCwxNzIuMjUwIEMgMTk0Ljc3NCwxNTMuNDYyIDE5NS4wODQsMTUzLjQ1MyAyMjUuMDAwLDEzOC4yNTAiIHN0cm9rZS13aWR0aD0iMS4xNjUiIHN0cm9rZT0icmdiKDAsIDAsIDApIiBmaWxsPSJub25lIiBzdHJva2UtbGluZWNhcD0icm91bmQiPjwvcGF0aD48cGF0aCBkPSJNIDIyNS4wMDAsMTM4LjI1MCBDIDI1Ni4wODQsMTIyLjQ1MyAyNTYuNDkxLDEyMi45MzYgMjg5LjAwMCwxMTAuMjUwIiBzdHJva2Utd2lkdGg9IjEuMTI1IiBzdHJva2U9InJnYigwLCAwLCAwKSIgZmlsbD0ibm9uZSIgc3Ryb2tlLWxpbmVjYXA9InJvdW5kIj48L3BhdGg+PHBhdGggZD0iTSAyODkuMDAwLDExMC4yNTAgQyAzMTcuOTkxLDk4LjkzNiAzMTguMzQyLDk5Ljc1MiAzNDguMDAwLDkwLjI1MCIgc3Ryb2tlLXdpZHRoPSIxLjE3OSIgc3Ryb2tlPSJyZ2IoMCwgMCwgMCkiIGZpbGw9Im5vbmUiIHN0cm9rZS1saW5lY2FwPSJyb3VuZCI+PC9wYXRoPjwvc3ZnPg==',NULL),(47,'Ecode易小林',20,'123',3,5,NULL,NULL,NULL);
/*!40000 ALTER TABLE `user` ENABLE KEYS */;
/*!40103 SET TIME_ZONE=@OLD_TIME_ZONE */;

/*!40101 SET SQL_MODE=@OLD_SQL_MODE */;
/*!40014 SET FOREIGN_KEY_CHECKS=@OLD_FOREIGN_KEY_CHECKS */;
/*!40014 SET UNIQUE_CHECKS=@OLD_UNIQUE_CHECKS */;
/*!40101 SET CHARACTER_SET_CLIENT=@OLD_CHARACTER_SET_CLIENT */;
/*!40101 SET CHARACTER_SET_RESULTS=@OLD_CHARACTER_SET_RESULTS */;
/*!40101 SET COLLATION_CONNECTION=@OLD_COLLATION_CONNECTION */;
/*!40111 SET SQL_NOTES=@OLD_SQL_NOTES */;

-- Dump completed on 2018-01-23 10:22:49
