-- MySQL dump 10.13  Distrib 5.7.17, for Win64 (x86_64)
--
-- Host: localhost    Database: ordermenu
-- ------------------------------------------------------
-- Server version	5.7.18-log

/*!40101 SET @OLD_CHARACTER_SET_CLIENT=@@CHARACTER_SET_CLIENT */;
/*!40101 SET @OLD_CHARACTER_SET_RESULTS=@@CHARACTER_SET_RESULTS */;
/*!40101 SET @OLD_COLLATION_CONNECTION=@@COLLATION_CONNECTION */;
/*!40101 SET NAMES utf8 */;
/*!40103 SET @OLD_TIME_ZONE=@@TIME_ZONE */;
/*!40103 SET TIME_ZONE='+00:00' */;
/*!40014 SET @OLD_UNIQUE_CHECKS=@@UNIQUE_CHECKS, UNIQUE_CHECKS=0 */;
/*!40014 SET @OLD_FOREIGN_KEY_CHECKS=@@FOREIGN_KEY_CHECKS, FOREIGN_KEY_CHECKS=0 */;
/*!40101 SET @OLD_SQL_MODE=@@SQL_MODE, SQL_MODE='NO_AUTO_VALUE_ON_ZERO' */;
/*!40111 SET @OLD_SQL_NOTES=@@SQL_NOTES, SQL_NOTES=0 */;

--
-- Table structure for table `collect`
--

DROP TABLE IF EXISTS `collect`;
/*!40101 SET @saved_cs_client     = @@character_set_client */;
/*!40101 SET character_set_client = utf8 */;
CREATE TABLE `collect` (
  `id` int(10) unsigned NOT NULL AUTO_INCREMENT,
  `menu_id` int(11) DEFAULT NULL,
  `user_id` int(11) DEFAULT NULL,
  PRIMARY KEY (`id`)
) ENGINE=InnoDB AUTO_INCREMENT=19 DEFAULT CHARSET=utf8;
/*!40101 SET character_set_client = @saved_cs_client */;

--
-- Dumping data for table `collect`
--

LOCK TABLES `collect` WRITE;
/*!40000 ALTER TABLE `collect` DISABLE KEYS */;
INSERT INTO `collect` VALUES (5,5,16),(6,4,16),(13,3,23),(15,1,23),(17,1,17);
/*!40000 ALTER TABLE `collect` ENABLE KEYS */;
UNLOCK TABLES;

--
-- Table structure for table `loginfo`
--

DROP TABLE IF EXISTS `loginfo`;
/*!40101 SET @saved_cs_client     = @@character_set_client */;
/*!40101 SET character_set_client = utf8 */;
CREATE TABLE `loginfo` (
  `id` int(11) NOT NULL,
  `name` varchar(45) DEFAULT NULL,
  `age` int(11) DEFAULT NULL,
  `password` varchar(45) DEFAULT NULL,
  `rid` int(11) DEFAULT NULL,
  `pid` int(11) DEFAULT NULL,
  `minesign` longtext,
  `artsign` longtext,
  `avatar` longtext,
  PRIMARY KEY (`id`),
  KEY `rolekey_idx` (`rid`),
  CONSTRAINT `rolekey` FOREIGN KEY (`rid`) REFERENCES `role` (`id`) ON DELETE NO ACTION ON UPDATE NO ACTION
) ENGINE=InnoDB DEFAULT CHARSET=utf8;
/*!40101 SET character_set_client = @saved_cs_client */;

--
-- Dumping data for table `loginfo`
--

LOCK TABLES `loginfo` WRITE;
/*!40000 ALTER TABLE `loginfo` DISABLE KEYS */;
/*!40000 ALTER TABLE `loginfo` ENABLE KEYS */;
UNLOCK TABLES;

--
-- Table structure for table `menu`
--

DROP TABLE IF EXISTS `menu`;
/*!40101 SET @saved_cs_client     = @@character_set_client */;
/*!40101 SET character_set_client = utf8 */;
CREATE TABLE `menu` (
  `id` int(11) NOT NULL AUTO_INCREMENT,
  `name` varchar(45) DEFAULT NULL,
  `price` int(11) DEFAULT NULL,
  `type_id` int(11) DEFAULT NULL,
  `descript` longtext,
  `picture` longtext,
  `createTime` varchar(45) DEFAULT NULL,
  PRIMARY KEY (`id`)
) ENGINE=InnoDB AUTO_INCREMENT=14 DEFAULT CHARSET=utf8;
/*!40101 SET character_set_client = @saved_cs_client */;

--
-- Dumping data for table `menu`
--

LOCK TABLES `menu` WRITE;
/*!40000 ALTER TABLE `menu` DISABLE KEYS */;
INSERT INTO `menu` VALUES (1,'米饭',2,1,'优质东北大米','static/img/rice-img.jpg','2017-12-01 09:30'),(2,'宫保鸡丁',30,2,'北方宫保鸡丁，，绝对不甜，欢迎下次继续订购哈','static/img/jiding-img.jpg','2017-11-15 10:30'),(3,'千叶豆腐',25,3,'千页豆腐，味道鲜美','static/img/千页豆腐-img.jpg','2017-10-05 16:30'),(4,'烤鱼',130,4,'鱼类经过烤制之后然后进行烹饪的一种方法','static/img/烤鱼-img.jpg','2017-02-15 19:30'),(5,'美容养颜养生八宝粥',199,5,'八宝粥内种类杂粮对人体需要的各种元素有很好的补充作用','static/img/八宝粥自制-img.jpg','2017-12-05 07:30'),(6,'安然盒饭',300,6,'安然自制盒饭，色香味俱全','static/img/安然盒饭-img.jpg','2017-11-23 09:30'),(7,'七夕虐狗',200,1,'七夕狂欢','static/menucover/1512999985554qixi.png','2017-12-11 21:47:35'),(8,'天空之城',50,1,'想象的星空','static/menucover/1513000442922想象.jpg','2017-12-11 21:54:50'),(9,'是的撒',1223,1,'213','static/menucover/1513000567786logo.jpg','2017-12-11 21:56:19'),(10,'剑姬',45,1,'圣斗士','static/menucover/1513003791292oo.png','2017-12-11 22:00:45'),(11,'头像',15,1,'回眸','static/menucover/1513000900572null5c45cb615341b156.jpg','2017-12-11 22:04:03'),(13,'美妙的餐厅',60,1,'一起来进餐吧','static/menucover/1513007348072mmexport1512865225974.jpg','2017-12-11 23:49:34');
/*!40000 ALTER TABLE `menu` ENABLE KEYS */;
UNLOCK TABLES;

--
-- Table structure for table `menuimg`
--

DROP TABLE IF EXISTS `menuimg`;
/*!40101 SET @saved_cs_client     = @@character_set_client */;
/*!40101 SET character_set_client = utf8 */;
CREATE TABLE `menuimg` (
  `id` int(10) unsigned NOT NULL AUTO_INCREMENT,
  `menu_id` int(11) DEFAULT NULL,
  `src` longtext,
  PRIMARY KEY (`id`)
) ENGINE=InnoDB AUTO_INCREMENT=46 DEFAULT CHARSET=utf8;
/*!40101 SET character_set_client = @saved_cs_client */;

--
-- Dumping data for table `menuimg`
--

LOCK TABLES `menuimg` WRITE;
/*!40000 ALTER TABLE `menuimg` DISABLE KEYS */;
INSERT INTO `menuimg` VALUES (1,1,'static/img/rice-1.jpg'),(2,1,'static/img/rice-2.jpg'),(3,1,'static/img/rice-3.jpg'),(4,1,'static/img/rice-4.jpg'),(5,2,'static/img/宫保鸡丁-1.jpg'),(6,2,'static/img/宫保鸡丁-2.jpg'),(7,2,'static/img/宫保鸡丁-3.jpg'),(8,2,'static/img/宫保鸡丁-4.jpg'),(9,3,'static/img/千叶豆腐-1.jpg'),(10,3,'static/img/千叶豆腐-2.jpg'),(11,3,'static/img/千叶豆腐-3.jpg'),(12,3,'static/img/千叶豆腐-4.jpg'),(13,4,'static/img/烤鱼-1.jpg'),(14,4,'static/img/烤鱼-2.jpg'),(15,4,'static/img/烤鱼-3.jpg'),(16,4,'static/img/烤鱼-4.jpg'),(17,5,'static/img/八宝粥-1.jpg'),(18,5,'static/img/八宝粥-2.jpg'),(19,5,'static/img/八宝粥-3.jpg'),(20,6,'static/img/安然盒饭-1.jpg'),(35,13,'static/menulist/1513007386338mmexport1512865197381.jpg'),(40,11,'static/menulist/1513045001053null5c45cb615341b156.jpg'),(41,11,'static/menulist/1513045011327跨域3.png'),(42,13,'static/menulist/15130478639121512964503074.jpg'),(43,13,'static/menulist/15130478685601512963882994.jpg'),(44,13,'static/menulist/15130478724981512963844318.jpg'),(45,13,'static/menulist/15130478779241512963803484.jpg');
/*!40000 ALTER TABLE `menuimg` ENABLE KEYS */;
UNLOCK TABLES;

--
-- Table structure for table `orderlist`
--

DROP TABLE IF EXISTS `orderlist`;
/*!40101 SET @saved_cs_client     = @@character_set_client */;
/*!40101 SET character_set_client = utf8 */;
CREATE TABLE `orderlist` (
  `id` int(10) unsigned NOT NULL AUTO_INCREMENT,
  `user_id` int(11) DEFAULT NULL,
  `createdTime` varchar(45) DEFAULT NULL,
  `status` int(11) DEFAULT NULL,
  `acceptTime` varchar(45) DEFAULT NULL,
  `completeTime` varchar(45) DEFAULT NULL,
  `content` longtext,
  `menuNum` int(11) DEFAULT NULL,
  `priceAll` varchar(45) DEFAULT NULL,
  PRIMARY KEY (`id`)
) ENGINE=InnoDB AUTO_INCREMENT=49 DEFAULT CHARSET=utf8;
/*!40101 SET character_set_client = @saved_cs_client */;

--
-- Dumping data for table `orderlist`
--

LOCK TABLES `orderlist` WRITE;
/*!40000 ALTER TABLE `orderlist` DISABLE KEYS */;
INSERT INTO `orderlist` VALUES (25,23,'2017-12-09 22:06:08',2,'2017-12-10 18:12:16','2017-12-10 18:13:51','[{\"id\":3,\"menu_id\":3,\"total\":2,\"isCheck\":\"true\",\"name\":\"千叶豆腐\",\"price\":25,\"type_id\":3,\"desc\":\"千页豆腐，味道鲜美\",\"picture\":\"static/img/千页豆腐-img.jpg\"},{\"id\":85,\"menu_id\":1,\"total\":1,\"isCheck\":\"true\",\"name\":\"米饭\",\"price\":2,\"type_id\":1,\"desc\":\"优质东北大米\",\"picture\":\"static/img/rice-img.jpg\"}]',3,'52'),(26,23,'2017-12-09 22:06:16',2,'2017-12-10 18:12:19','2017-12-10 18:13:53','[{\"id\":86,\"menu_id\":2,\"total\":1,\"isCheck\":\"true\",\"name\":\"宫保鸡丁\",\"price\":30,\"type_id\":2,\"desc\":\"北方宫保鸡丁，，绝对不甜，欢迎下次继续订购哈\",\"picture\":\"static/img/jiding-img.jpg\"},{\"id\":87,\"menu_id\":4,\"total\":1,\"isCheck\":\"true\",\"name\":\"烤鱼\",\"price\":130,\"type_id\":4,\"desc\":\"鱼类经过烤制之后然后进行烹饪的一种方法\",\"picture\":\"static/img/烤鱼-img.jpg\"},{\"id\":88,\"menu_id\":5,\"total\":1,\"isCheck\":\"true\",\"name\":\"美容养颜养生八宝粥\",\"price\":199,\"type_id\":5,\"desc\":\"八宝粥内种类杂粮对人体需要的各种元素有很好的补充作用\",\"picture\":\"static/img/八宝粥自制-img.jpg\"},{\"id\":89,\"menu_id\":6,\"total\":1,\"isCheck\":\"true\",\"name\":\"安然盒饭\",\"price\":300,\"type_id\":6,\"desc\":\"安然自制盒饭，色香味俱全\",\"picture\":\"static/img/安然盒饭-img.jpg\"}]',4,'659'),(27,16,'2017-12-09 22:06:41',2,'2017-12-10 18:13:30','2017-12-13 17:07:07','[{\"id\":81,\"menu_id\":3,\"total\":1,\"isCheck\":\"true\",\"name\":\"千叶豆腐\",\"price\":25,\"type_id\":3,\"desc\":\"千页豆腐，味道鲜美\",\"picture\":\"static/img/千页豆腐-img.jpg\"}]',1,'25'),(28,16,'2017-12-09 22:06:50',2,'2017-12-10 18:13:32','2017-12-13 17:18:02','[{\"id\":79,\"menu_id\":1,\"total\":1,\"isCheck\":\"true\",\"name\":\"米饭\",\"price\":2,\"type_id\":1,\"desc\":\"优质东北大米\",\"picture\":\"static/img/rice-img.jpg\"},{\"id\":80,\"menu_id\":2,\"total\":1,\"isCheck\":\"true\",\"name\":\"宫保鸡丁\",\"price\":30,\"type_id\":2,\"desc\":\"北方宫保鸡丁，，绝对不甜，欢迎下次继续订购哈\",\"picture\":\"static/img/jiding-img.jpg\"},{\"id\":82,\"menu_id\":4,\"total\":1,\"isCheck\":\"true\",\"name\":\"烤鱼\",\"price\":130,\"type_id\":4,\"desc\":\"鱼类经过烤制之后然后进行烹饪的一种方法\",\"picture\":\"static/img/烤鱼-img.jpg\"},{\"id\":83,\"menu_id\":5,\"total\":1,\"isCheck\":\"true\",\"name\":\"美容养颜养生八宝粥\",\"price\":199,\"type_id\":5,\"desc\":\"八宝粥内种类杂粮对人体需要的各种元素有很好的补充作用\",\"picture\":\"static/img/八宝粥自制-img.jpg\"},{\"id\":84,\"menu_id\":6,\"total\":1,\"isCheck\":\"true\",\"name\":\"安然盒饭\",\"price\":300,\"type_id\":6,\"desc\":\"安然自制盒饭，色香味俱全\",\"picture\":\"static/img/安然盒饭-img.jpg\"}]',5,'661'),(29,16,'2017-12-09 23:00:14',0,NULL,NULL,'[{\"id\":90,\"menu_id\":3,\"total\":1,\"isCheck\":\"true\",\"name\":\"千叶豆腐\",\"price\":25,\"type_id\":3,\"desc\":\"千页豆腐，味道鲜美\",\"picture\":\"static/img/千页豆腐-img.jpg\"},{\"id\":91,\"menu_id\":4,\"total\":1,\"isCheck\":\"true\",\"name\":\"烤鱼\",\"price\":130,\"type_id\":4,\"desc\":\"鱼类经过烤制之后然后进行烹饪的一种方法\",\"picture\":\"static/img/烤鱼-img.jpg\"},{\"id\":92,\"menu_id\":5,\"total\":1,\"isCheck\":\"true\",\"name\":\"美容养颜养生八宝粥\",\"price\":199,\"type_id\":5,\"desc\":\"八宝粥内种类杂粮对人体需要的各种元素有很好的补充作用\",\"picture\":\"static/img/八宝粥自制-img.jpg\"},{\"id\":93,\"menu_id\":1,\"total\":1,\"isCheck\":\"true\",\"name\":\"米饭\",\"price\":2,\"type_id\":1,\"desc\":\"优质东北大米\",\"picture\":\"static/img/rice-img.jpg\"},{\"id\":94,\"menu_id\":2,\"total\":1,\"isCheck\":\"true\",\"name\":\"宫保鸡丁\",\"price\":30,\"type_id\":2,\"desc\":\"北方宫保鸡丁，，绝对不甜，欢迎下次继续订购哈\",\"picture\":\"static/img/jiding-img.jpg\"},{\"id\":95,\"menu_id\":6,\"total\":1,\"isCheck\":\"true\",\"name\":\"安然盒饭\",\"price\":300,\"type_id\":6,\"desc\":\"安然自制盒饭，色香味俱全\",\"picture\":\"static/img/安然盒饭-img.jpg\"}]',6,'686'),(30,16,'2017-12-09 23:01:51',0,NULL,NULL,'[{\"id\":96,\"menu_id\":3,\"total\":1,\"isCheck\":\"true\",\"name\":\"千叶豆腐\",\"price\":25,\"type_id\":3,\"desc\":\"千页豆腐，味道鲜美\",\"picture\":\"static/img/千页豆腐-img.jpg\"},{\"id\":97,\"menu_id\":4,\"total\":1,\"isCheck\":\"true\",\"name\":\"烤鱼\",\"price\":130,\"type_id\":4,\"desc\":\"鱼类经过烤制之后然后进行烹饪的一种方法\",\"picture\":\"static/img/烤鱼-img.jpg\"},{\"id\":98,\"menu_id\":5,\"total\":1,\"isCheck\":\"true\",\"name\":\"美容养颜养生八宝粥\",\"price\":199,\"type_id\":5,\"desc\":\"八宝粥内种类杂粮对人体需要的各种元素有很好的补充作用\",\"picture\":\"static/img/八宝粥自制-img.jpg\"},{\"id\":99,\"menu_id\":1,\"total\":1,\"isCheck\":\"true\",\"name\":\"米饭\",\"price\":2,\"type_id\":1,\"desc\":\"优质东北大米\",\"picture\":\"static/img/rice-img.jpg\"},{\"id\":100,\"menu_id\":2,\"total\":1,\"isCheck\":\"true\",\"name\":\"宫保鸡丁\",\"price\":30,\"type_id\":2,\"desc\":\"北方宫保鸡丁，，绝对不甜，欢迎下次继续订购哈\",\"picture\":\"static/img/jiding-img.jpg\"},{\"id\":101,\"menu_id\":6,\"total\":1,\"isCheck\":\"true\",\"name\":\"安然盒饭\",\"price\":300,\"type_id\":6,\"desc\":\"安然自制盒饭，色香味俱全\",\"picture\":\"static/img/安然盒饭-img.jpg\"}]',6,'686'),(31,16,'2017-12-09 23:20:07',0,NULL,NULL,'[{\"id\":110,\"menu_id\":1,\"total\":1,\"isCheck\":\"true\",\"name\":\"米饭\",\"price\":2,\"type_id\":1,\"desc\":\"优质东北大米\",\"picture\":\"static/img/rice-img.jpg\"},{\"id\":111,\"menu_id\":2,\"total\":1,\"isCheck\":\"true\",\"name\":\"宫保鸡丁\",\"price\":30,\"type_id\":2,\"desc\":\"北方宫保鸡丁，，绝对不甜，欢迎下次继续订购哈\",\"picture\":\"static/img/jiding-img.jpg\"},{\"id\":112,\"menu_id\":4,\"total\":1,\"isCheck\":\"true\",\"name\":\"烤鱼\",\"price\":130,\"type_id\":4,\"desc\":\"鱼类经过烤制之后然后进行烹饪的一种方法\",\"picture\":\"static/img/烤鱼-img.jpg\"},{\"id\":113,\"menu_id\":5,\"total\":1,\"isCheck\":\"true\",\"name\":\"美容养颜养生八宝粥\",\"price\":199,\"type_id\":5,\"desc\":\"八宝粥内种类杂粮对人体需要的各种元素有很好的补充作用\",\"picture\":\"static/img/八宝粥自制-img.jpg\"},{\"id\":114,\"menu_id\":6,\"total\":1,\"isCheck\":\"true\",\"name\":\"安然盒饭\",\"price\":300,\"type_id\":6,\"desc\":\"安然自制盒饭，色香味俱全\",\"picture\":\"static/img/安然盒饭-img.jpg\"}]',5,'661'),(32,16,'2017-12-10 16:06:01',0,NULL,NULL,'[{\"id\":124,\"menu_id\":2,\"total\":2,\"isCheck\":\"true\",\"name\":\"宫保鸡丁\",\"price\":30,\"type_id\":2,\"desc\":\"北方宫保鸡丁，，绝对不甜，欢迎下次继续订购哈\",\"picture\":\"static/img/jiding-img.jpg\"},{\"id\":125,\"menu_id\":1,\"total\":1,\"isCheck\":\"true\",\"name\":\"米饭\",\"price\":2,\"type_id\":1,\"desc\":\"优质东北大米\",\"picture\":\"static/img/rice-img.jpg\"},{\"id\":126,\"menu_id\":5,\"total\":1,\"isCheck\":\"true\",\"name\":\"美容养颜养生八宝粥\",\"price\":199,\"type_id\":5,\"desc\":\"八宝粥内种类杂粮对人体需要的各种元素有很好的补充作用\",\"picture\":\"static/img/八宝粥自制-img.jpg\"}]',4,'261'),(33,16,'2017-12-10 16:10:39',0,NULL,NULL,'[{\"id\":124,\"menu_id\":2,\"total\":2,\"isCheck\":\"true\",\"name\":\"宫保鸡丁\",\"price\":30,\"type_id\":2,\"desc\":\"北方宫保鸡丁，，绝对不甜，欢迎下次继续订购哈\",\"picture\":\"static/img/jiding-img.jpg\"},{\"id\":125,\"menu_id\":1,\"total\":1,\"isCheck\":\"true\",\"name\":\"米饭\",\"price\":2,\"type_id\":1,\"desc\":\"优质东北大米\",\"picture\":\"static/img/rice-img.jpg\"},{\"id\":126,\"menu_id\":5,\"total\":1,\"isCheck\":\"true\",\"name\":\"美容养颜养生八宝粥\",\"price\":199,\"type_id\":5,\"desc\":\"八宝粥内种类杂粮对人体需要的各种元素有很好的补充作用\",\"picture\":\"static/img/八宝粥自制-img.jpg\"}]',4,'261'),(34,16,'2017-12-10 16:13:41',0,NULL,NULL,'[{\"id\":127,\"menu_id\":2,\"total\":1,\"isCheck\":\"true\",\"name\":\"宫保鸡丁\",\"price\":30,\"type_id\":2,\"desc\":\"北方宫保鸡丁，，绝对不甜，欢迎下次继续订购哈\",\"picture\":\"static/img/jiding-img.jpg\"}]',1,'30'),(35,16,'2017-12-10 16:14:42',0,NULL,NULL,'[{\"id\":124,\"menu_id\":2,\"total\":2,\"isCheck\":\"true\",\"name\":\"宫保鸡丁\",\"price\":30,\"type_id\":2,\"desc\":\"北方宫保鸡丁，，绝对不甜，欢迎下次继续订购哈\",\"picture\":\"static/img/jiding-img.jpg\"},{\"id\":125,\"menu_id\":1,\"total\":1,\"isCheck\":\"true\",\"name\":\"米饭\",\"price\":2,\"type_id\":1,\"desc\":\"优质东北大米\",\"picture\":\"static/img/rice-img.jpg\"},{\"id\":126,\"menu_id\":5,\"total\":1,\"isCheck\":\"true\",\"name\":\"美容养颜养生八宝粥\",\"price\":199,\"type_id\":5,\"desc\":\"八宝粥内种类杂粮对人体需要的各种元素有很好的补充作用\",\"picture\":\"static/img/八宝粥自制-img.jpg\"}]',4,'261'),(36,16,'2017-12-10 16:14:59',0,NULL,NULL,'[{\"id\":127,\"menu_id\":2,\"total\":1,\"isCheck\":\"true\",\"name\":\"宫保鸡丁\",\"price\":30,\"type_id\":2,\"desc\":\"北方宫保鸡丁，，绝对不甜，欢迎下次继续订购哈\",\"picture\":\"static/img/jiding-img.jpg\"}]',1,'30'),(37,16,'2017-12-10 16:16:23',2,'2017-12-10 18:13:46','2017-12-13 17:17:50','[{\"id\":110,\"menu_id\":1,\"total\":1,\"isCheck\":\"true\",\"name\":\"米饭\",\"price\":2,\"type_id\":1,\"desc\":\"优质东北大米\",\"picture\":\"static/img/rice-img.jpg\"},{\"id\":111,\"menu_id\":2,\"total\":1,\"isCheck\":\"true\",\"name\":\"宫保鸡丁\",\"price\":30,\"type_id\":2,\"desc\":\"北方宫保鸡丁，，绝对不甜，欢迎下次继续订购哈\",\"picture\":\"static/img/jiding-img.jpg\"},{\"id\":112,\"menu_id\":4,\"total\":1,\"isCheck\":\"true\",\"name\":\"烤鱼\",\"price\":130,\"type_id\":4,\"desc\":\"鱼类经过烤制之后然后进行烹饪的一种方法\",\"picture\":\"static/img/烤鱼-img.jpg\"},{\"id\":113,\"menu_id\":5,\"total\":1,\"isCheck\":\"true\",\"name\":\"美容养颜养生八宝粥\",\"price\":199,\"type_id\":5,\"desc\":\"八宝粥内种类杂粮对人体需要的各种元素有很好的补充作用\",\"picture\":\"static/img/八宝粥自制-img.jpg\"},{\"id\":114,\"menu_id\":6,\"total\":1,\"isCheck\":\"true\",\"name\":\"安然盒饭\",\"price\":300,\"type_id\":6,\"desc\":\"安然自制盒饭，色香味俱全\",\"picture\":\"static/img/安然盒饭-img.jpg\"}]',5,'661'),(38,16,'2017-12-10 16:18:00',2,'2017-12-10 18:13:44','2017-12-13 17:05:42','[{\"id\":124,\"menu_id\":2,\"total\":2,\"isCheck\":\"true\",\"name\":\"宫保鸡丁\",\"price\":30,\"type_id\":2,\"desc\":\"北方宫保鸡丁，，绝对不甜，欢迎下次继续订购哈\",\"picture\":\"static/img/jiding-img.jpg\"},{\"id\":125,\"menu_id\":1,\"total\":1,\"isCheck\":\"true\",\"name\":\"米饭\",\"price\":2,\"type_id\":1,\"desc\":\"优质东北大米\",\"picture\":\"static/img/rice-img.jpg\"},{\"id\":126,\"menu_id\":5,\"total\":1,\"isCheck\":\"true\",\"name\":\"美容养颜养生八宝粥\",\"price\":199,\"type_id\":5,\"desc\":\"八宝粥内种类杂粮对人体需要的各种元素有很好的补充作用\",\"picture\":\"static/img/八宝粥自制-img.jpg\"}]',4,'261'),(39,16,'2017-12-10 16:21:03',2,'2017-12-10 18:13:43','2017-12-10 18:15:33','[{\"id\":124,\"menu_id\":2,\"total\":2,\"isCheck\":\"true\",\"name\":\"宫保鸡丁\",\"price\":30,\"type_id\":2,\"desc\":\"北方宫保鸡丁，，绝对不甜，欢迎下次继续订购哈\",\"picture\":\"static/img/jiding-img.jpg\",\"hasRate\":\"exit\"},{\"id\":125,\"menu_id\":1,\"total\":1,\"isCheck\":\"true\",\"name\":\"米饭\",\"price\":2,\"type_id\":1,\"desc\":\"优质东北大米\",\"picture\":\"static/img/rice-img.jpg\",\"hasRate\":\"exit\"},{\"id\":126,\"menu_id\":5,\"total\":1,\"isCheck\":\"true\",\"name\":\"美容养颜养生八宝粥\",\"price\":199,\"type_id\":5,\"desc\":\"八宝粥内种类杂粮对人体需要的各种元素有很好的补充作用\",\"picture\":\"static/img/八宝粥自制-img.jpg\",\"hasRate\":\"exit\"}]',4,'261'),(40,16,'2017-12-10 16:49:58',2,'2017-12-10 18:13:26','2017-12-10 18:13:39','[{\"id\":131,\"menu_id\":1,\"total\":1,\"isCheck\":\"true\",\"name\":\"米饭\",\"price\":2,\"type_id\":1,\"desc\":\"优质东北大米\",\"picture\":\"static/img/rice-img.jpg\",\"hasRate\":\"exit\"}]',1,'2'),(41,23,'2017-12-10 16:51:07',2,'2017-12-10 18:13:21','2017-12-10 18:13:39','[{\"id\":132,\"menu_id\":2,\"total\":1,\"isCheck\":\"true\",\"name\":\"宫保鸡丁\",\"price\":30,\"type_id\":2,\"desc\":\"北方宫保鸡丁，，绝对不甜，欢迎下次继续订购哈\",\"picture\":\"static/img/jiding-img.jpg\"},{\"id\":133,\"menu_id\":3,\"total\":1,\"isCheck\":\"true\",\"name\":\"千叶豆腐\",\"price\":25,\"type_id\":3,\"desc\":\"千页豆腐，味道鲜美\",\"picture\":\"static/img/千页豆腐-img.jpg\"}]',2,'55'),(42,23,'2017-12-10 16:51:37',2,'2017-12-10 18:00:59','2017-12-10 18:13:37','[{\"id\":3,\"menu_id\":3,\"total\":2,\"isCheck\":\"true\",\"name\":\"千叶豆腐\",\"price\":25,\"type_id\":3,\"desc\":\"千页豆腐，味道鲜美\",\"picture\":\"static/img/千页豆腐-img.jpg\"},{\"id\":85,\"menu_id\":1,\"total\":1,\"isCheck\":\"true\",\"name\":\"米饭\",\"price\":2,\"type_id\":1,\"desc\":\"优质东北大米\",\"picture\":\"static/img/rice-img.jpg\"}]',3,'52'),(43,23,'2017-12-10 17:56:59',2,'2017-12-10 17:59:54','2017-12-10 17:59:59','[{\"id\":86,\"menu_id\":2,\"total\":1,\"isCheck\":\"true\",\"name\":\"宫保鸡丁\",\"price\":30,\"type_id\":2,\"desc\":\"北方宫保鸡丁，，绝对不甜，欢迎下次继续订购哈\",\"picture\":\"static/img/jiding-img.jpg\",\"hasRate\":\"exit\"},{\"id\":87,\"menu_id\":4,\"total\":1,\"isCheck\":\"true\",\"name\":\"烤鱼\",\"price\":130,\"type_id\":4,\"desc\":\"鱼类经过烤制之后然后进行烹饪的一种方法\",\"picture\":\"static/img/烤鱼-img.jpg\"},{\"id\":88,\"menu_id\":5,\"total\":1,\"isCheck\":\"true\",\"name\":\"美容养颜养生八宝粥\",\"price\":199,\"type_id\":5,\"desc\":\"八宝粥内种类杂粮对人体需要的各种元素有很好的补充作用\",\"picture\":\"static/img/八宝粥自制-img.jpg\"},{\"id\":89,\"menu_id\":6,\"total\":1,\"isCheck\":\"true\",\"name\":\"安然盒饭\",\"price\":300,\"type_id\":6,\"desc\":\"安然自制盒饭，色香味俱全\",\"picture\":\"static/img/安然盒饭-img.jpg\"}]',4,'659'),(44,17,'2017-12-10 20:34:37',2,'2017-12-10 20:35:26','2017-12-10 20:35:48','[{\"id\":136,\"menu_id\":1,\"total\":2,\"isCheck\":\"true\",\"name\":\"米饭\",\"price\":2,\"type_id\":1,\"desc\":\"优质东北大米\",\"picture\":\"static/img/rice-img.jpg\",\"hasRate\":\"exit\"},{\"id\":137,\"menu_id\":3,\"total\":3,\"isCheck\":\"true\",\"name\":\"千叶豆腐\",\"price\":25,\"type_id\":3,\"desc\":\"千页豆腐，味道鲜美\",\"picture\":\"static/img/千页豆腐-img.jpg\",\"hasRate\":\"exit\"},{\"id\":138,\"menu_id\":5,\"total\":1,\"isCheck\":\"true\",\"name\":\"美容养颜养生八宝粥\",\"price\":199,\"type_id\":5,\"desc\":\"八宝粥内种类杂粮对人体需要的各种元素有很好的补充作用\",\"picture\":\"static/img/八宝粥自制-img.jpg\"}]',6,'278'),(45,16,'2017-12-10 20:53:53',2,'2017-12-10 20:54:08','2017-12-10 20:54:26','[{\"id\":139,\"menu_id\":6,\"total\":3,\"isCheck\":\"true\",\"name\":\"安然盒饭\",\"price\":300,\"type_id\":6,\"desc\":\"安然自制盒饭，色香味俱全\",\"picture\":\"static/img/安然盒饭-img.jpg\",\"hasRate\":\"exit\"}]',3,'900'),(46,16,'2017-12-10 20:58:34',0,NULL,NULL,'[{\"id\":140,\"menu_id\":6,\"total\":1,\"isCheck\":\"true\",\"name\":\"安然盒饭\",\"price\":300,\"type_id\":6,\"desc\":\"安然自制盒饭，色香味俱全\",\"picture\":\"static/img/安然盒饭-img.jpg\"}]',1,'300'),(47,45,'2017-12-12 11:00:29',0,NULL,NULL,'[{\"id\":143,\"menu_id\":1,\"total\":1,\"isCheck\":\"true\",\"name\":\"米饭\",\"price\":2,\"type_id\":1,\"descript\":\"优质东北大米\",\"picture\":\"static/img/rice-img.jpg\"},{\"id\":144,\"menu_id\":2,\"total\":2,\"isCheck\":\"true\",\"name\":\"宫保鸡丁\",\"price\":30,\"type_id\":2,\"descript\":\"北方宫保鸡丁，，绝对不甜，欢迎下次继续订购哈\",\"picture\":\"static/img/jiding-img.jpg\"}]',3,'62'),(48,46,'2017-12-12 21:58:58',2,'2017-12-12 21:59:16','2017-12-12 21:59:30','[{\"id\":145,\"menu_id\":4,\"total\":1,\"isCheck\":\"true\",\"name\":\"烤鱼\",\"price\":130,\"type_id\":4,\"descript\":\"鱼类经过烤制之后然后进行烹饪的一种方法\",\"picture\":\"static/img/烤鱼-img.jpg\",\"hasRate\":\"exit\"}]',1,'130');
/*!40000 ALTER TABLE `orderlist` ENABLE KEYS */;
UNLOCK TABLES;

--
-- Table structure for table `ordermenu`
--

DROP TABLE IF EXISTS `ordermenu`;
/*!40101 SET @saved_cs_client     = @@character_set_client */;
/*!40101 SET character_set_client = utf8 */;
CREATE TABLE `ordermenu` (
  `id` int(10) unsigned NOT NULL AUTO_INCREMENT,
  `menu_id` int(11) DEFAULT NULL,
  `num` int(11) DEFAULT NULL,
  PRIMARY KEY (`id`)
) ENGINE=InnoDB AUTO_INCREMENT=121 DEFAULT CHARSET=utf8;
/*!40101 SET character_set_client = @saved_cs_client */;

--
-- Dumping data for table `ordermenu`
--

LOCK TABLES `ordermenu` WRITE;
/*!40000 ALTER TABLE `ordermenu` DISABLE KEYS */;
INSERT INTO `ordermenu` VALUES (103,1,1),(104,2,1),(105,3,1),(106,3,2),(107,1,1),(108,2,1),(109,4,1),(110,6,1),(111,5,1),(112,1,2),(113,3,3),(114,5,1),(115,6,3),(116,6,1),(117,1,1),(118,2,2),(119,4,1),(120,4,1);
/*!40000 ALTER TABLE `ordermenu` ENABLE KEYS */;
UNLOCK TABLES;

--
-- Table structure for table `part`
--

DROP TABLE IF EXISTS `part`;
/*!40101 SET @saved_cs_client     = @@character_set_client */;
/*!40101 SET character_set_client = utf8 */;
CREATE TABLE `part` (
  `id` int(11) NOT NULL AUTO_INCREMENT,
  `name` varchar(45) DEFAULT NULL,
  `admin` varchar(45) DEFAULT NULL,
  PRIMARY KEY (`id`),
  UNIQUE KEY `name_UNIQUE` (`name`),
  UNIQUE KEY `admin_UNIQUE` (`admin`)
) ENGINE=InnoDB AUTO_INCREMENT=6 DEFAULT CHARSET=utf8;
/*!40101 SET character_set_client = @saved_cs_client */;

--
-- Dumping data for table `part`
--

LOCK TABLES `part` WRITE;
/*!40000 ALTER TABLE `part` DISABLE KEYS */;
INSERT INTO `part` VALUES (1,'星钧部','admin-a'),(2,'项目部','admin-b'),(3,'财务部','admin-c'),(4,'后勤部','root'),(5,'未分配',NULL);
/*!40000 ALTER TABLE `part` ENABLE KEYS */;
UNLOCK TABLES;

--
-- Table structure for table `ratelist`
--

DROP TABLE IF EXISTS `ratelist`;
/*!40101 SET @saved_cs_client     = @@character_set_client */;
/*!40101 SET character_set_client = utf8 */;
CREATE TABLE `ratelist` (
  `id` int(10) unsigned NOT NULL AUTO_INCREMENT,
  `menu_id` int(11) DEFAULT NULL,
  `content` longtext,
  `star` int(11) DEFAULT NULL,
  `time` varchar(45) DEFAULT NULL,
  `user_id` int(11) DEFAULT NULL,
  `picture` longtext,
  PRIMARY KEY (`id`)
) ENGINE=InnoDB AUTO_INCREMENT=20 DEFAULT CHARSET=utf8;
/*!40101 SET character_set_client = @saved_cs_client */;

--
-- Dumping data for table `ratelist`
--

LOCK TABLES `ratelist` WRITE;
/*!40000 ALTER TABLE `ratelist` DISABLE KEYS */;
INSERT INTO `ratelist` VALUES (1,1,'粒粒青白，粒粒醇香',5,'2017-12-07 12:00',16,'static/img/rice-img.jpg'),(2,1,'昔日帝王膳，今朝百姓餐',4,'2017-12-07 16:00',23,'static/img/rice-img.jpg'),(4,1,'感觉在吃糟糠，差评',2,'2017-12-01 18:00',7,'static/img/rice-img.jpg'),(5,1,'怎么这么少，太烂了',1,'2017-12-03 21:00',11,'static/img/rice-img.jpg'),(6,5,'此粥只应天上有，人间哪能喝得到',5,'2017-12-08 16:33',16,'static/img/八宝粥自制-img.jpg'),(7,1,'人间美味，难以言表',5,'2017-12-08 16:37',25,'static/img/rice-img.jpg'),(8,2,'very good',4,'2017-12-10 19:08:13',16,'static/img/jiding-img.jpg'),(9,2,'挺好的',4,'2017-12-10 19:16:01',16,'static/img/jiding-img.jpg'),(10,2,'非常意外',5,'2017-12-10 19:17:28',16,'static/img/jiding-img.jpg'),(11,2,'撒大声地',4,'2017-12-10 19:20:32',16,'static/img/jiding-img.jpg'),(12,1,'有点不好吃啊',2,'2017-12-10 19:24:54',16,'static/img/rice-img.jpg'),(13,1,'带图片的评论',4,'2017-12-10 19:41:50',16,'static/img/rice-img.jpg'),(14,2,'还不错呦',4,'2017-12-10 20:03:57',23,'static/img/jiding-img.jpg'),(15,1,'米饭太难吃了吧',1,'2017-12-10 20:36:26',17,'static/img/rice-img.jpg'),(16,3,'我是第二次评价了',5,'2017-12-10 20:36:45',17,'static/img/千页豆腐-img.jpg'),(17,5,'哈哈',2,'2017-12-10 20:45:18',16,'static/img/八宝粥自制-img.jpg'),(18,6,'昔日帝王膳，今朝百姓餐',5,'2017-12-10 20:55:57',16,'static/img/安然盒饭-img.jpg'),(19,4,'我',4,'2017-12-12 21:59:53',46,'static/img/烤鱼-img.jpg');
/*!40000 ALTER TABLE `ratelist` ENABLE KEYS */;
UNLOCK TABLES;

--
-- Table structure for table `role`
--

DROP TABLE IF EXISTS `role`;
/*!40101 SET @saved_cs_client     = @@character_set_client */;
/*!40101 SET character_set_client = utf8 */;
CREATE TABLE `role` (
  `id` int(11) NOT NULL AUTO_INCREMENT,
  `name` varchar(45) DEFAULT NULL,
  `fullname` varchar(45) DEFAULT NULL,
  PRIMARY KEY (`id`)
) ENGINE=InnoDB AUTO_INCREMENT=4 DEFAULT CHARSET=utf8;
/*!40101 SET character_set_client = @saved_cs_client */;

--
-- Dumping data for table `role`
--

LOCK TABLES `role` WRITE;
/*!40000 ALTER TABLE `role` DISABLE KEYS */;
INSERT INTO `role` VALUES (1,'root','超级系统管理员'),(2,'admin','部门管理员'),(3,'general','普通员工');
/*!40000 ALTER TABLE `role` ENABLE KEYS */;
UNLOCK TABLES;

--
-- Table structure for table `shop`
--

DROP TABLE IF EXISTS `shop`;
/*!40101 SET @saved_cs_client     = @@character_set_client */;
/*!40101 SET character_set_client = utf8 */;
CREATE TABLE `shop` (
  `id` int(10) unsigned NOT NULL AUTO_INCREMENT,
  `user_id` int(11) DEFAULT NULL,
  `menu_id` int(11) DEFAULT NULL,
  `total` int(11) DEFAULT NULL,
  `isCheck` varchar(45) DEFAULT NULL,
  PRIMARY KEY (`id`)
) ENGINE=InnoDB AUTO_INCREMENT=146 DEFAULT CHARSET=utf8;
/*!40101 SET character_set_client = @saved_cs_client */;

--
-- Dumping data for table `shop`
--

LOCK TABLES `shop` WRITE;
/*!40000 ALTER TABLE `shop` DISABLE KEYS */;
INSERT INTO `shop` VALUES (141,16,1,1,'false'),(142,16,2,1,'false');
/*!40000 ALTER TABLE `shop` ENABLE KEYS */;
UNLOCK TABLES;

--
-- Table structure for table `user`
--

DROP TABLE IF EXISTS `user`;
/*!40101 SET @saved_cs_client     = @@character_set_client */;
/*!40101 SET character_set_client = utf8 */;
CREATE TABLE `user` (
  `id` int(11) NOT NULL AUTO_INCREMENT,
  `name` varchar(45) DEFAULT NULL,
  `age` int(11) DEFAULT NULL,
  `password` varchar(45) DEFAULT NULL,
  `role_id` int(11) DEFAULT NULL,
  `part_id` int(11) DEFAULT NULL,
  `minesign` varchar(200) DEFAULT NULL,
  `artsign` longtext,
  `avatar` varchar(200) DEFAULT NULL,
  PRIMARY KEY (`id`),
  UNIQUE KEY `name_UNIQUE` (`name`)
) ENGINE=InnoDB AUTO_INCREMENT=47 DEFAULT CHARSET=utf8;
/*!40101 SET character_set_client = @saved_cs_client */;

--
-- Dumping data for table `user`
--

LOCK TABLES `user` WRITE;
/*!40000 ALTER TABLE `user` DISABLE KEYS */;
INSERT INTO `user` VALUES (1,'root',19,'123',1,4,NULL,'data:image/svg+xml;base64,PHN2ZyB4bWxucz0iaHR0cDovL3d3dy53My5vcmcvMjAwMC9zdmciIHhtbG5zOnhsaW5rPSJodHRwOi8vd3d3LnczLm9yZy8xOTk5L3hsaW5rIiB2aWV3Qm94PSIwIDAgNDY0IDMwMCIgd2lkdGg9IjQ2NCIgaGVpZ2h0PSIzMDAiPjxwYXRoIGQ9Ik0gMjcuMjAwLDExNC4wNzUgQyAyOC43MDAsMTE4LjU3NSAyOC40NDMsMTE4LjY4MiAzMC4yMDAsMTIzLjA3NSIgc3Ryb2tlLXdpZHRoPSI1LjAxOSIgc3Ryb2tlPSJyZ2IoMCwgMCwgMCkiIGZpbGw9Im5vbmUiIHN0cm9rZS1saW5lY2FwPSJyb3VuZCI+PC9wYXRoPjxwYXRoIGQ9Ik0gMzAuMjAwLDEyMy4wNzUgQyAzMS40NDMsMTI2LjE4MiAzMS43MDAsMTI2LjA3NSAzMy4yMDAsMTI5LjA3NSIgc3Ryb2tlLXdpZHRoPSI0LjMzNyIgc3Ryb2tlPSJyZ2IoMCwgMCwgMCkiIGZpbGw9Im5vbmUiIHN0cm9rZS1saW5lY2FwPSJyb3VuZCI+PC9wYXRoPjxwYXRoIGQ9Ik0gMzMuMjAwLDEyOS4wNzUgQyAzNS4yMDAsMTMzLjA3NSAzNS42MzksMTMyLjkxMyAzNy4yMDAsMTM3LjA3NSIgc3Ryb2tlLXdpZHRoPSIzLjgwMCIgc3Ryb2tlPSJyZ2IoMCwgMCwgMCkiIGZpbGw9Im5vbmUiIHN0cm9rZS1saW5lY2FwPSJyb3VuZCI+PC9wYXRoPjxwYXRoIGQ9Ik0gMzcuMjAwLDEzNy4wNzUgQyAzOC42MzksMTQwLjkxMyAzOC4yODYsMTQxLjA1NSAzOS4yMDAsMTQ1LjA3NSIgc3Ryb2tlLXdpZHRoPSIzLjc5MSIgc3Ryb2tlPSJyZ2IoMCwgMCwgMCkiIGZpbGw9Im5vbmUiIHN0cm9rZS1saW5lY2FwPSJyb3VuZCI+PC9wYXRoPjxwYXRoIGQ9Ik0gMzkuMjAwLDE0NS4wNzUgQyA0MC43ODYsMTUyLjA1NSA0MC4zMjEsMTUyLjE4NiA0Mi4yMDAsMTU5LjA3NSIgc3Ryb2tlLXdpZHRoPSIzLjI0MyIgc3Ryb2tlPSJyZ2IoMCwgMCwgMCkiIGZpbGw9Im5vbmUiIHN0cm9rZS1saW5lY2FwPSJyb3VuZCI+PC9wYXRoPjxwYXRoIGQ9Ik0gNDIuMjAwLDE1OS4wNzUgQyA0My4zMjEsMTYzLjE4NiA0NC4zMTksMTYyLjk2MyA0NS4yMDAsMTY3LjA3NSIgc3Ryb2tlLXdpZHRoPSIzLjUyOCIgc3Ryb2tlPSJyZ2IoMCwgMCwgMCkiIGZpbGw9Im5vbmUiIHN0cm9rZS1saW5lY2FwPSJyb3VuZCI+PC9wYXRoPjxwYXRoIGQ9Ik0gNDUuMjAwLDE2Ny4wNzUgQyA0NS44MTksMTY5Ljk2MyA0NC43NzksMTcwLjEyNyA0NS4yMDAsMTczLjA3NSIgc3Ryb2tlLXdpZHRoPSIzLjkwNCIgc3Ryb2tlPSJyZ2IoMCwgMCwgMCkiIGZpbGw9Im5vbmUiIHN0cm9rZS1saW5lY2FwPSJyb3VuZCI+PC9wYXRoPjxwYXRoIGQ9Ik0gNDUuMjAwLDE3My4wNzUgQyA0NS43NzksMTc3LjEyNyA0Ni41NzcsMTc3LjAyOSA0Ny4yMDAsMTgxLjA3NSIgc3Ryb2tlLXdpZHRoPSI0LjI4NSIgc3Ryb2tlPSJyZ2IoMCwgMCwgMCkiIGZpbGw9Im5vbmUiIHN0cm9rZS1saW5lY2FwPSJyb3VuZCI+PC9wYXRoPjxwYXRoIGQ9Ik0gNDcuMjAwLDE4MS4wNzUgQyA0Ny41NzcsMTgzLjUyOSA0Ny4yMDAsMTgzLjU3NSA0Ny4yMDAsMTg2LjA3NSIgc3Ryb2tlLXdpZHRoPSI0LjI4NiIgc3Ryb2tlPSJyZ2IoMCwgMCwgMCkiIGZpbGw9Im5vbmUiIHN0cm9rZS1saW5lY2FwPSJyb3VuZCI+PC9wYXRoPjxwYXRoIGQ9Ik0gNDcuMjAwLDE4Ni4wNzUgQyA0Ny4yMDAsMTg5LjU3NSA0Ny4yMDAsMTg5LjU3NSA0Ny4yMDAsMTkzLjA3NSIgc3Ryb2tlLXdpZHRoPSI0LjAxOCIgc3Ryb2tlPSJyZ2IoMCwgMCwgMCkiIGZpbGw9Im5vbmUiIHN0cm9rZS1saW5lY2FwPSJyb3VuZCI+PC9wYXRoPjxwYXRoIGQ9Ik0gNDcuMjAwLDE5My4wNzUgQyA0Ny4yMDAsMTk1LjU3NSA0Ny4yMDAsMTk1LjU3NSA0Ny4yMDAsMTk4LjA3NSIgc3Ryb2tlLXdpZHRoPSI0LjI0MiIgc3Ryb2tlPSJyZ2IoMCwgMCwgMCkiIGZpbGw9Im5vbmUiIHN0cm9rZS1saW5lY2FwPSJyb3VuZCI+PC9wYXRoPjxwYXRoIGQ9Ik0gNDcuMjAwLDE5OC4wNzUgQyA0Ny4yMDAsMjAxLjU3NSA0Ny43MjUsMjAxLjY2MCA0Ny4yMDAsMjA1LjA3NSIgc3Ryb2tlLXdpZHRoPSI0LjA1OCIgc3Ryb2tlPSJyZ2IoMCwgMCwgMCkiIGZpbGw9Im5vbmUiIHN0cm9rZS1saW5lY2FwPSJyb3VuZCI+PC9wYXRoPjxwYXRoIGQ9Ik0gNDcuMjAwLDIwNS4wNzUgQyA0Ni43MjUsMjA4LjE2MCA0NS43MTMsMjA3Ljk5NiA0NS4yMDAsMjExLjA3NSIgc3Ryb2tlLXdpZHRoPSI0LjAzOSIgc3Ryb2tlPSJyZ2IoMCwgMCwgMCkiIGZpbGw9Im5vbmUiIHN0cm9rZS1saW5lY2FwPSJyb3VuZCI+PC9wYXRoPjxwYXRoIGQ9Ik0gNDUuMjAwLDIxMS4wNzUgQyA0NC43MTMsMjEzLjk5NiA0NS44MTksMjE0LjE4NyA0NS4yMDAsMjE3LjA3NSIgc3Ryb2tlLXdpZHRoPSI0LjA3NSIgc3Ryb2tlPSJyZ2IoMCwgMCwgMCkiIGZpbGw9Im5vbmUiIHN0cm9rZS1saW5lY2FwPSJyb3VuZCI+PC9wYXRoPjxwYXRoIGQ9Ik0gNDUuMjAwLDIxNy4wNzUgQyA0NC4zMTksMjIxLjE4NyA0My4yMjksMjIwLjk1OSA0Mi4yMDAsMjI1LjA3NSIgc3Ryb2tlLXdpZHRoPSI0LjMyNCIgc3Ryb2tlPSJyZ2IoMCwgMCwgMCkiIGZpbGw9Im5vbmUiIHN0cm9rZS1saW5lY2FwPSJyb3VuZCI+PC9wYXRoPjxwYXRoIGQ9Ik0gNDIuMjAwLDIyNS4wNzUgQyA0MS4yMjksMjI4Ljk1OSA0Mi4xNzEsMjI5LjE5MSA0MS4yMDAsMjMzLjA3NSIgc3Ryb2tlLXdpZHRoPSI0LjQ3OCIgc3Ryb2tlPSJyZ2IoMCwgMCwgMCkiIGZpbGw9Im5vbmUiIHN0cm9rZS1saW5lY2FwPSJyb3VuZCI+PC9wYXRoPjxwYXRoIGQ9Ik0gNDEuMjAwLDIzMy4wNzUgQyA0MC4xNzEsMjM3LjE5MSAzOS4yMjksMjM2Ljk1OSAzOC4yMDAsMjQxLjA3NSIgc3Ryb2tlLXdpZHRoPSI0LjQ3MSIgc3Ryb2tlPSJyZ2IoMCwgMCwgMCkiIGZpbGw9Im5vbmUiIHN0cm9rZS1saW5lY2FwPSJyb3VuZCI+PC9wYXRoPjxwYXRoIGQ9Ik0gMzguMjAwLDI0MS4wNzUgQyAzNy4yMjksMjQ0Ljk1OSAzNy40NTEsMjQ5LjA3NSAzNy4yMDAsMjQ5LjA3NSIgc3Ryb2tlLXdpZHRoPSI0LjU0MSIgc3Ryb2tlPSJyZ2IoMCwgMCwgMCkiIGZpbGw9Im5vbmUiIHN0cm9rZS1saW5lY2FwPSJyb3VuZCI+PC9wYXRoPjxwYXRoIGQ9Ik0gMzcuMjAwLDI0OS4wNzUgQyAzNi45NTEsMjQ5LjA3NSAzNy4yMDAsMjQ1LjA3NSAzNy4yMDAsMjQxLjA3NSIgc3Ryb2tlLXdpZHRoPSI1LjA2OCIgc3Ryb2tlPSJyZ2IoMCwgMCwgMCkiIGZpbGw9Im5vbmUiIHN0cm9rZS1saW5lY2FwPSJyb3VuZCI+PC9wYXRoPjxwYXRoIGQ9Ik0gMzcuMjAwLDI0MS4wNzUgQyAzNy4yMDAsMjM4LjA3NSAzNi45MzAsMjM4LjA0OCAzNy4yMDAsMjM1LjA3NSIgc3Ryb2tlLXdpZHRoPSI0LjM0MiIgc3Ryb2tlPSJyZ2IoMCwgMCwgMCkiIGZpbGw9Im5vbmUiIHN0cm9rZS1saW5lY2FwPSJyb3VuZCI+PC9wYXRoPjxwYXRoIGQ9Ik0gMzcuMjAwLDIzNS4wNzUgQyAzNy40MzAsMjMyLjU0OCAzNy4yNjcsMjMyLjQwOCAzOC4yMDAsMjMwLjA3NSIgc3Ryb2tlLXdpZHRoPSI0LjI4OCIgc3Ryb2tlPSJyZ2IoMCwgMCwgMCkiIGZpbGw9Im5vbmUiIHN0cm9rZS1saW5lY2FwPSJyb3VuZCI+PC9wYXRoPjxwYXRoIGQ9Ik0gMzguMjAwLDIzMC4wNzUgQyAzOS4yNjcsMjI3LjQwOCA0MC4wMDEsMjI3LjcxMyA0MS4yMDAsMjI1LjA3NSIgc3Ryb2tlLXdpZHRoPSI0LjE3MSIgc3Ryb2tlPSJyZ2IoMCwgMCwgMCkiIGZpbGw9Im5vbmUiIHN0cm9rZS1saW5lY2FwPSJyb3VuZCI+PC9wYXRoPjxwYXRoIGQ9Ik0gNDEuMjAwLDIyNS4wNzUgQyA0Mi41MDEsMjIyLjIxMyA0Mi4zMzIsMjIyLjExMyA0My4yMDAsMjE5LjA3NSIgc3Ryb2tlLXdpZHRoPSI0LjEyMSIgc3Ryb2tlPSJyZ2IoMCwgMCwgMCkiIGZpbGw9Im5vbmUiIHN0cm9rZS1saW5lY2FwPSJyb3VuZCI+PC9wYXRoPjxwYXRoIGQ9Ik0gNDMuMjAwLDIxOS4wNzUgQyA0NC4zMzIsMjE1LjExMyA0My43NjEsMjE0LjkxMyA0NS4yMDAsMjExLjA3NSIgc3Ryb2tlLXdpZHRoPSIzLjg4MiIgc3Ryb2tlPSJyZ2IoMCwgMCwgMCkiIGZpbGw9Im5vbmUiIHN0cm9rZS1saW5lY2FwPSJyb3VuZCI+PC9wYXRoPjxwYXRoIGQ9Ik0gNDUuMjAwLDIxMS4wNzUgQyA0Ni43NjEsMjA2LjkxMyA0OC4wMDMsMjA3LjI2NSA0OS4yMDAsMjAzLjA3NSIgc3Ryb2tlLXdpZHRoPSIzLjY4NiIgc3Ryb2tlPSJyZ2IoMCwgMCwgMCkiIGZpbGw9Im5vbmUiIHN0cm9rZS1saW5lY2FwPSJyb3VuZCI+PC9wYXRoPjxwYXRoIGQ9Ik0gNDkuMjAwLDIwMy4wNzUgQyA1MC4wMDMsMjAwLjI2NSA0OC4zOTcsMTk5Ljg4NSA0OS4yMDAsMTk3LjA3NSIgc3Ryb2tlLXdpZHRoPSIzLjk2MCIgc3Ryb2tlPSJyZ2IoMCwgMCwgMCkiIGZpbGw9Im5vbmUiIHN0cm9rZS1saW5lY2FwPSJyb3VuZCI+PC9wYXRoPjxwYXRoIGQ9Ik0gNDkuMjAwLDE5Ny4wNzUgQyA1MC4zOTcsMTkyLjg4NSA1MS44MDQsMTkzLjI2NCA1My4yMDAsMTg5LjA3NSIgc3Ryb2tlLXdpZHRoPSI0LjI1NiIgc3Ryb2tlPSJyZ2IoMCwgMCwgMCkiIGZpbGw9Im5vbmUiIHN0cm9rZS1saW5lY2FwPSJyb3VuZCI+PC9wYXRoPjxwYXRoIGQ9Ik0gNTMuMjAwLDE4OS4wNzUgQyA1NC4zMDQsMTg1Ljc2NCA1My42MTksMTg1LjU2MSA1NC4yMDAsMTgyLjA3NSIgc3Ryb2tlLXdpZHRoPSI0LjcyMCIgc3Ryb2tlPSJyZ2IoMCwgMCwgMCkiIGZpbGw9Im5vbmUiIHN0cm9rZS1saW5lY2FwPSJyb3VuZCI+PC9wYXRoPjxwYXRoIGQ9Ik0gNTQuMjAwLDE4Mi4wNzUgQyA1NC42MTksMTc5LjU2MSA1NC42MjcsMTc5LjU1OSA1NS4yMDAsMTc3LjA3NSIgc3Ryb2tlLXdpZHRoPSI0Ljg1MSIgc3Ryb2tlPSJyZ2IoMCwgMCwgMCkiIGZpbGw9Im5vbmUiIHN0cm9rZS1saW5lY2FwPSJyb3VuZCI+PC9wYXRoPjxwYXRoIGQ9Ik0gNTUuMjAwLDE3Ny4wNzUgQyA1Ni4xMjcsMTczLjA1OSA1Ni4yMDAsMTczLjA3NSA1Ny4yMDAsMTY5LjA3NSIgc3Ryb2tlLXdpZHRoPSI0Ljg0NSIgc3Ryb2tlPSJyZ2IoMCwgMCwgMCkiIGZpbGw9Im5vbmUiIHN0cm9rZS1saW5lY2FwPSJyb3VuZCI+PC9wYXRoPjxwYXRoIGQ9Ik0gNTcuMjAwLDE2OS4wNzUgQyA1OC4yMDAsMTY1LjA3NSA1OC4yMDAsMTY1LjA3NSA1OS4yMDAsMTYxLjA3NSIgc3Ryb2tlLXdpZHRoPSI0LjU3OCIgc3Ryb2tlPSJyZ2IoMCwgMCwgMCkiIGZpbGw9Im5vbmUiIHN0cm9rZS1saW5lY2FwPSJyb3VuZCI+PC9wYXRoPjxwYXRoIGQ9Ik0gNTkuMjAwLDE2MS4wNzUgQyA2MC4yMDAsMTU3LjA3NSA2MC42MjEsMTU3LjEyNyA2MS4yMDAsMTUzLjA3NSIgc3Ryb2tlLXdpZHRoPSI0Ljc1MSIgc3Ryb2tlPSJyZ2IoMCwgMCwgMCkiIGZpbGw9Im5vbmUiIHN0cm9rZS1saW5lY2FwPSJyb3VuZCI+PC9wYXRoPjxwYXRoIGQ9Ik0gNjEuMjAwLDE1My4wNzUgQyA2MS42MjEsMTUwLjEyNyA2MC45MzAsMTUwLjA0OCA2MS4yMDAsMTQ3LjA3NSIgc3Ryb2tlLXdpZHRoPSI0Ljc1NyIgc3Ryb2tlPSJyZ2IoMCwgMCwgMCkiIGZpbGw9Im5vbmUiIHN0cm9rZS1saW5lY2FwPSJyb3VuZCI+PC9wYXRoPjxwYXRoIGQ9Ik0gNjEuMjAwLDE0Ny4wNzUgQyA2MS40MzAsMTQ0LjU0OCA2MS45NDgsMTQ0LjYwMCA2Mi4yMDAsMTQyLjA3NSIgc3Ryb2tlLXdpZHRoPSI0Ljg2MyIgc3Ryb2tlPSJyZ2IoMCwgMCwgMCkiIGZpbGw9Im5vbmUiIHN0cm9rZS1saW5lY2FwPSJyb3VuZCI+PC9wYXRoPjxwYXRoIGQ9Ik0gNjIuMjAwLDE0Mi4wNzUgQyA2Mi40NDgsMTM5LjYwMCA2MS40NTAsMTM5LjMyNSA2Mi4yMDAsMTM3LjA3NSIgc3Ryb2tlLXdpZHRoPSI0Ljg5MSIgc3Ryb2tlPSJyZ2IoMCwgMCwgMCkiIGZpbGw9Im5vbmUiIHN0cm9rZS1saW5lY2FwPSJyb3VuZCI+PC9wYXRoPjxwYXRoIGQ9Ik0gNjIuMjAwLDEzNy4wNzUgQyA2Mi45NTAsMTM0LjgyNSA2NC40MzQsMTM1LjM3MiA2NS4yMDAsMTMzLjA3NSIgc3Ryb2tlLXdpZHRoPSI0LjkwMCIgc3Ryb2tlPSJyZ2IoMCwgMCwgMCkiIGZpbGw9Im5vbmUiIHN0cm9rZS1saW5lY2FwPSJyb3VuZCI+PC9wYXRoPjxwYXRoIGQ9Ik0gNjUuMjAwLDEzMy4wNzUgQyA2Ni40MzQsMTI5LjM3MiA2NC45NjYsMTI4Ljc3OCA2Ni4yMDAsMTI1LjA3NSIgc3Ryb2tlLXdpZHRoPSI0LjY0NyIgc3Ryb2tlPSJyZ2IoMCwgMCwgMCkiIGZpbGw9Im5vbmUiIHN0cm9rZS1saW5lY2FwPSJyb3VuZCI+PC9wYXRoPjxwYXRoIGQ9Ik0gNjYuMjAwLDEyNS4wNzUgQyA2Ni45NjYsMTIyLjc3OCA2Ny40NTAsMTIyLjgyNSA2OS4yMDAsMTIxLjA3NSIgc3Ryb2tlLXdpZHRoPSI0Ljg0OCIgc3Ryb2tlPSJyZ2IoMCwgMCwgMCkiIGZpbGw9Im5vbmUiIHN0cm9rZS1saW5lY2FwPSJyb3VuZCI+PC9wYXRoPjxwYXRoIGQ9Ik0gNjkuMjAwLDEyMS4wNzUgQyA3MC45NTAsMTE5LjMyNSA3MS4xMjMsMTE5LjQ2MCA3My4yMDAsMTE4LjA3NSIgc3Ryb2tlLXdpZHRoPSI0Ljg5OSIgc3Ryb2tlPSJyZ2IoMCwgMCwgMCkiIGZpbGw9Im5vbmUiIHN0cm9rZS1saW5lY2FwPSJyb3VuZCI+PC9wYXRoPjxwYXRoIGQ9Ik0gNzMuMjAwLDExOC4wNzUgQyA3NS42MjMsMTE2LjQ2MCA3NS40MjgsMTE1LjU5NSA3OC4yMDAsMTE1LjA3NSIgc3Ryb2tlLXdpZHRoPSI1LjIwNiIgc3Ryb2tlPSJyZ2IoMCwgMCwgMCkiIGZpbGw9Im5vbmUiIHN0cm9rZS1saW5lY2FwPSJyb3VuZCI+PC9wYXRoPjxwYXRoIGQ9Ik0gNzguMjAwLDExNS4wNzUgQyA4My40MjgsMTE0LjA5NSA4My43MDAsMTE1LjA3NSA4OS4yMDAsMTE1LjA3NSIgc3Ryb2tlLXdpZHRoPSI0LjU0MyIgc3Ryb2tlPSJyZ2IoMCwgMCwgMCkiIGZpbGw9Im5vbmUiIHN0cm9rZS1saW5lY2FwPSJyb3VuZCI+PC9wYXRoPjxwYXRoIGQ9Ik0gODkuMjAwLDExNS4wNzUgQyA5MS43MDAsMTE1LjA3NSA5MS44MjIsMTE0LjQ4MSA5NC4yMDAsMTE1LjA3NSIgc3Ryb2tlLXdpZHRoPSI0Ljk0MCIgc3Ryb2tlPSJyZ2IoMCwgMCwgMCkiIGZpbGw9Im5vbmUiIHN0cm9rZS1saW5lY2FwPSJyb3VuZCI+PC9wYXRoPjxwYXRoIGQ9Ik0gMTQ2LjIwMCwxMzQuMDc1IEMgMTQzLjcwMCwxMzguNTc1IDE0Mi43ODAsMTM4LjMzNiAxNDEuMjAwLDE0My4wNzUiIHN0cm9rZS13aWR0aD0iNC44OTEiIHN0cm9rZT0icmdiKDAsIDAsIDApIiBmaWxsPSJub25lIiBzdHJva2UtbGluZWNhcD0icm91bmQiPjwvcGF0aD48cGF0aCBkPSJNIDE0MS4yMDAsMTQzLjA3NSBDIDE0MC4yODAsMTQ1LjgzNiAxNDEuOTA4LDE0Ni4yNDIgMTQxLjIwMCwxNDkuMDc1IiBzdHJva2Utd2lkdGg9IjQuMzAyIiBzdHJva2U9InJnYigwLCAwLCAwKSIgZmlsbD0ibm9uZSIgc3Ryb2tlLWxpbmVjYXA9InJvdW5kIj48L3BhdGg+PHBhdGggZD0iTSAxNDEuMjAwLDE0OS4wNzUgQyAxNDAuNDA4LDE1Mi4yNDIgMTM4LjgwMiwxNTEuODYzIDEzOC4yMDAsMTU1LjA3NSIgc3Ryb2tlLXdpZHRoPSI0LjExMCIgc3Ryb2tlPSJyZ2IoMCwgMCwgMCkiIGZpbGw9Im5vbmUiIHN0cm9rZS1saW5lY2FwPSJyb3VuZCI+PC9wYXRoPjxwYXRoIGQ9Ik0gMTM4LjIwMCwxNTUuMDc1IEMgMTM3LjMwMiwxNTkuODYzIDEzOC4yMDAsMTYwLjA3NSAxMzguMjAwLDE2NS4wNzUiIHN0cm9rZS13aWR0aD0iMy42OTUiIHN0cm9rZT0icmdiKDAsIDAsIDApIiBmaWxsPSJub25lIiBzdHJva2UtbGluZWNhcD0icm91bmQiPjwvcGF0aD48cGF0aCBkPSJNIDEzOC4yMDAsMTY1LjA3NSBDIDEzOC4yMDAsMTY5LjA3NSAxMzcuOTc4LDE2OS4wODYgMTM4LjIwMCwxNzMuMDc1IiBzdHJva2Utd2lkdGg9IjMuODMyIiBzdHJva2U9InJnYigwLCAwLCAwKSIgZmlsbD0ibm9uZSIgc3Ryb2tlLWxpbmVjYXA9InJvdW5kIj48L3BhdGg+PHBhdGggZD0iTSAxMzguMjAwLDE3My4wNzUgQyAxMzguNDc4LDE3OC4wODYgMTM4LjQ1NSwxNzguMTEyIDEzOS4yMDAsMTgzLjA3NSIgc3Ryb2tlLXdpZHRoPSIzLjY3NCIgc3Ryb2tlPSJyZ2IoMCwgMCwgMCkiIGZpbGw9Im5vbmUiIHN0cm9rZS1saW5lY2FwPSJyb3VuZCI+PC9wYXRoPjxwYXRoIGQ9Ik0gMTM5LjIwMCwxODMuMDc1IEMgMTM5Ljk1NSwxODguMTEyIDE0MC4yMDAsMTg4LjA3NSAxNDEuMjAwLDE5My4wNzUiIHN0cm9rZS13aWR0aD0iMy41MDQiIHN0cm9rZT0icmdiKDAsIDAsIDApIiBmaWxsPSJub25lIiBzdHJva2UtbGluZWNhcD0icm91bmQiPjwvcGF0aD48cGF0aCBkPSJNIDE0MS4yMDAsMTkzLjA3NSBDIDE0MS43MDAsMTk1LjU3NSAxNDEuNzgxLDE5NS41NjEgMTQyLjIwMCwxOTguMDc1IiBzdHJva2Utd2lkdGg9IjQuMDA0IiBzdHJva2U9InJnYigwLCAwLCAwKSIgZmlsbD0ibm9uZSIgc3Ryb2tlLWxpbmVjYXA9InJvdW5kIj48L3BhdGg+PHBhdGggZD0iTSAxNDIuMjAwLDE5OC4wNzUgQyAxNDIuNzgxLDIwMS41NjEgMTQyLjQwOCwyMDEuNjQ0IDE0My4yMDAsMjA1LjA3NSIgc3Ryb2tlLXdpZHRoPSIzLjkzMSIgc3Ryb2tlPSJyZ2IoMCwgMCwgMCkiIGZpbGw9Im5vbmUiIHN0cm9rZS1saW5lY2FwPSJyb3VuZCI+PC9wYXRoPjxwYXRoIGQ9Ik0gMTQzLjIwMCwyMDUuMDc1IEMgMTQzLjkwOCwyMDguMTQ0IDE0NC4yMDAsMjA4LjA3NSAxNDUuMjAwLDIxMS4wNzUiIHN0cm9rZS13aWR0aD0iNC4wMDEiIHN0cm9rZT0icmdiKDAsIDAsIDApIiBmaWxsPSJub25lIiBzdHJva2UtbGluZWNhcD0icm91bmQiPjwvcGF0aD48cGF0aCBkPSJNIDE0NS4yMDAsMjExLjA3NSBDIDE0Ni4yMDAsMjE0LjA3NSAxNDUuNjUwLDIxNC4zNjMgMTQ3LjIwMCwyMTcuMDc1IiBzdHJva2Utd2lkdGg9IjQuMDIyIiBzdHJva2U9InJnYigwLCAwLCAwKSIgZmlsbD0ibm9uZSIgc3Ryb2tlLWxpbmVjYXA9InJvdW5kIj48L3BhdGg+PHBhdGggZD0iTSAxNDcuMjAwLDIxNy4wNzUgQyAxNDkuNjUwLDIyMS4zNjMgMTQ5LjcxNCwyMjEuNTg5IDE1My4yMDAsMjI1LjA3NSIgc3Ryb2tlLXdpZHRoPSI0LjI0NCIgc3Ryb2tlPSJyZ2IoMCwgMCwgMCkiIGZpbGw9Im5vbmUiIHN0cm9rZS1saW5lY2FwPSJyb3VuZCI+PC9wYXRoPjxwYXRoIGQ9Ik0gMTUzLjIwMCwyMjUuMDc1IEMgMTU1LjcxNCwyMjcuNTg5IDE1Ni4wMDQsMjI3LjQ3NyAxNTkuMjAwLDIyOS4wNzUiIHN0cm9rZS13aWR0aD0iMy45ODEiIHN0cm9rZT0icmdiKDAsIDAsIDApIiBmaWxsPSJub25lIiBzdHJva2UtbGluZWNhcD0icm91bmQiPjwvcGF0aD48cGF0aCBkPSJNIDE1OS4yMDAsMjI5LjA3NSBDIDE2Mi4wMDQsMjMwLjQ3NyAxNjIuMjIyLDIzMC4wMTIgMTY1LjIwMCwyMzEuMDc1IiBzdHJva2Utd2lkdGg9IjQuMDE2IiBzdHJva2U9InJnYigwLCAwLCAwKSIgZmlsbD0ibm9uZSIgc3Ryb2tlLWxpbmVjYXA9InJvdW5kIj48L3BhdGg+PHBhdGggZD0iTSAxNjUuMjAwLDIzMS4wNzUgQyAxNjkuMjIyLDIzMi41MTIgMTY5LjA2MCwyMzMuMzQ0IDE3My4yMDAsMjM0LjA3NSIgc3Ryb2tlLXdpZHRoPSI0LjM0MCIgc3Ryb2tlPSJyZ2IoMCwgMCwgMCkiIGZpbGw9Im5vbmUiIHN0cm9rZS1saW5lY2FwPSJyb3VuZCI+PC9wYXRoPjxwYXRoIGQ9Ik0gMTczLjIwMCwyMzQuMDc1IEMgMTc3LjU2MCwyMzQuODQ0IDE3Ny44MTksMjM0LjgwNSAxODIuMjAwLDIzNC4wNzUiIHN0cm9rZS13aWR0aD0iNC4zNzUiIHN0cm9rZT0icmdiKDAsIDAsIDApIiBmaWxsPSJub25lIiBzdHJva2UtbGluZWNhcD0icm91bmQiPjwvcGF0aD48cGF0aCBkPSJNIDE4Mi4yMDAsMjM0LjA3NSBDIDE4Ni44MTksMjMzLjMwNSAxODYuNzAwLDIzMi41NzUgMTkxLjIwMCwyMzEuMDc1IiBzdHJva2Utd2lkdGg9IjMuNzQ4IiBzdHJva2U9InJnYigwLCAwLCAwKSIgZmlsbD0ibm9uZSIgc3Ryb2tlLWxpbmVjYXA9InJvdW5kIj48L3BhdGg+PHBhdGggZD0iTSAxOTEuMjAwLDIzMS4wNzUgQyAxOTQuMjAwLDIzMC4wNzUgMTk0LjMwMSwyMzAuMzE4IDE5Ny4yMDAsMjI5LjA3NSIgc3Ryb2tlLXdpZHRoPSIzLjk0MiIgc3Ryb2tlPSJyZ2IoMCwgMCwgMCkiIGZpbGw9Im5vbmUiIHN0cm9rZS1saW5lY2FwPSJyb3VuZCI+PC9wYXRoPjxwYXRoIGQ9Ik0gMTk3LjIwMCwyMjkuMDc1IEMgMjAxLjMwMSwyMjcuMzE4IDIwMS41MjUsMjI3LjUyNSAyMDUuMjAwLDIyNS4wNzUiIHN0cm9rZS13aWR0aD0iMy43MDIiIHN0cm9rZT0icmdiKDAsIDAsIDApIiBmaWxsPSJub25lIiBzdHJva2UtbGluZWNhcD0icm91bmQiPjwvcGF0aD48cGF0aCBkPSJNIDIwNS4yMDAsMjI1LjA3NSBDIDIwNy41MjUsMjIzLjUyNSAyMDcuOTc5LDIyMy41MTYgMjA5LjIwMCwyMjEuMDc1IiBzdHJva2Utd2lkdGg9IjQuMDA4IiBzdHJva2U9InJnYigwLCAwLCAwKSIgZmlsbD0ibm9uZSIgc3Ryb2tlLWxpbmVjYXA9InJvdW5kIj48L3BhdGg+PHBhdGggZD0iTSAyMDkuMjAwLDIyMS4wNzUgQyAyMTAuOTc5LDIxNy41MTYgMjA5LjY0NCwyMTYuODEwIDIxMS4yMDAsMjEzLjA3NSIgc3Ryb2tlLXdpZHRoPSIzLjkwMiIgc3Ryb2tlPSJyZ2IoMCwgMCwgMCkiIGZpbGw9Im5vbmUiIHN0cm9rZS1saW5lY2FwPSJyb3VuZCI+PC9wYXRoPjxwYXRoIGQ9Ik0gMjExLjIwMCwyMTMuMDc1IEMgMjEyLjE0NCwyMTAuODEwIDIxMy4wOTIsMjExLjI5MCAyMTQuMjAwLDIwOS4wNzUiIHN0cm9rZS13aWR0aD0iNC4xNjMiIHN0cm9rZT0icmdiKDAsIDAsIDApIiBmaWxsPSJub25lIiBzdHJva2UtbGluZWNhcD0icm91bmQiPjwvcGF0aD48cGF0aCBkPSJNIDIxNC4yMDAsMjA5LjA3NSBDIDIxNi4wOTIsMjA1LjI5MCAyMTYuNDI1LDIwNS4yMDcgMjE3LjIwMCwyMDEuMDc1IiBzdHJva2Utd2lkdGg9IjMuODAzIiBzdHJva2U9InJnYigwLCAwLCAwKSIgZmlsbD0ibm9uZSIgc3Ryb2tlLWxpbmVjYXA9InJvdW5kIj48L3BhdGg+PHBhdGggZD0iTSAyMTcuMjAwLDIwMS4wNzUgQyAyMTcuOTI1LDE5Ny4yMDcgMjE3LjIwMCwxOTcuMDc1IDIxNy4yMDAsMTkzLjA3NSIgc3Ryb2tlLXdpZHRoPSIzLjc2NiIgc3Ryb2tlPSJyZ2IoMCwgMCwgMCkiIGZpbGw9Im5vbmUiIHN0cm9rZS1saW5lY2FwPSJyb3VuZCI+PC9wYXRoPjxwYXRoIGQ9Ik0gMjE3LjIwMCwxOTMuMDc1IEMgMjE3LjIwMCwxODkuMDc1IDIxNy4yMDAsMTg5LjA3NSAyMTcuMjAwLDE4NS4wNzUiIHN0cm9rZS13aWR0aD0iMy43NTUiIHN0cm9rZT0icmdiKDAsIDAsIDApIiBmaWxsPSJub25lIiBzdHJva2UtbGluZWNhcD0icm91bmQiPjwvcGF0aD48cGF0aCBkPSJNIDIxNy4yMDAsMTg1LjA3NSBDIDIxNy4yMDAsMTc5LjA3NSAyMTguMDAyLDE3OC45NTcgMjE3LjIwMCwxNzMuMDc1IiBzdHJva2Utd2lkdGg9IjMuMzU5IiBzdHJva2U9InJnYigwLCAwLCAwKSIgZmlsbD0ibm9uZSIgc3Ryb2tlLWxpbmVjYXA9InJvdW5kIj48L3BhdGg+PHBhdGggZD0iTSAyMTcuMjAwLDE3My4wNzUgQyAyMTYuNTAyLDE2Ny45NTcgMjE1LjIxOSwxNjguMTcwIDIxNC4yMDAsMTYzLjA3NSIgc3Ryb2tlLXdpZHRoPSIzLjM5MCIgc3Ryb2tlPSJyZ2IoMCwgMCwgMCkiIGZpbGw9Im5vbmUiIHN0cm9rZS1saW5lY2FwPSJyb3VuZCI+PC9wYXRoPjxwYXRoIGQ9Ik0gMjE0LjIwMCwxNjMuMDc1IEMgMjEzLjIxOSwxNTguMTcwIDIxNC41MzYsMTU3Ljc0OSAyMTMuMjAwLDE1My4wNzUiIHN0cm9rZS13aWR0aD0iMy40MzUiIHN0cm9rZT0icmdiKDAsIDAsIDApIiBmaWxsPSJub25lIiBzdHJva2UtbGluZWNhcD0icm91bmQiPjwvcGF0aD48cGF0aCBkPSJNIDIxMy4yMDAsMTUzLjA3NSBDIDIxMi41MzYsMTUwLjc0OSAyMTEuMDI4LDE1MS4zNTMgMjEwLjIwMCwxNDkuMDc1IiBzdHJva2Utd2lkdGg9IjMuOTg5IiBzdHJva2U9InJnYigwLCAwLCAwKSIgZmlsbD0ibm9uZSIgc3Ryb2tlLWxpbmVjYXA9InJvdW5kIj48L3BhdGg+PHBhdGggZD0iTSAyMTAuMjAwLDE0OS4wNzUgQyAyMDkuMDI4LDE0NS44NTMgMjEwLjM3MiwxNDUuMjk3IDIwOS4yMDAsMTQyLjA3NSIgc3Ryb2tlLXdpZHRoPSIzLjkyNyIgc3Ryb2tlPSJyZ2IoMCwgMCwgMCkiIGZpbGw9Im5vbmUiIHN0cm9rZS1saW5lY2FwPSJyb3VuZCI+PC9wYXRoPjxwYXRoIGQ9Ik0gMjA5LjIwMCwxNDIuMDc1IEMgMjA4LjM3MiwxMzkuNzk3IDIwNy4xOTAsMTQwLjMwMyAyMDYuMjAwLDEzOC4wNzUiIHN0cm9rZS13aWR0aD0iNC4yMTIiIHN0cm9rZT0icmdiKDAsIDAsIDApIiBmaWxsPSJub25lIiBzdHJva2UtbGluZWNhcD0icm91bmQiPjwvcGF0aD48cGF0aCBkPSJNIDIwNi4yMDAsMTM4LjA3NSBDIDIwNS4xOTAsMTM1LjgwMyAyMDYuMjEwLDEzNS4zNDcgMjA1LjIwMCwxMzMuMDc1IiBzdHJva2Utd2lkdGg9IjQuNjUzIiBzdHJva2U9InJnYigwLCAwLCAwKSIgZmlsbD0ibm9uZSIgc3Ryb2tlLWxpbmVjYXA9InJvdW5kIj48L3BhdGg+PHBhdGggZD0iTSAyMDUuMjAwLDEzMy4wNzUgQyAyMDQuMjEwLDEzMC44NDcgMjA0LjExNCwxMzAuNjA2IDIwMi4yMDAsMTI5LjA3NSIgc3Ryb2tlLXdpZHRoPSI0LjQzNCIgc3Ryb2tlPSJyZ2IoMCwgMCwgMCkiIGZpbGw9Im5vbmUiIHN0cm9rZS1saW5lY2FwPSJyb3VuZCI+PC9wYXRoPjxwYXRoIGQ9Ik0gMjAyLjIwMCwxMjkuMDc1IEMgMTk5LjExNCwxMjYuNjA2IDE5OC44MDEsMTI2Ljg3NiAxOTUuMjAwLDEyNS4wNzUiIHN0cm9rZS13aWR0aD0iNC44MzQiIHN0cm9rZT0icmdiKDAsIDAsIDApIiBmaWxsPSJub25lIiBzdHJva2UtbGluZWNhcD0icm91bmQiPjwvcGF0aD48cGF0aCBkPSJNIDE5NS4yMDAsMTI1LjA3NSBDIDE5MC44MDEsMTIyLjg3NiAxOTAuODQzLDEyMi40MDIgMTg2LjIwMCwxMjEuMDc1IiBzdHJva2Utd2lkdGg9IjQuNDkzIiBzdHJva2U9InJnYigwLCAwLCAwKSIgZmlsbD0ibm9uZSIgc3Ryb2tlLWxpbmVjYXA9InJvdW5kIj48L3BhdGg+PHBhdGggZD0iTSAxODYuMjAwLDEyMS4wNzUgQyAxODMuODQzLDEyMC40MDIgMTgzLjcwMCwxMjEuMDc1IDE4MS4yMDAsMTIxLjA3NSIgc3Ryb2tlLXdpZHRoPSI0Ljc3MyIgc3Ryb2tlPSJyZ2IoMCwgMCwgMCkiIGZpbGw9Im5vbmUiIHN0cm9rZS1saW5lY2FwPSJyb3VuZCI+PC9wYXRoPjxwYXRoIGQ9Ik0gMTgxLjIwMCwxMjEuMDc1IEMgMTc3LjIwMCwxMjEuMDc1IDE3Ny4yMDAsMTIxLjA3NSAxNzMuMjAwLDEyMS4wNzUiIHN0cm9rZS13aWR0aD0iNC44MzUiIHN0cm9rZT0icmdiKDAsIDAsIDApIiBmaWxsPSJub25lIiBzdHJva2UtbGluZWNhcD0icm91bmQiPjwvcGF0aD48cGF0aCBkPSJNIDE3My4yMDAsMTIxLjA3NSBDIDE2OS4yMDAsMTIxLjA3NSAxNjkuMTM5LDEyMC41ODMgMTY1LjIwMCwxMjEuMDc1IiBzdHJva2Utd2lkdGg9IjQuNjE2IiBzdHJva2U9InJnYigwLCAwLCAwKSIgZmlsbD0ibm9uZSIgc3Ryb2tlLWxpbmVjYXA9InJvdW5kIj48L3BhdGg+PHBhdGggZD0iTSAxNjUuMjAwLDEyMS4wNzUgQyAxNjEuMTM5LDEyMS41ODMgMTYxLjAzOCwxMjEuNjM2IDE1Ny4yMDAsMTIzLjA3NSIgc3Ryb2tlLXdpZHRoPSI0LjY3NiIgc3Ryb2tlPSJyZ2IoMCwgMCwgMCkiIGZpbGw9Im5vbmUiIHN0cm9rZS1saW5lY2FwPSJyb3VuZCI+PC9wYXRoPjxwYXRoIGQ9Ik0gMTU3LjIwMCwxMjMuMDc1IEMgMTUzLjAzOCwxMjQuNjM2IDE1My4yMDAsMTI1LjA3NSAxNDkuMjAwLDEyNy4wNzUiIHN0cm9rZS13aWR0aD0iNC44ODQiIHN0cm9rZT0icmdiKDAsIDAsIDApIiBmaWxsPSJub25lIiBzdHJva2UtbGluZWNhcD0icm91bmQiPjwvcGF0aD48cGF0aCBkPSJNIDI1NC4yMDAsMTI5LjA3NSBDIDI1MS43MDAsMTM1LjA3NSAyNTEuMzQyLDEzNC45NTYgMjQ5LjIwMCwxNDEuMDc1IiBzdHJva2Utd2lkdGg9IjQuNTYxIiBzdHJva2U9InJnYigwLCAwLCAwKSIgZmlsbD0ibm9uZSIgc3Ryb2tlLWxpbmVjYXA9InJvdW5kIj48L3BhdGg+PHBhdGggZD0iTSAyNDkuMjAwLDE0MS4wNzUgQyAyNDcuODQyLDE0NC45NTYgMjQ3Ljk1OCwxNDUuMDMwIDI0Ny4yMDAsMTQ5LjA3NSIgc3Ryb2tlLXdpZHRoPSIzLjkzMSIgc3Ryb2tlPSJyZ2IoMCwgMCwgMCkiIGZpbGw9Im5vbmUiIHN0cm9rZS1saW5lY2FwPSJyb3VuZCI+PC9wYXRoPjxwYXRoIGQ9Ik0gMjQ3LjIwMCwxNDkuMDc1IEMgMjQ2LjQ1OCwxNTMuMDMwIDI0Ni43MDAsMTUzLjA3NSAyNDYuMjAwLDE1Ny4wNzUiIHN0cm9rZS13aWR0aD0iMy43OTYiIHN0cm9rZT0icmdiKDAsIDAsIDApIiBmaWxsPSJub25lIiBzdHJva2UtbGluZWNhcD0icm91bmQiPjwvcGF0aD48cGF0aCBkPSJNIDI0Ni4yMDAsMTU3LjA3NSBDIDI0NS43MDAsMTYxLjA3NSAyNDUuNDAxLDE2MS4wNTYgMjQ1LjIwMCwxNjUuMDc1IiBzdHJva2Utd2lkdGg9IjMuNzU3IiBzdHJva2U9InJnYigwLCAwLCAwKSIgZmlsbD0ibm9uZSIgc3Ryb2tlLWxpbmVjYXA9InJvdW5kIj48L3BhdGg+PHBhdGggZD0iTSAyNDUuMjAwLDE2NS4wNzUgQyAyNDQuOTAxLDE3MS4wNTYgMjQ1Ljc2NiwxNzEuMTM3IDI0NS4yMDAsMTc3LjA3NSIgc3Ryb2tlLXdpZHRoPSIzLjQyMyIgc3Ryb2tlPSJyZ2IoMCwgMCwgMCkiIGZpbGw9Im5vbmUiIHN0cm9rZS1saW5lY2FwPSJyb3VuZCI+PC9wYXRoPjxwYXRoIGQ9Ik0gMjQ1LjIwMCwxNzcuMDc1IEMgMjQ0Ljc2NiwxODEuNjM3IDI0My43NjgsMTgxLjUyOCAyNDMuMjAwLDE4Ni4wNzUiIHN0cm9rZS13aWR0aD0iMy41NzciIHN0cm9rZT0icmdiKDAsIDAsIDApIiBmaWxsPSJub25lIiBzdHJva2UtbGluZWNhcD0icm91bmQiPjwvcGF0aD48cGF0aCBkPSJNIDI0My4yMDAsMTg2LjA3NSBDIDI0Mi43NjgsMTg5LjUyOCAyNDMuMjAwLDE4OS41NzUgMjQzLjIwMCwxOTMuMDc1IiBzdHJva2Utd2lkdGg9IjMuODUzIiBzdHJva2U9InJnYigwLCAwLCAwKSIgZmlsbD0ibm9uZSIgc3Ryb2tlLWxpbmVjYXA9InJvdW5kIj48L3BhdGg+PHBhdGggZD0iTSAyNDMuMjAwLDE5My4wNzUgQyAyNDMuMjAwLDE5Ny4wNzUgMjQyLjYwMiwxOTcuMTkwIDI0My4yMDAsMjAxLjA3NSIgc3Ryb2tlLXdpZHRoPSI0LjMxOCIgc3Ryb2tlPSJyZ2IoMCwgMCwgMCkiIGZpbGw9Im5vbmUiIHN0cm9rZS1saW5lY2FwPSJyb3VuZCI+PC9wYXRoPjxwYXRoIGQ9Ik0gMjQzLjIwMCwyMDEuMDc1IEMgMjQzLjYwMiwyMDMuNjkwIDI0NC41NTIsMjAzLjQ4MSAyNDUuMjAwLDIwNi4wNzUiIHN0cm9rZS13aWR0aD0iNC42NjgiIHN0cm9rZT0icmdiKDAsIDAsIDApIiBmaWxsPSJub25lIiBzdHJva2UtbGluZWNhcD0icm91bmQiPjwvcGF0aD48cGF0aCBkPSJNIDI0NS4yMDAsMjA2LjA3NSBDIDI0Ni4wNTIsMjA5LjQ4MSAyNDQuODg4LDIwOS45MjYgMjQ2LjIwMCwyMTMuMDc1IiBzdHJva2Utd2lkdGg9IjQuNjQzIiBzdHJva2U9InJnYigwLCAwLCAwKSIgZmlsbD0ibm9uZSIgc3Ryb2tlLWxpbmVjYXA9InJvdW5kIj48L3BhdGg+PHBhdGggZD0iTSAyNDYuMjAwLDIxMy4wNzUgQyAyNDcuMzg4LDIxNS45MjYgMjQ4LjIzNSwyMTUuNTQ4IDI1MC4yMDAsMjE4LjA3NSIgc3Ryb2tlLXdpZHRoPSI0LjcwNiIgc3Ryb2tlPSJyZ2IoMCwgMCwgMCkiIGZpbGw9Im5vbmUiIHN0cm9rZS1saW5lY2FwPSJyb3VuZCI+PC9wYXRoPjxwYXRoIGQ9Ik0gMjUwLjIwMCwyMTguMDc1IEMgMjUxLjczNSwyMjAuMDQ4IDI1MS41NTgsMjIwLjE5OCAyNTMuMjAwLDIyMi4wNzUiIHN0cm9rZS13aWR0aD0iNC40MDQiIHN0cm9rZT0icmdiKDAsIDAsIDApIiBmaWxsPSJub25lIiBzdHJva2UtbGluZWNhcD0icm91bmQiPjwvcGF0aD48cGF0aCBkPSJNIDI1My4yMDAsMjIyLjA3NSBDIDI1NS4wNTgsMjI0LjE5OCAyNTUuMjAwLDIyNC4wNzUgMjU3LjIwMCwyMjYuMDc1IiBzdHJva2Utd2lkdGg9IjQuNDIzIiBzdHJva2U9InJnYigwLCAwLCAwKSIgZmlsbD0ibm9uZSIgc3Ryb2tlLWxpbmVjYXA9InJvdW5kIj48L3BhdGg+PHBhdGggZD0iTSAyNTcuMjAwLDIyNi4wNzUgQyAyNTkuNzAwLDIyOC41NzUgMjU5LjMxMSwyMjkuMTQ5IDI2Mi4yMDAsMjMxLjA3NSIgc3Ryb2tlLXdpZHRoPSI0LjA5OCIgc3Ryb2tlPSJyZ2IoMCwgMCwgMCkiIGZpbGw9Im5vbmUiIHN0cm9rZS1saW5lY2FwPSJyb3VuZCI+PC9wYXRoPjxwYXRoIGQ9Ik0gMjYyLjIwMCwyMzEuMDc1IEMgMjY1LjMxMSwyMzMuMTQ5IDI2NS44MDIsMjMyLjM3NiAyNjkuMjAwLDIzNC4wNzUiIHN0cm9rZS13aWR0aD0iMy44OTMiIHN0cm9rZT0icmdiKDAsIDAsIDApIiBmaWxsPSJub25lIiBzdHJva2UtbGluZWNhcD0icm91bmQiPjwvcGF0aD48cGF0aCBkPSJNIDI2OS4yMDAsMjM0LjA3NSBDIDI3MS44MDIsMjM1LjM3NiAyNzEuNTA4LDIzNi4yNjcgMjc0LjIwMCwyMzcuMDc1IiBzdHJva2Utd2lkdGg9IjQuMDk1IiBzdHJva2U9InJnYigwLCAwLCAwKSIgZmlsbD0ibm9uZSIgc3Ryb2tlLWxpbmVjYXA9InJvdW5kIj48L3BhdGg+PHBhdGggZD0iTSAyNzQuMjAwLDIzNy4wNzUgQyAyNzYuNTA4LDIzNy43NjcgMjc2LjcwMCwyMzcuMDc1IDI3OS4yMDAsMjM3LjA3NSIgc3Ryb2tlLXdpZHRoPSI0LjYxOCIgc3Ryb2tlPSJyZ2IoMCwgMCwgMCkiIGZpbGw9Im5vbmUiIHN0cm9rZS1saW5lY2FwPSJyb3VuZCI+PC9wYXRoPjxwYXRoIGQ9Ik0gMjc5LjIwMCwyMzcuMDc1IEMgMjgyLjIwMCwyMzcuMDc1IDI4Mi4zOTAsMjM3Ljg3OCAyODUuMjAwLDIzNy4wNzUiIHN0cm9rZS13aWR0aD0iNC4yMzYiIHN0cm9rZT0icmdiKDAsIDAsIDApIiBmaWxsPSJub25lIiBzdHJva2UtbGluZWNhcD0icm91bmQiPjwvcGF0aD48cGF0aCBkPSJNIDI4NS4yMDAsMjM3LjA3NSBDIDI4OS4zOTAsMjM1Ljg3OCAyODkuMTA4LDIzNC44NjUgMjkzLjIwMCwyMzMuMDc1IiBzdHJva2Utd2lkdGg9IjMuNzc2IiBzdHJva2U9InJnYigwLCAwLCAwKSIgZmlsbD0ibm9uZSIgc3Ryb2tlLWxpbmVjYXA9InJvdW5kIj48L3BhdGg+PHBhdGggZD0iTSAyOTMuMjAwLDIzMy4wNzUgQyAyOTcuMTA4LDIzMS4zNjUgMjk3LjMzNywyMzEuODU4IDMwMS4yMDAsMjMwLjA3NSIgc3Ryb2tlLXdpZHRoPSIzLjY5OSIgc3Ryb2tlPSJyZ2IoMCwgMCwgMCkiIGZpbGw9Im5vbmUiIHN0cm9rZS1saW5lY2FwPSJyb3VuZCI+PC9wYXRoPjxwYXRoIGQ9Ik0gMzAxLjIwMCwyMzAuMDc1IEMgMzAzLjgzNywyMjguODU4IDMwMy45NDAsMjI4Ljg4MyAzMDYuMjAwLDIyNy4wNzUiIHN0cm9rZS13aWR0aD0iMy45ODYiIHN0cm9rZT0icmdiKDAsIDAsIDApIiBmaWxsPSJub25lIiBzdHJva2UtbGluZWNhcD0icm91bmQiPjwvcGF0aD48cGF0aCBkPSJNIDMwNi4yMDAsMjI3LjA3NSBDIDMwOC45NDAsMjI0Ljg4MyAzMDguNTg3LDIyNC40NTEgMzExLjIwMCwyMjIuMDc1IiBzdHJva2Utd2lkdGg9IjMuOTc3IiBzdHJva2U9InJnYigwLCAwLCAwKSIgZmlsbD0ibm9uZSIgc3Ryb2tlLWxpbmVjYXA9InJvdW5kIj48L3BhdGg+PHBhdGggZD0iTSAzMTEuMjAwLDIyMi4wNzUgQyAzMTQuMDg3LDIxOS40NTEgMzE0LjQ1MCwyMTkuODI1IDMxNy4yMDAsMjE3LjA3NSIgc3Ryb2tlLXdpZHRoPSIzLjg5MCIgc3Ryb2tlPSJyZ2IoMCwgMCwgMCkiIGZpbGw9Im5vbmUiIHN0cm9rZS1saW5lY2FwPSJyb3VuZCI+PC9wYXRoPjxwYXRoIGQ9Ik0gMzE3LjIwMCwyMTcuMDc1IEMgMzE5Ljk1MCwyMTQuMzI1IDMyMC4wNDgsMjE0LjMwMyAzMjIuMjAwLDIxMS4wNzUiIHN0cm9rZS13aWR0aD0iMy44MTIiIHN0cm9rZT0icmdiKDAsIDAsIDApIiBmaWxsPSJub25lIiBzdHJva2UtbGluZWNhcD0icm91bmQiPjwvcGF0aD48cGF0aCBkPSJNIDMyMi4yMDAsMjExLjA3NSBDIDMyNC4wNDgsMjA4LjMwMyAzMjQuMjI2LDIwOC4yMzkgMzI1LjIwMCwyMDUuMDc1IiBzdHJva2Utd2lkdGg9IjMuOTE3IiBzdHJva2U9InJnYigwLCAwLCAwKSIgZmlsbD0ibm9uZSIgc3Ryb2tlLWxpbmVjYXA9InJvdW5kIj48L3BhdGg+PHBhdGggZD0iTSAzMjUuMjAwLDIwNS4wNzUgQyAzMjYuMjI2LDIwMS43MzkgMzI1LjcwMCwyMDEuNTc1IDMyNi4yMDAsMTk4LjA3NSIgc3Ryb2tlLXdpZHRoPSIzLjkwNiIgc3Ryb2tlPSJyZ2IoMCwgMCwgMCkiIGZpbGw9Im5vbmUiIHN0cm9rZS1saW5lY2FwPSJyb3VuZCI+PC9wYXRoPjxwYXRoIGQ9Ik0gMzI2LjIwMCwxOTguMDc1IEMgMzI2LjcwMCwxOTQuNTc1IDMyNi45MzAsMTk0LjU5MSAzMjcuMjAwLDE5MS4wNzUiIHN0cm9rZS13aWR0aD0iMy45MDIiIHN0cm9rZT0icmdiKDAsIDAsIDApIiBmaWxsPSJub25lIiBzdHJva2UtbGluZWNhcD0icm91bmQiPjwvcGF0aD48cGF0aCBkPSJNIDMyNy4yMDAsMTkxLjA3NSBDIDMyNy40MzAsMTg4LjA5MSAzMjcuNDEzLDE4OC4wNjIgMzI3LjIwMCwxODUuMDc1IiBzdHJva2Utd2lkdGg9IjQuMDMyIiBzdHJva2U9InJnYigwLCAwLCAwKSIgZmlsbD0ibm9uZSIgc3Ryb2tlLWxpbmVjYXA9InJvdW5kIj48L3BhdGg+PHBhdGggZD0iTSAzMjcuMjAwLDE4NS4wNzUgQyAzMjYuOTEzLDE4MS4wNjIgMzI2LjY0NSwxODEuMDgxIDMyNi4yMDAsMTc3LjA3NSIgc3Ryb2tlLXdpZHRoPSIzLjgyMyIgc3Ryb2tlPSJyZ2IoMCwgMCwgMCkiIGZpbGw9Im5vbmUiIHN0cm9rZS1saW5lY2FwPSJyb3VuZCI+PC9wYXRoPjxwYXRoIGQ9Ik0gMzI2LjIwMCwxNzcuMDc1IEMgMzI1LjY0NSwxNzIuMDgxIDMyNi4yODEsMTcxLjkzOSAzMjUuMjAwLDE2Ny4wNzUiIHN0cm9rZS13aWR0aD0iMy41NTgiIHN0cm9rZT0icmdiKDAsIDAsIDApIiBmaWxsPSJub25lIiBzdHJva2UtbGluZWNhcD0icm91bmQiPjwvcGF0aD48cGF0aCBkPSJNIDMyNS4yMDAsMTY3LjA3NSBDIDMyNC4yODEsMTYyLjkzOSAzMjMuMzY4LDE2My4xNjQgMzIyLjIwMCwxNTkuMDc1IiBzdHJva2Utd2lkdGg9IjMuNjMzIiBzdHJva2U9InJnYigwLCAwLCAwKSIgZmlsbD0ibm9uZSIgc3Ryb2tlLWxpbmVjYXA9InJvdW5kIj48L3BhdGg+PHBhdGggZD0iTSAzMjIuMjAwLDE1OS4wNzUgQyAzMjEuMzY4LDE1Ni4xNjQgMzIyLjQ5NSwxNTUuNjY2IDMyMS4yMDAsMTUzLjA3NSIgc3Ryb2tlLXdpZHRoPSIzLjkzMiIgc3Ryb2tlPSJyZ2IoMCwgMCwgMCkiIGZpbGw9Im5vbmUiIHN0cm9rZS1saW5lY2FwPSJyb3VuZCI+PC9wYXRoPjxwYXRoIGQ9Ik0gMzIxLjIwMCwxNTMuMDc1IEMgMzE5Ljk5NSwxNTAuNjY2IDMxOC45NTgsMTUxLjI3MyAzMTcuMjAwLDE0OS4wNzUiIHN0cm9rZS13aWR0aD0iNC4xMzAiIHN0cm9rZT0icmdiKDAsIDAsIDApIiBmaWxsPSJub25lIiBzdHJva2UtbGluZWNhcD0icm91bmQiPjwvcGF0aD48cGF0aCBkPSJNIDMxNy4yMDAsMTQ5LjA3NSBDIDMxNC45NTgsMTQ2LjI3MyAzMTUuNzE0LDE0NS41ODkgMzEzLjIwMCwxNDMuMDc1IiBzdHJva2Utd2lkdGg9IjQuNDU5IiBzdHJva2U9InJnYigwLCAwLCAwKSIgZmlsbD0ibm9uZSIgc3Ryb2tlLWxpbmVjYXA9InJvdW5kIj48L3BhdGg+PHBhdGggZD0iTSAzMTMuMjAwLDE0My4wNzUgQyAzMDkuNzE0LDEzOS41ODkgMzA5LjQyMywxMzkuNzE0IDMwNS4yMDAsMTM3LjA3NSIgc3Ryb2tlLXdpZHRoPSI0LjYxNiIgc3Ryb2tlPSJyZ2IoMCwgMCwgMCkiIGZpbGw9Im5vbmUiIHN0cm9rZS1saW5lY2FwPSJyb3VuZCI+PC9wYXRoPjxwYXRoIGQ9Ik0gMzA1LjIwMCwxMzcuMDc1IEMgMzAxLjQyMywxMzQuNzE0IDMwMC44NzUsMTM1LjUyNSAyOTcuMjAwLDEzMy4wNzUiIHN0cm9rZS13aWR0aD0iNC41MjAiIHN0cm9rZT0icmdiKDAsIDAsIDApIiBmaWxsPSJub25lIiBzdHJva2UtbGluZWNhcD0icm91bmQiPjwvcGF0aD48cGF0aCBkPSJNIDI5Ny4yMDAsMTMzLjA3NSBDIDI5NC44NzUsMTMxLjUyNSAyOTUuNDg3LDEzMC42NzYgMjkzLjIwMCwxMjkuMDc1IiBzdHJva2Utd2lkdGg9IjQuMzA2IiBzdHJva2U9InJnYigwLCAwLCAwKSIgZmlsbD0ibm9uZSIgc3Ryb2tlLWxpbmVjYXA9InJvdW5kIj48L3BhdGg+PHBhdGggZD0iTSAyOTMuMjAwLDEyOS4wNzUgQyAyOTAuNDg3LDEyNy4xNzYgMjkwLjM0NywxMjcuMTI0IDI4Ny4yMDAsMTI2LjA3NSIgc3Ryb2tlLXdpZHRoPSI0LjA2MCIgc3Ryb2tlPSJyZ2IoMCwgMCwgMCkiIGZpbGw9Im5vbmUiIHN0cm9rZS1saW5lY2FwPSJyb3VuZCI+PC9wYXRoPjxwYXRoIGQ9Ik0gMjg3LjIwMCwxMjYuMDc1IEMgMjg0LjM0NywxMjUuMTI0IDI4NC4xNDIsMTI1LjgxMCAyODEuMjAwLDEyNS4wNzUiIHN0cm9rZS13aWR0aD0iNC41MzMiIHN0cm9rZT0icmdiKDAsIDAsIDApIiBmaWxsPSJub25lIiBzdHJva2UtbGluZWNhcD0icm91bmQiPjwvcGF0aD48cGF0aCBkPSJNIDI4MS4yMDAsMTI1LjA3NSBDIDI3OC4xNDIsMTI0LjMxMCAyNzguMjc5LDEyMy41ODggMjc1LjIwMCwxMjMuMDc1IiBzdHJva2Utd2lkdGg9IjQuODUzIiBzdHJva2U9InJnYigwLCAwLCAwKSIgZmlsbD0ibm9uZSIgc3Ryb2tlLWxpbmVjYXA9InJvdW5kIj48L3BhdGg+PHBhdGggZD0iTSAyNzUuMjAwLDEyMy4wNzUgQyAyNzIuMjc5LDEyMi41ODggMjcyLjE0OCwxMjIuNjU0IDI2OS4yMDAsMTIzLjA3NSIgc3Ryb2tlLXdpZHRoPSI0Ljk3OCIgc3Ryb2tlPSJyZ2IoMCwgMCwgMCkiIGZpbGw9Im5vbmUiIHN0cm9rZS1saW5lY2FwPSJyb3VuZCI+PC9wYXRoPjxwYXRoIGQ9Ik0gMjY5LjIwMCwxMjMuMDc1IEMgMjY1LjE0OCwxMjMuNjU0IDI2NS4yMjgsMTI0LjIxMiAyNjEuMjAwLDEyNS4wNzUiIHN0cm9rZS13aWR0aD0iNC44NzIiIHN0cm9rZT0icmdiKDAsIDAsIDApIiBmaWxsPSJub25lIiBzdHJva2UtbGluZWNhcD0icm91bmQiPjwvcGF0aD48cGF0aCBkPSJNIDI2MS4yMDAsMTI1LjA3NSBDIDI1OC4yMjgsMTI1LjcxMiAyNTcuOTQ0LDEyNC45NzcgMjU1LjIwMCwxMjYuMDc1IiBzdHJva2Utd2lkdGg9IjUuMDU5IiBzdHJva2U9InJnYigwLCAwLCAwKSIgZmlsbD0ibm9uZSIgc3Ryb2tlLWxpbmVjYXA9InJvdW5kIj48L3BhdGg+PHBhdGggZD0iTSAyNTUuMjAwLDEyNi4wNzUgQyAyNTIuOTQ0LDEyNi45NzcgMjUzLjQyOCwxMjguMDg1IDI1MS4yMDAsMTI5LjA3NSIgc3Ryb2tlLXdpZHRoPSI1LjEyNyIgc3Ryb2tlPSJyZ2IoMCwgMCwgMCkiIGZpbGw9Im5vbmUiIHN0cm9rZS1saW5lY2FwPSJyb3VuZCI+PC9wYXRoPjxwYXRoIGQ9Ik0gMzg1LjIwMCw3MS4wNzUgQyAzODIuMjAwLDc3LjA3NSAzODEuNzkzLDc2LjkxNyAzNzkuMjAwLDgzLjA3NSIgc3Ryb2tlLXdpZHRoPSI0LjU1NSIgc3Ryb2tlPSJyZ2IoMCwgMCwgMCkiIGZpbGw9Im5vbmUiIHN0cm9rZS1saW5lY2FwPSJyb3VuZCI+PC9wYXRoPjxwYXRoIGQ9Ik0gMzc5LjIwMCw4My4wNzUgQyAzNzcuNzkzLDg2LjQxNyAzNzguMzUwLDg2LjYyNCAzNzcuMjAwLDkwLjA3NSIgc3Ryb2tlLXdpZHRoPSI0LjEwNSIgc3Ryb2tlPSJyZ2IoMCwgMCwgMCkiIGZpbGw9Im5vbmUiIHN0cm9rZS1saW5lY2FwPSJyb3VuZCI+PC9wYXRoPjxwYXRoIGQ9Ik0gMzc3LjIwMCw5MC4wNzUgQyAzNzUuMzUwLDk1LjYyNCAzNzQuODc4LDk1LjQ4MSAzNzMuMjAwLDEwMS4wNzUiIHN0cm9rZS13aWR0aD0iMy40NjYiIHN0cm9rZT0icmdiKDAsIDAsIDApIiBmaWxsPSJub25lIiBzdHJva2UtbGluZWNhcD0icm91bmQiPjwvcGF0aD48cGF0aCBkPSJNIDM3My4yMDAsMTAxLjA3NSBDIDM3MS44NzgsMTA1LjQ4MSAzNzIuMDI0LDEwNS41NDIgMzcxLjIwMCwxMTAuMDc1IiBzdHJva2Utd2lkdGg9IjMuNjQwIiBzdHJva2U9InJnYigwLCAwLCAwKSIgZmlsbD0ibm9uZSIgc3Ryb2tlLWxpbmVjYXA9InJvdW5kIj48L3BhdGg+PHBhdGggZD0iTSAzNzEuMjAwLDExMC4wNzUgQyAzNzAuMDI0LDExNi41NDIgMzcwLjMyNywxMTYuNTk3IDM2OS4yMDAsMTIzLjA3NSIgc3Ryb2tlLXdpZHRoPSIzLjIzNCIgc3Ryb2tlPSJyZ2IoMCwgMCwgMCkiIGZpbGw9Im5vbmUiIHN0cm9rZS1saW5lY2FwPSJyb3VuZCI+PC9wYXRoPjxwYXRoIGQ9Ik0gMzY5LjIwMCwxMjMuMDc1IEMgMzY4LjMyNywxMjguMDk3IDM2OC4xNDAsMTI4LjA2NCAzNjcuMjAwLDEzMy4wNzUiIHN0cm9rZS13aWR0aD0iMy4zNzMiIHN0cm9rZT0icmdiKDAsIDAsIDApIiBmaWxsPSJub25lIiBzdHJva2UtbGluZWNhcD0icm91bmQiPjwvcGF0aD48cGF0aCBkPSJNIDM2Ny4yMDAsMTMzLjA3NSBDIDM2Ni42NDAsMTM2LjA2NCAzNjYuNDUyLDEzNi4wNTQgMzY2LjIwMCwxMzkuMDc1IiBzdHJva2Utd2lkdGg9IjMuODM2IiBzdHJva2U9InJnYigwLCAwLCAwKSIgZmlsbD0ibm9uZSIgc3Ryb2tlLWxpbmVjYXA9InJvdW5kIj48L3BhdGg+PHBhdGggZD0iTSAzNjYuMjAwLDEzOS4wNzUgQyAzNjUuOTUyLDE0Mi4wNTQgMzY2LjIwMCwxNDIuMDc1IDM2Ni4yMDAsMTQ1LjA3NSIgc3Ryb2tlLXdpZHRoPSI0LjAxMSIgc3Ryb2tlPSJyZ2IoMCwgMCwgMCkiIGZpbGw9Im5vbmUiIHN0cm9rZS1saW5lY2FwPSJyb3VuZCI+PC9wYXRoPjxwYXRoIGQ9Ik0gMzY2LjIwMCwxNDUuMDc1IEMgMzY2LjIwMCwxNDkuMDc1IDM2Ni4yMDAsMTQ5LjA3NSAzNjYuMjAwLDE1My4wNzUiIHN0cm9rZS13aWR0aD0iMy44MjUiIHN0cm9rZT0icmdiKDAsIDAsIDApIiBmaWxsPSJub25lIiBzdHJva2UtbGluZWNhcD0icm91bmQiPjwvcGF0aD48cGF0aCBkPSJNIDM2Ni4yMDAsMTUzLjA3NSBDIDM2Ni4yMDAsMTU5LjU3NSAzNjYuMjAwLDE1OS41NzUgMzY2LjIwMCwxNjYuMDc1IiBzdHJva2Utd2lkdGg9IjMuOTQ2IiBzdHJva2U9InJnYigwLCAwLCAwKSIgZmlsbD0ibm9uZSIgc3Ryb2tlLWxpbmVjYXA9InJvdW5kIj48L3BhdGg+PHBhdGggZD0iTSAzNjYuMjAwLDE2Ni4wNzUgQyAzNjYuMjAwLDE2OS41NzUgMzY2LjIwMCwxNjkuNTc1IDM2Ni4yMDAsMTczLjA3NSIgc3Ryb2tlLXdpZHRoPSI0LjAxOCIgc3Ryb2tlPSJyZ2IoMCwgMCwgMCkiIGZpbGw9Im5vbmUiIHN0cm9rZS1saW5lY2FwPSJyb3VuZCI+PC9wYXRoPjxwYXRoIGQ9Ik0gMzY2LjIwMCwxNzMuMDc1IEMgMzY2LjIwMCwxNzcuMDc1IDM2Ni4yMDAsMTc3LjA3NSAzNjYuMjAwLDE4MS4wNzUiIHN0cm9rZS13aWR0aD0iMy44ODEiIHN0cm9rZT0icmdiKDAsIDAsIDApIiBmaWxsPSJub25lIiBzdHJva2UtbGluZWNhcD0icm91bmQiPjwvcGF0aD48cGF0aCBkPSJNIDM2Ni4yMDAsMTgxLjA3NSBDIDM2Ni4yMDAsMTg0LjA3NSAzNjYuMjAwLDE4NC4wNzUgMzY2LjIwMCwxODcuMDc1IiBzdHJva2Utd2lkdGg9IjQuMDcxIiBzdHJva2U9InJnYigwLCAwLCAwKSIgZmlsbD0ibm9uZSIgc3Ryb2tlLWxpbmVjYXA9InJvdW5kIj48L3BhdGg+PHBhdGggZD0iTSAzNjYuMjAwLDE4Ny4wNzUgQyAzNjYuMjAwLDE5MC4wNzUgMzY2LjIwMCwxOTAuMDc1IDM2Ni4yMDAsMTkzLjA3NSIgc3Ryb2tlLXdpZHRoPSI0LjA4NSIgc3Ryb2tlPSJyZ2IoMCwgMCwgMCkiIGZpbGw9Im5vbmUiIHN0cm9rZS1saW5lY2FwPSJyb3VuZCI+PC9wYXRoPjxwYXRoIGQ9Ik0gMzY2LjIwMCwxOTMuMDc1IEMgMzY2LjIwMCwxOTcuMDc1IDM2NS45NTEsMTk3LjA5MSAzNjYuMjAwLDIwMS4wNzUiIHN0cm9rZS13aWR0aD0iMy44NDUiIHN0cm9rZT0icmdiKDAsIDAsIDApIiBmaWxsPSJub25lIiBzdHJva2UtbGluZWNhcD0icm91bmQiPjwvcGF0aD48cGF0aCBkPSJNIDM2Ni4yMDAsMjAxLjA3NSBDIDM2Ni40NTEsMjA1LjA5MSAzNjYuMzAxLDIwNS4xNzggMzY3LjIwMCwyMDkuMDc1IiBzdHJva2Utd2lkdGg9IjQuMjk0IiBzdHJva2U9InJnYigwLCAwLCAwKSIgZmlsbD0ibm9uZSIgc3Ryb2tlLWxpbmVjYXA9InJvdW5kIj48L3BhdGg+PHBhdGggZD0iTSAzNjcuMjAwLDIwOS4wNzUgQyAzNjcuODAxLDIxMS42NzggMzY4Ljc2NSwyMTEuNDY2IDM2OS4yMDAsMjE0LjA3NSIgc3Ryb2tlLXdpZHRoPSI0LjIzNCIgc3Ryb2tlPSJyZ2IoMCwgMCwgMCkiIGZpbGw9Im5vbmUiIHN0cm9rZS1saW5lY2FwPSJyb3VuZCI+PC9wYXRoPjxwYXRoIGQ9Ik0gMzY5LjIwMCwyMTQuMDc1IEMgMzY5Ljc2NSwyMTcuNDY2IDM2OC4yMTUsMjE3Ljg3MyAzNjkuMjAwLDIyMS4wNzUiIHN0cm9rZS13aWR0aD0iNC4wMDQiIHN0cm9rZT0icmdiKDAsIDAsIDApIiBmaWxsPSJub25lIiBzdHJva2UtbGluZWNhcD0icm91bmQiPjwvcGF0aD48cGF0aCBkPSJNIDM2OS4yMDAsMjIxLjA3NSBDIDM3MC4yMTUsMjI0LjM3MyAzNzEuOTM4LDIyMy43OTMgMzczLjIwMCwyMjcuMDc1IiBzdHJva2Utd2lkdGg9IjQuNDI5IiBzdHJva2U9InJnYigwLCAwLCAwKSIgZmlsbD0ibm9uZSIgc3Ryb2tlLWxpbmVjYXA9InJvdW5kIj48L3BhdGg+PHBhdGggZD0iTSAzNzMuMjAwLDIyNy4wNzUgQyAzNzQuNDM4LDIzMC4yOTMgMzczLjAyOCwyMzAuODUzIDM3NC4yMDAsMjM0LjA3NSIgc3Ryb2tlLXdpZHRoPSI0LjU4NiIgc3Ryb2tlPSJyZ2IoMCwgMCwgMCkiIGZpbGw9Im5vbmUiIHN0cm9rZS1saW5lY2FwPSJyb3VuZCI+PC9wYXRoPjxwYXRoIGQ9Ik0gMzc0LjIwMCwyMzQuMDc1IEMgMzc1LjAyOCwyMzYuMzUzIDM3NS4yMjAsMjM3LjMzMiAzNzcuMjAwLDIzOC4wNzUiIHN0cm9rZS13aWR0aD0iNS4wMjUiIHN0cm9rZT0icmdiKDAsIDAsIDApIiBmaWxsPSJub25lIiBzdHJva2UtbGluZWNhcD0icm91bmQiPjwvcGF0aD48cGF0aCBkPSJNIDM3Ny4yMDAsMjM4LjA3NSBDIDM3OS4yMjAsMjM4LjgzMiAzNzkuODc1LDIzOC4wNDQgMzgyLjIwMCwyMzcuMDc1IiBzdHJva2Utd2lkdGg9IjUuMjI0IiBzdHJva2U9InJnYigwLCAwLCAwKSIgZmlsbD0ibm9uZSIgc3Ryb2tlLWxpbmVjYXA9InJvdW5kIj48L3BhdGg+PHBhdGggZD0iTSAzODIuMjAwLDIzNy4wNzUgQyAzODUuODc1LDIzNS41NDQgMzg1LjgwNSwyMzUuMjM1IDM4OS4yMDAsMjMzLjA3NSIgc3Ryb2tlLXdpZHRoPSI0LjcxMSIgc3Ryb2tlPSJyZ2IoMCwgMCwgMCkiIGZpbGw9Im5vbmUiIHN0cm9rZS1saW5lY2FwPSJyb3VuZCI+PC9wYXRoPjxwYXRoIGQ9Ik0gMzg5LjIwMCwyMzMuMDc1IEMgMzkxLjMwNSwyMzEuNzM1IDM5MS4xMjIsMjMxLjQ2MSAzOTMuMjAwLDIzMC4wNzUiIHN0cm9rZS13aWR0aD0iNC40NTAiIHN0cm9rZT0icmdiKDAsIDAsIDApIiBmaWxsPSJub25lIiBzdHJva2UtbGluZWNhcD0icm91bmQiPjwvcGF0aD48cGF0aCBkPSJNIDM5My4yMDAsMjMwLjA3NSBDIDM5Ny4xMjIsMjI3LjQ2MSAzOTcuOTY1LDIyOC4zMTAgNDAxLjIwMCwyMjUuMDc1IiBzdHJva2Utd2lkdGg9IjQuMzk3IiBzdHJva2U9InJnYigwLCAwLCAwKSIgZmlsbD0ibm9uZSIgc3Ryb2tlLWxpbmVjYXA9InJvdW5kIj48L3BhdGg+PHBhdGggZD0iTSA0MDEuMjAwLDIyNS4wNzUgQyA0MDMuOTY1LDIyMi4zMTAgNDA0LjEyOSwyMjEuODIyIDQwNS4yMDAsMjE4LjA3NSIgc3Ryb2tlLXdpZHRoPSI0LjUxOCIgc3Ryb2tlPSJyZ2IoMCwgMCwgMCkiIGZpbGw9Im5vbmUiIHN0cm9rZS1saW5lY2FwPSJyb3VuZCI+PC9wYXRoPjxwYXRoIGQ9Ik0gMzQ1LjIwMCwxMzMuMDc1IEMgMzU1LjcwMCwxMzEuNTc1IDM1NS42NzEsMTMxLjMxNCAzNjYuMjAwLDEzMC4wNzUiIHN0cm9rZS13aWR0aD0iNC42MjkiIHN0cm9rZT0icmdiKDAsIDAsIDApIiBmaWxsPSJub25lIiBzdHJva2UtbGluZWNhcD0icm91bmQiPjwvcGF0aD48cGF0aCBkPSJNIDM2Ni4yMDAsMTMwLjA3NSBDIDM3Mi42NzEsMTI5LjMxNCAzNzIuNjk0LDEyOS40MTcgMzc5LjIwMCwxMjkuMDc1IiBzdHJva2Utd2lkdGg9IjMuNDQwIiBzdHJva2U9InJnYigwLCAwLCAwKSIgZmlsbD0ibm9uZSIgc3Ryb2tlLWxpbmVjYXA9InJvdW5kIj48L3BhdGg+PHBhdGggZD0iTSAzNzkuMjAwLDEyOS4wNzUgQyAzODIuMTk0LDEyOC45MTcgMzgyLjMwMSwxMjkuNjAyIDM4NS4yMDAsMTI5LjA3NSIgc3Ryb2tlLXdpZHRoPSIzLjkxMyIgc3Ryb2tlPSJyZ2IoMCwgMCwgMCkiIGZpbGw9Im5vbmUiIHN0cm9rZS1saW5lY2FwPSJyb3VuZCI+PC9wYXRoPjxwYXRoIGQ9Ik0gMzg1LjIwMCwxMjkuMDc1IEMgMzg3LjgwMSwxMjguNjAyIDM4Ny43MDAsMTI4LjA3NSAzOTAuMjAwLDEyNy4wNzUiIHN0cm9rZS13aWR0aD0iNC4xOTYiIHN0cm9rZT0icmdiKDAsIDAsIDApIiBmaWxsPSJub25lIiBzdHJva2UtbGluZWNhcD0icm91bmQiPjwvcGF0aD48L3N2Zz4=',NULL),(7,'ez',25,'123',3,2,NULL,NULL,NULL),(11,'semb',28,'123',3,1,NULL,NULL,NULL),(12,'faker',21,'123',3,1,NULL,NULL,NULL),(14,'uzi',25,'123',3,2,NULL,NULL,NULL),(15,'zzr',24,'123',3,2,NULL,NULL,NULL),(16,'易小林',20,'123',3,1,'停泊，是为了走的更远','data:image/svg+xml;base64,PHN2ZyB4bWxucz0iaHR0cDovL3d3dy53My5vcmcvMjAwMC9zdmciIHhtbG5zOnhsaW5rPSJodHRwOi8vd3d3LnczLm9yZy8xOTk5L3hsaW5rIiB2aWV3Qm94PSIwIDAgMzUzLjk5OTk5NDcyNDk4OSAyOTkuOTk5OTk1NTI5NjUxNyIgd2lkdGg9IjM1My45OTk5OTQ3MjQ5ODkiIGhlaWdodD0iMjk5Ljk5OTk5NTUyOTY1MTciPjxwYXRoIGQ9Ik0gMTguNTM0LDUyLjM1OSBDIDE4LjUzNCw1OC4zNTkgMTcuMzg4LDU4LjYyOSAxOC41MzQsNjQuMzU5IiBzdHJva2Utd2lkdGg9IjQuNDI2IiBzdHJva2U9InJnYigwLCAwLCAwKSIgZmlsbD0ibm9uZSIgc3Ryb2tlLWxpbmVjYXA9InJvdW5kIj48L3BhdGg+PHBhdGggZD0iTSAxOC41MzQsNjQuMzU5IEMgMTkuMzg4LDY4LjYyOSAyMC45OTIsNjguMTc1IDIyLjUzNCw3Mi4zNTkiIHN0cm9rZS13aWR0aD0iMy45MzYiIHN0cm9rZT0icmdiKDAsIDAsIDApIiBmaWxsPSJub25lIiBzdHJva2UtbGluZWNhcD0icm91bmQiPjwvcGF0aD48cGF0aCBkPSJNIDIyLjUzNCw3Mi4zNTkgQyAyNS42NTksODAuODQxIDI1LjEzNiw4MS4wNDUgMjcuODY2LDg5LjY5MSIgc3Ryb2tlLXdpZHRoPSIyLjk5OSIgc3Ryb2tlPSJyZ2IoMCwgMCwgMCkiIGZpbGw9Im5vbmUiIHN0cm9rZS1saW5lY2FwPSJyb3VuZCI+PC9wYXRoPjxwYXRoIGQ9Ik0gMjcuODY2LDg5LjY5MSBDIDI5LjEzNiw5My43MTIgMjguOTcxLDkzLjc4NiAzMC41MzQsOTcuNjkxIiBzdHJva2Utd2lkdGg9IjMuNDQ4IiBzdHJva2U9InJnYigwLCAwLCAwKSIgZmlsbD0ibm9uZSIgc3Ryb2tlLWxpbmVjYXA9InJvdW5kIj48L3BhdGg+PHBhdGggZD0iTSAzMC41MzQsOTcuNjkxIEMgMzEuNjM4LDEwMC40NTMgMzMuNTkxLDEwNC4xOTkgMzMuMjAwLDEwMy4wMjUiIHN0cm9rZS13aWR0aD0iMy45MjAiIHN0cm9rZT0icmdiKDAsIDAsIDApIiBmaWxsPSJub25lIiBzdHJva2UtbGluZWNhcD0icm91bmQiPjwvcGF0aD48cGF0aCBkPSJNIDMzLjIwMCw1NS44MjUgQyAzOC40MDAsNTMuNDI1IDM4LjI5Nyw1My4xNDYgNDMuNjAwLDUxLjAyNSIgc3Ryb2tlLXdpZHRoPSI1LjEwNyIgc3Ryb2tlPSJyZ2IoMCwgMCwgMCkiIGZpbGw9Im5vbmUiIHN0cm9rZS1saW5lY2FwPSJyb3VuZCI+PC9wYXRoPjxwYXRoIGQ9Ik0gNDMuNjAwLDUxLjAyNSBDIDQ2LjI5Nyw0OS45NDYgNDYuMzQ4LDQ5Ljc3MyA0OS4yMDAsNDkuNDI1IiBzdHJva2Utd2lkdGg9IjQuNzgzIiBzdHJva2U9InJnYigwLCAwLCAwKSIgZmlsbD0ibm9uZSIgc3Ryb2tlLWxpbmVjYXA9InJvdW5kIj48L3BhdGg+PHBhdGggZD0iTSA0OS4yMDAsNDkuNDI1IEMgNTEuODE1LDQ5LjEwNiA1MS45NjEsNTAuMjQ2IDU0LjUzNCw0OS42OTEiIHN0cm9rZS13aWR0aD0iNC40MjAiIHN0cm9rZT0icmdiKDAsIDAsIDApIiBmaWxsPSJub25lIiBzdHJva2UtbGluZWNhcD0icm91bmQiPjwvcGF0aD48cGF0aCBkPSJNIDU0LjUzNCw0OS42OTEgQyA2MC42MjgsNDguMzc5IDYwLjQzNyw0Ny4wOTggNjYuNTM0LDQ1LjY5MSIgc3Ryb2tlLXdpZHRoPSI0LjE0MSIgc3Ryb2tlPSJyZ2IoMCwgMCwgMCkiIGZpbGw9Im5vbmUiIHN0cm9rZS1saW5lY2FwPSJyb3VuZCI+PC9wYXRoPjxwYXRoIGQ9Ik0gNjYuNTM0LDQ1LjY5MSBDIDY5LjEwNCw0NS4wOTggNzAuNjA2LDQzLjgzOCA3MS44NjYsNDUuNjkxIiBzdHJva2Utd2lkdGg9IjQuNjIxIiBzdHJva2U9InJnYigwLCAwLCAwKSIgZmlsbD0ibm9uZSIgc3Ryb2tlLWxpbmVjYXA9InJvdW5kIj48L3BhdGg+PHBhdGggZD0iTSA3MS44NjYsNDUuNjkxIEMgNzUuMTM5LDUwLjUwNCA3NC4xNTcsNTIuMjg5IDc1LjYwMCw1OS4wMjUiIHN0cm9rZS13aWR0aD0iNC44NjAiIHN0cm9rZT0icmdiKDAsIDAsIDApIiBmaWxsPSJub25lIiBzdHJva2UtbGluZWNhcD0icm91bmQiPjwvcGF0aD48cGF0aCBkPSJNIDc1LjYwMCw1OS4wMjUgQyA3Ni4xNTcsNjEuNjIzIDc1LjgxMyw2MS42OTAgNzUuODY2LDY0LjM1OSIgc3Ryb2tlLXdpZHRoPSI0LjQzOSIgc3Ryb2tlPSJyZ2IoMCwgMCwgMCkiIGZpbGw9Im5vbmUiIHN0cm9rZS1saW5lY2FwPSJyb3VuZCI+PC9wYXRoPjxwYXRoIGQ9Ik0gNzUuODY2LDY0LjM1OSBDIDc1Ljk0Niw2OC4zNTcgNzUuODY2LDY4LjM1OSA3NS44NjYsNzIuMzU5IiBzdHJva2Utd2lkdGg9IjMuOTkxIiBzdHJva2U9InJnYigwLCAwLCAwKSIgZmlsbD0ibm9uZSIgc3Ryb2tlLWxpbmVjYXA9InJvdW5kIj48L3BhdGg+PHBhdGggZD0iTSA3NS44NjYsNzIuMzU5IEMgNzUuODY2LDc1LjAyNSA3Ni4zMzksNzUuMDkxIDc1Ljg2Niw3Ny42OTEiIHN0cm9rZS13aWR0aD0iNC4xNDgiIHN0cm9rZT0icmdiKDAsIDAsIDApIiBmaWxsPSJub25lIiBzdHJva2UtbGluZWNhcD0icm91bmQiPjwvcGF0aD48cGF0aCBkPSJNIDc1Ljg2Niw3Ny42OTEgQyA3NS4wMDYsODIuNDI0IDc1LjA3NSw4Mi41OTkgNzMuMjAwLDg3LjAyNSIgc3Ryb2tlLXdpZHRoPSIzLjczNCIgc3Ryb2tlPSJyZ2IoMCwgMCwgMCkiIGZpbGw9Im5vbmUiIHN0cm9rZS1saW5lY2FwPSJyb3VuZCI+PC9wYXRoPjxwYXRoIGQ9Ik0gNzMuMjAwLDg3LjAyNSBDIDcxLjc0Miw5MC40NjYgNzEuMjAwLDkwLjIyNSA2OS4yMDAsOTMuNDI1IiBzdHJva2Utd2lkdGg9IjMuODQ2IiBzdHJva2U9InJnYigwLCAwLCAwKSIgZmlsbD0ibm9uZSIgc3Ryb2tlLWxpbmVjYXA9InJvdW5kIj48L3BhdGg+PHBhdGggZD0iTSA2OS4yMDAsOTMuNDI1IEMgNjcuMjAwLDk2LjYyNSA2Ni45OTgsOTYuNTE3IDY1LjIwMCw5OS44MjUiIHN0cm9rZS13aWR0aD0iMy45MjciIHN0cm9rZT0icmdiKDAsIDAsIDApIiBmaWxsPSJub25lIiBzdHJva2UtbGluZWNhcD0icm91bmQiPjwvcGF0aD48cGF0aCBkPSJNIDMzLjIwMCw3OS4wMjUgQyAzOC40MDAsNzcuMDI1IDM4LjI3Niw3Ni4zNTYgNDMuNjAwLDc1LjAyNSIgc3Ryb2tlLXdpZHRoPSI1LjE2MiIgc3Ryb2tlPSJyZ2IoMCwgMCwgMCkiIGZpbGw9Im5vbmUiIHN0cm9rZS1saW5lY2FwPSJyb3VuZCI+PC9wYXRoPjxwYXRoIGQ9Ik0gNDMuNjAwLDc1LjAyNSBDIDQ2LjI3Niw3NC4zNTYgNDYuNDQxLDc1LjM2MSA0OS4yMDAsNzUuMDI1IiBzdHJva2Utd2lkdGg9IjQuNDczIiBzdHJva2U9InJnYigwLCAwLCAwKSIgZmlsbD0ibm9uZSIgc3Ryb2tlLWxpbmVjYXA9InJvdW5kIj48L3BhdGg+PHBhdGggZD0iTSA0OS4yMDAsNzUuMDI1IEMgNTEuOTA4LDc0LjY5NSA1MS44NjcsNzQuMzU4IDU0LjUzNCw3My42OTEiIHN0cm9rZS13aWR0aD0iNC4zMTUiIHN0cm9rZT0icmdiKDAsIDAsIDApIiBmaWxsPSJub25lIiBzdHJva2UtbGluZWNhcD0icm91bmQiPjwvcGF0aD48cGF0aCBkPSJNIDM4LjAwMCw5NS4wMjUgQyA0NS42MDAsOTQuMjI1IDQ1LjYxMSw5NC4zMTggNTMuMjAwLDkzLjQyNSIgc3Ryb2tlLXdpZHRoPSI0Ljk0NyIgc3Ryb2tlPSJyZ2IoMCwgMCwgMCkiIGZpbGw9Im5vbmUiIHN0cm9rZS1saW5lY2FwPSJyb3VuZCI+PC9wYXRoPjxwYXRoIGQ9Ik0gNTMuMjAwLDkzLjQyNSBDIDU5LjIxMSw5Mi43MTggNTkuMjMxLDkyLjgwOCA2NS4yMDAsOTEuODI1IiBzdHJva2Utd2lkdGg9IjMuOTkwIiBzdHJva2U9InJnYigwLCAwLCAwKSIgZmlsbD0ibm9uZSIgc3Ryb2tlLWxpbmVjYXA9InJvdW5kIj48L3BhdGg+PHBhdGggZD0iTSAyMS4yMDAsMTE5LjAyNSBDIDE5LjIwMCwxMjYuMjI1IDE4LjY1NSwxMjYuMTUxIDE3LjIwMCwxMzMuNDI1IiBzdHJva2Utd2lkdGg9IjQuODI0IiBzdHJva2U9InJnYigwLCAwLCAwKSIgZmlsbD0ibm9uZSIgc3Ryb2tlLWxpbmVjYXA9InJvdW5kIj48L3BhdGg+PHBhdGggZD0iTSAxNy4yMDAsMTMzLjQyNSBDIDE2LjY1NSwxMzYuMTUxIDE3Ljk0OCwxMzYuMzY5IDE3LjIwMCwxMzkuMDI1IiBzdHJva2Utd2lkdGg9IjQuNTQ5IiBzdHJva2U9InJnYigwLCAwLCAwKSIgZmlsbD0ibm9uZSIgc3Ryb2tlLWxpbmVjYXA9InJvdW5kIj48L3BhdGg+PHBhdGggZD0iTSAxNy4yMDAsMTM5LjAyNSBDIDE1LjI4MSwxNDUuODM2IDE0LjUzMywxNDUuNjkyIDExLjg2NiwxNTIuMzU5IiBzdHJva2Utd2lkdGg9IjMuMzg0IiBzdHJva2U9InJnYigwLCAwLCAwKSIgZmlsbD0ibm9uZSIgc3Ryb2tlLWxpbmVjYXA9InJvdW5kIj48L3BhdGg+PHBhdGggZD0iTSAxMS44NjYsMTUyLjM1OSBDIDkuNzMzLDE1Ny42OTIgOS44NzIsMTU3Ljc1NCA3LjYwMCwxNjMuMDI1IiBzdHJva2Utd2lkdGg9IjMuMzY1IiBzdHJva2U9InJnYigwLCAwLCAwKSIgZmlsbD0ibm9uZSIgc3Ryb2tlLWxpbmVjYXA9InJvdW5kIj48L3BhdGg+PHBhdGggZD0iTSAyMy44NjYsMTQxLjY5MSBDIDI5LjIwMCwxMzkuMDI1IDI4LjkxNSwxMzguMjMxIDM0LjUzNCwxMzYuMzU5IiBzdHJva2Utd2lkdGg9IjQuNzc3IiBzdHJva2U9InJnYigwLCAwLCAwKSIgZmlsbD0ibm9uZSIgc3Ryb2tlLWxpbmVjYXA9InJvdW5kIj48L3BhdGg+PHBhdGggZD0iTSAzNC41MzQsMTM2LjM1OSBDIDQyLjkxNSwxMzMuNTY1IDQzLjEyOSwxMzMuNzM4IDUxLjg2NiwxMzIuMzU5IiBzdHJva2Utd2lkdGg9IjQuMDQ3IiBzdHJva2U9InJnYigwLCAwLCAwKSIgZmlsbD0ibm9uZSIgc3Ryb2tlLWxpbmVjYXA9InJvdW5kIj48L3BhdGg+PHBhdGggZD0iTSA1MS44NjYsMTMyLjM1OSBDIDU1Ljc5NiwxMzEuNzM4IDU1Ljg3NCwxMzIuNTY5IDU5Ljg2NiwxMzIuMzU5IiBzdHJva2Utd2lkdGg9IjMuOTM5IiBzdHJva2U9InJnYigwLCAwLCAwKSIgZmlsbD0ibm9uZSIgc3Ryb2tlLWxpbmVjYXA9InJvdW5kIj48L3BhdGg+PHBhdGggZD0iTSA1OS44NjYsMTMyLjM1OSBDIDY4LjU0MSwxMzEuOTAyIDY4LjUyNSwxMzEuNDY4IDc3LjIwMCwxMzEuMDI1IiBzdHJva2Utd2lkdGg9IjMuMTE3IiBzdHJva2U9InJnYigwLCAwLCAwKSIgZmlsbD0ibm9uZSIgc3Ryb2tlLWxpbmVjYXA9InJvdW5kIj48L3BhdGg+PHBhdGggZD0iTSA3Ny4yMDAsMTMxLjAyNSBDIDgxLjU5MSwxMzAuODAxIDgxLjYwMCwxMzEuMDI1IDg2LjAwMCwxMzEuMDI1IiBzdHJva2Utd2lkdGg9IjMuNTA4IiBzdHJva2U9InJnYigwLCAwLCAwKSIgZmlsbD0ibm9uZSIgc3Ryb2tlLWxpbmVjYXA9InJvdW5kIj48L3BhdGg+PHBhdGggZD0iTSA4Ni4wMDAsMTMxLjAyNSBDIDg4LjgwMCwxMzEuMDI1IDkwLjI2MSwxMjkuNTA0IDkxLjYwMCwxMzEuMDI1IiBzdHJva2Utd2lkdGg9IjMuOTg1IiBzdHJva2U9InJnYigwLCAwLCAwKSIgZmlsbD0ibm9uZSIgc3Ryb2tlLWxpbmVjYXA9InJvdW5kIj48L3BhdGg+PHBhdGggZD0iTSA5MS42MDAsMTMxLjAyNSBDIDkzLjE5NSwxMzIuODM3IDkyLjU1NiwxMzQuNDkwIDkxLjg2NiwxMzcuNjkxIiBzdHJva2Utd2lkdGg9IjQuNzk3IiBzdHJva2U9InJnYigwLCAwLCAwKSIgZmlsbD0ibm9uZSIgc3Ryb2tlLWxpbmVjYXA9InJvdW5kIj48L3BhdGg+PHBhdGggZD0iTSA5MS44NjYsMTM3LjY5MSBDIDkwLjY4OSwxNDMuMTU3IDg5LjMxMCwxNDIuODcyIDg3Ljg2NiwxNDguMzU5IiBzdHJva2Utd2lkdGg9IjMuNjk4IiBzdHJva2U9InJnYigwLCAwLCAwKSIgZmlsbD0ibm9uZSIgc3Ryb2tlLWxpbmVjYXA9InJvdW5kIj48L3BhdGg+PHBhdGggZD0iTSA4Ny44NjYsMTQ4LjM1OSBDIDg1Ljk3NywxNTUuNTM4IDg3LjcwMCwxNTYuMDgxIDg1LjIwMCwxNjMuMDI1IiBzdHJva2Utd2lkdGg9IjMuMjQwIiBzdHJva2U9InJnYigwLCAwLCAwKSIgZmlsbD0ibm9uZSIgc3Ryb2tlLWxpbmVjYXA9InJvdW5kIj48L3BhdGg+PHBhdGggZD0iTSA4NS4yMDAsMTYzLjAyNSBDIDgxLjcwMCwxNzIuNzQ3IDgwLjQyNSwxNzIuMzA2IDc1Ljg2NiwxODEuNjkxIiBzdHJva2Utd2lkdGg9IjIuNzY4IiBzdHJva2U9InJnYigwLCAwLCAwKSIgZmlsbD0ibm9uZSIgc3Ryb2tlLWxpbmVjYXA9InJvdW5kIj48L3BhdGg+PHBhdGggZD0iTSA3NS44NjYsMTgxLjY5MSBDIDczLjYyNSwxODYuMzA2IDczLjM2NSwxODYuMjI1IDcxLjYwMCwxOTEuMDI1IiBzdHJva2Utd2lkdGg9IjMuMTk4IiBzdHJva2U9InJnYigwLCAwLCAwKSIgZmlsbD0ibm9uZSIgc3Ryb2tlLWxpbmVjYXA9InJvdW5kIj48L3BhdGg+PHBhdGggZD0iTSA3MS42MDAsMTkxLjAyNSBDIDcwLjAzMiwxOTUuMjkyIDcwLjgwNywxOTUuNTk2IDY5LjIwMCwxOTkuODI1IiBzdHJva2Utd2lkdGg9IjMuNTU1IiBzdHJva2U9InJnYigwLCAwLCAwKSIgZmlsbD0ibm9uZSIgc3Ryb2tlLWxpbmVjYXA9InJvdW5kIj48L3BhdGg+PHBhdGggZD0iTSA2OS4yMDAsMTk5LjgyNSBDIDY4LjI3NCwyMDIuMjYzIDY3LjUzNiwyMDEuOTU0IDY2LjUzNCwyMDQuMzU5IiBzdHJva2Utd2lkdGg9IjQuMDc4IiBzdHJva2U9InJnYigwLCAwLCAwKSIgZmlsbD0ibm9uZSIgc3Ryb2tlLWxpbmVjYXA9InJvdW5kIj48L3BhdGg+PHBhdGggZD0iTSA2Ni41MzQsMjA0LjM1OSBDIDY1LjUzNiwyMDYuNzU0IDY2LjIyMCwyMDcuMDQ1IDY1LjIwMCwyMDkuNDI1IiBzdHJva2Utd2lkdGg9IjQuNjM4IiBzdHJva2U9InJnYigwLCAwLCAwKSIgZmlsbD0ibm9uZSIgc3Ryb2tlLWxpbmVjYXA9InJvdW5kIj48L3BhdGg+PHBhdGggZD0iTSA2NS4yMDAsMjA5LjQyNSBDIDY0LjIyMCwyMTEuNzExIDYzLjcwNCwyMTQuOTc5IDYyLjUzNCwyMTMuNjkxIiBzdHJva2Utd2lkdGg9IjQuNDY2IiBzdHJva2U9InJnYigwLCAwLCAwKSIgZmlsbD0ibm9uZSIgc3Ryb2tlLWxpbmVjYXA9InJvdW5kIj48L3BhdGg+PHBhdGggZD0iTSA2Mi41MzQsMjEzLjY5MSBDIDU4LjM3MSwyMDkuMTEyIDU4LjE1OCwyMDUuODQ3IDU0LjUzNCwxOTcuNjkxIiBzdHJva2Utd2lkdGg9IjQuODM5IiBzdHJva2U9InJnYigwLCAwLCAwKSIgZmlsbD0ibm9uZSIgc3Ryb2tlLWxpbmVjYXA9InJvdW5kIj48L3BhdGg+PHBhdGggZD0iTSA1NC41MzQsMTk3LjY5MSBDIDUyLjgyNSwxOTMuODQ3IDUwLjg5NCwxODcuNzQ3IDUxLjg2NiwxODkuNjkxIiBzdHJva2Utd2lkdGg9IjQuMDg2IiBzdHJva2U9InJnYigwLCAwLCAwKSIgZmlsbD0ibm9uZSIgc3Ryb2tlLWxpbmVjYXA9InJvdW5kIj48L3BhdGg+PHBhdGggZD0iTSAzOS44NjYsMTQ1LjY5MSBDIDM4LjUzMywxNTEuNTU4IDM5LjI0OCwxNTEuODUzIDM3LjIwMCwxNTcuNDI1IiBzdHJva2Utd2lkdGg9IjQuNzcwIiBzdHJva2U9InJnYigwLCAwLCAwKSIgZmlsbD0ibm9uZSIgc3Ryb2tlLWxpbmVjYXA9InJvdW5kIj48L3BhdGg+PHBhdGggZD0iTSAzNy4yMDAsMTU3LjQyNSBDIDM1LjkxNSwxNjAuOTIwIDM0Ljg4MiwxNjAuNDYxIDMzLjIwMCwxNjMuODI1IiBzdHJva2Utd2lkdGg9IjQuMjY4IiBzdHJva2U9InJnYigwLCAwLCAwKSIgZmlsbD0ibm9uZSIgc3Ryb2tlLWxpbmVjYXA9InJvdW5kIj48L3BhdGg+PHBhdGggZD0iTSAzMy4yMDAsMTYzLjgyNSBDIDMwLjg4MiwxNjguNDYxIDMxLjgwMCwxNjguOTY4IDI5LjIwMCwxNzMuNDI1IiBzdHJva2Utd2lkdGg9IjMuNzUwIiBzdHJva2U9InJnYigwLCAwLCAwKSIgZmlsbD0ibm9uZSIgc3Ryb2tlLWxpbmVjYXA9InJvdW5kIj48L3BhdGg+PHBhdGggZD0iTSAyOS4yMDAsMTczLjQyNSBDIDI2LjIwMCwxNzguNTY4IDI1LjQ4NiwxNzguMTQ1IDIyLjAwMCwxODMuMDI1IiBzdHJva2Utd2lkdGg9IjMuNDc5IiBzdHJva2U9InJnYigwLCAwLCAwKSIgZmlsbD0ibm9uZSIgc3Ryb2tlLWxpbmVjYXA9InJvdW5kIj48L3BhdGg+PHBhdGggZD0iTSA1OS44NjYsMTUzLjY5MSBDIDU3Ljg2NiwxNTkuMDI1IDU4LjMzMSwxNTkuMjQ1IDU1Ljg2NiwxNjQuMzU5IiBzdHJva2Utd2lkdGg9IjQuODA5IiBzdHJva2U9InJnYigwLCAwLCAwKSIgZmlsbD0ibm9uZSIgc3Ryb2tlLWxpbmVjYXA9InJvdW5kIj48L3BhdGg+PHBhdGggZD0iTSA1NS44NjYsMTY0LjM1OSBDIDUyLjk5NywxNzAuMzEyIDUyLjM0MSwxNjkuOTkyIDQ5LjIwMCwxNzUuODI1IiBzdHJva2Utd2lkdGg9IjMuNzEzIiBzdHJva2U9InJnYigwLCAwLCAwKSIgZmlsbD0ibm9uZSIgc3Ryb2tlLWxpbmVjYXA9InJvdW5kIj48L3BhdGg+PHBhdGggZD0iTSA0OS4yMDAsMTc1LjgyNSBDIDQ3LjY3NCwxNzguNjU5IDQ4LjMwOSwxNzkuMDY0IDQ2LjUzNCwxODEuNjkxIiBzdHJva2Utd2lkdGg9IjMuOTYyIiBzdHJva2U9InJnYigwLCAwLCAwKSIgZmlsbD0ibm9uZSIgc3Ryb2tlLWxpbmVjYXA9InJvdW5kIj48L3BhdGg+PHBhdGggZD0iTSA0Ni41MzQsMTgxLjY5MSBDIDQ0Ljk3NSwxODMuOTk4IDQ0LjUzNCwxODMuNjkxIDQyLjUzNCwxODUuNjkxIiBzdHJva2Utd2lkdGg9IjQuMTM5IiBzdHJva2U9InJnYigwLCAwLCAwKSIgZmlsbD0ibm9uZSIgc3Ryb2tlLWxpbmVjYXA9InJvdW5kIj48L3BhdGg+PHBhdGggZD0iTSAxNDEuMjAwLDcxLjgyNSBDIDE0NS44NjcsNzguMDkyIDE0NS4zOTMsNzguNTY0IDE1MC41MzQsODQuMzU5IiBzdHJva2Utd2lkdGg9IjQuMTU4IiBzdHJva2U9InJnYigwLCAwLCAwKSIgZmlsbD0ibm9uZSIgc3Ryb2tlLWxpbmVjYXA9InJvdW5kIj48L3BhdGg+PHBhdGggZD0iTSAxNTAuNTM0LDg0LjM1OSBDIDE1Mi43MjYsODYuODMxIDE1My4zNDEsODYuMTg4IDE1NS44NjYsODguMzU5IiBzdHJva2Utd2lkdGg9IjQuMDI1IiBzdHJva2U9InJnYigwLCAwLCAwKSIgZmlsbD0ibm9uZSIgc3Ryb2tlLWxpbmVjYXA9InJvdW5kIj48L3BhdGg+PHBhdGggZD0iTSAxNTUuODY2LDg4LjM1OSBDIDE2MS44NzQsOTMuNTIxIDE2MC45NjUsOTQuODMyIDE2Ny42MDAsOTkuMDI1IiBzdHJva2Utd2lkdGg9IjMuMTc0IiBzdHJva2U9InJnYigwLCAwLCAwKSIgZmlsbD0ibm9uZSIgc3Ryb2tlLWxpbmVjYXA9InJvdW5kIj48L3BhdGg+PHBhdGggZD0iTSAxNjcuNjAwLDk5LjAyNSBDIDE3Ny42MzEsMTA1LjM2NSAxNzguMzcwLDEwNC4yOTAgMTg5LjIwMCwxMDkuNDI1IiBzdHJva2Utd2lkdGg9IjIuNTk5IiBzdHJva2U9InJnYigwLCAwLCAwKSIgZmlsbD0ibm9uZSIgc3Ryb2tlLWxpbmVjYXA9InJvdW5kIj48L3BhdGg+PHBhdGggZD0iTSAxODkuMjAwLDEwOS40MjUgQyAxOTMuODM2LDExMS42MjMgMTk0LjczOSwxMTAuNjU1IDE5OC41MzQsMTEzLjY5MSIgc3Ryb2tlLXdpZHRoPSIzLjE3NSIgc3Ryb2tlPSJyZ2IoMCwgMCwgMCkiIGZpbGw9Im5vbmUiIHN0cm9rZS1saW5lY2FwPSJyb3VuZCI+PC9wYXRoPjxwYXRoIGQ9Ik0gMTk4LjUzNCwxMTMuNjkxIEMgMjAwLjczOSwxMTUuNDU1IDIwMS4wMjQsMTE2LjE2NSAyMDEuMjAwLDExOS4wMjUiIHN0cm9rZS13aWR0aD0iNC4zNTkiIHN0cm9rZT0icmdiKDAsIDAsIDApIiBmaWxsPSJub25lIiBzdHJva2UtbGluZWNhcD0icm91bmQiPjwvcGF0aD48cGF0aCBkPSJNIDIwMS4yMDAsMTE5LjAyNSBDIDIwMS41NTcsMTI0LjgzMiAyMDAuMzUxLDEyNS4wMTkgMTk5LjYwMCwxMzEuMDI1IiBzdHJva2Utd2lkdGg9IjQuMjA5IiBzdHJva2U9InJnYigwLCAwLCAwKSIgZmlsbD0ibm9uZSIgc3Ryb2tlLWxpbmVjYXA9InJvdW5kIj48L3BhdGg+PHBhdGggZD0iTSAxOTkuNjAwLDEzMS4wMjUgQyAxOTkuMDE3LDEzNS42ODYgMTk5LjA3MiwxMzUuNjkyIDE5OC41MzQsMTQwLjM1OSIgc3Ryb2tlLXdpZHRoPSIzLjc4MSIgc3Ryb2tlPSJyZ2IoMCwgMCwgMCkiIGZpbGw9Im5vbmUiIHN0cm9rZS1saW5lY2FwPSJyb3VuZCI+PC9wYXRoPjxwYXRoIGQ9Ik0gMTk4LjUzNCwxNDAuMzU5IEMgMTk3Ljg3MiwxNDYuMDkyIDE5OC42MDMsMTQ2LjI4NCAxOTcuMjAwLDE1MS44MjUiIHN0cm9rZS13aWR0aD0iMy41MjYiIHN0cm9rZT0icmdiKDAsIDAsIDApIiBmaWxsPSJub25lIiBzdHJva2UtbGluZWNhcD0icm91bmQiPjwvcGF0aD48cGF0aCBkPSJNIDE5Ny4yMDAsMTUxLjgyNSBDIDE5NS45MzYsMTU2LjgxNyAxOTUuMTMxLDE1Ni41OTcgMTkzLjIwMCwxNjEuNDI1IiBzdHJva2Utd2lkdGg9IjMuNTAxIiBzdHJva2U9InJnYigwLCAwLCAwKSIgZmlsbD0ibm9uZSIgc3Ryb2tlLWxpbmVjYXA9InJvdW5kIj48L3BhdGg+PHBhdGggZD0iTSAxOTMuMjAwLDE2MS40MjUgQyAxOTEuMTMxLDE2Ni41OTcgMTkwLjg4NSwxNjYuNTMwIDE4OS4yMDAsMTcxLjgyNSIgc3Ryb2tlLXdpZHRoPSIzLjM2OSIgc3Ryb2tlPSJyZ2IoMCwgMCwgMCkiIGZpbGw9Im5vbmUiIHN0cm9rZS1saW5lY2FwPSJyb3VuZCI+PC9wYXRoPjxwYXRoIGQ9Ik0gMTg5LjIwMCwxNzEuODI1IEMgMTg4LjA4NSwxNzUuMzMwIDE4OC4zNjAsMTc1LjQxNiAxODcuNjAwLDE3OS4wMjUiIHN0cm9rZS13aWR0aD0iMy43MzkiIHN0cm9rZT0icmdiKDAsIDAsIDApIiBmaWxsPSJub25lIiBzdHJva2UtbGluZWNhcD0icm91bmQiPjwvcGF0aD48cGF0aCBkPSJNIDE4Ny42MDAsMTc5LjAyNSBDIDE4Ni43NjAsMTgzLjAxNiAxODYuNjA0LDE4Mi45OTYgMTg2LjAwMCwxODcuMDI1IiBzdHJva2Utd2lkdGg9IjMuNzgyIiBzdHJva2U9InJnYigwLCAwLCAwKSIgZmlsbD0ibm9uZSIgc3Ryb2tlLWxpbmVjYXA9InJvdW5kIj48L3BhdGg+PHBhdGggZD0iTSAxODYuMDAwLDE4Ny4wMjUgQyAxODUuNDA0LDE5MC45OTYgMTg1LjY1NiwxOTEuMDMxIDE4NS4yMDAsMTk1LjAyNSIgc3Ryb2tlLXdpZHRoPSIzLjg1NiIgc3Ryb2tlPSJyZ2IoMCwgMCwgMCkiIGZpbGw9Im5vbmUiIHN0cm9rZS1saW5lY2FwPSJyb3VuZCI+PC9wYXRoPjxwYXRoIGQ9Ik0gMTg1LjIwMCwxOTUuMDI1IEMgMTg0LjU5MCwyMDAuMzY1IDE4NC45MTUsMjAwLjQ0OCAxODMuODY2LDIwNS42OTEiIHN0cm9rZS13aWR0aD0iMy40OTgiIHN0cm9rZT0icmdiKDAsIDAsIDApIiBmaWxsPSJub25lIiBzdHJva2UtbGluZWNhcD0icm91bmQiPjwvcGF0aD48cGF0aCBkPSJNIDE4My44NjYsMjA1LjY5MSBDIDE4My4zMTUsMjA4LjQ0OCAxODIuMzQyLDIwOC4yODggMTgyLjAwMCwyMTEuMDI1IiBzdHJva2Utd2lkdGg9IjMuOTc1IiBzdHJva2U9InJnYigwLCAwLCAwKSIgZmlsbD0ibm9uZSIgc3Ryb2tlLWxpbmVjYXA9InJvdW5kIj48L3BhdGg+PHBhdGggZD0iTSAxODIuMDAwLDIxMS4wMjUgQyAxODEuNjc2LDIxMy42MjEgMTgzLjA5NiwyMTYuMzU5IDE4Mi41MzQsMjE2LjM1OSIgc3Ryb2tlLXdpZHRoPSI0LjE4MSIgc3Ryb2tlPSJyZ2IoMCwgMCwgMCkiIGZpbGw9Im5vbmUiIHN0cm9rZS1saW5lY2FwPSJyb3VuZCI+PC9wYXRoPjxwYXRoIGQ9Ik0gMTgyLjUzNCwyMTYuMzU5IEMgMTgxLjg5NiwyMTYuMzU5IDE4MC43MjQsMjEzLjgzNSAxNzkuNjAwLDIxMS4wMjUiIHN0cm9rZS13aWR0aD0iNC45NjUiIHN0cm9rZT0icmdiKDAsIDAsIDApIiBmaWxsPSJub25lIiBzdHJva2UtbGluZWNhcD0icm91bmQiPjwvcGF0aD48cGF0aCBkPSJNIDE3OS42MDAsMjExLjAyNSBDIDE3OC4wNTcsMjA3LjE2OSAxNzguNDE5LDIwNy4wMTkgMTc3LjIwMCwyMDMuMDI1IiBzdHJva2Utd2lkdGg9IjQuMDY1IiBzdHJva2U9InJnYigwLCAwLCAwKSIgZmlsbD0ibm9uZSIgc3Ryb2tlLWxpbmVjYXA9InJvdW5kIj48L3BhdGg+PHBhdGggZD0iTSAxNzcuMjAwLDIwMy4wMjUgQyAxNzQuNTUyLDE5NC4zNTIgMTc1LjM3OCwxOTQuMDA5IDE3MS44NjYsMTg1LjY5MSIgc3Ryb2tlLXdpZHRoPSIzLjA5MCIgc3Ryb2tlPSJyZ2IoMCwgMCwgMCkiIGZpbGw9Im5vbmUiIHN0cm9rZS1saW5lY2FwPSJyb3VuZCI+PC9wYXRoPjxwYXRoIGQ9Ik0gMTcxLjg2NiwxODUuNjkxIEMgMTY3Ljc3OCwxNzYuMDA5IDE2Ni41NDksMTc2LjUzNiAxNjIuMDAwLDE2Ny4wMjUiIHN0cm9rZS13aWR0aD0iMi42NTkiIHN0cm9rZT0icmdiKDAsIDAsIDApIiBmaWxsPSJub25lIiBzdHJva2UtbGluZWNhcD0icm91bmQiPjwvcGF0aD48cGF0aCBkPSJNIDE2Mi4wMDAsMTY3LjAyNSBDIDE1OS4yMTYsMTYxLjIwMyAxNTkuMzUyLDE2MS4xMDUgMTU3LjIwMCwxNTUuMDI1IiBzdHJva2Utd2lkdGg9IjMuMDEzIiBzdHJva2U9InJnYigwLCAwLCAwKSIgZmlsbD0ibm9uZSIgc3Ryb2tlLWxpbmVjYXA9InJvdW5kIj48L3BhdGg+PHBhdGggZD0iTSAxNTQuMDAwLDE0Ny4wMjUgQyAxNTIuMDAwLDE1My4wMjUgMTUxLjIxNywxNTIuOTM4IDE1MC4wMDAsMTU5LjAyNSIgc3Ryb2tlLXdpZHRoPSI0LjczMyIgc3Ryb2tlPSJyZ2IoMCwgMCwgMCkiIGZpbGw9Im5vbmUiIHN0cm9rZS1saW5lY2FwPSJyb3VuZCI+PC9wYXRoPjxwYXRoIGQ9Ik0gMTUwLjAwMCwxNTkuMDI1IEMgMTQ5LjQ4NCwxNjEuNjA1IDE1MS4xMjYsMTYxLjc5MiAxNTAuNTM0LDE2NC4zNTkiIHN0cm9rZS13aWR0aD0iNC41NTQiIHN0cm9rZT0icmdiKDAsIDAsIDApIiBmaWxsPSJub25lIiBzdHJva2UtbGluZWNhcD0icm91bmQiPjwvcGF0aD48cGF0aCBkPSJNIDE1MC41MzQsMTY0LjM1OSBDIDE0OC43MjYsMTcyLjE5MiAxNDcuNjM3LDE3Mi4wMjYgMTQ1LjIwMCwxNzkuODI1IiBzdHJva2Utd2lkdGg9IjMuMjI1IiBzdHJva2U9InJnYigwLCAwLCAwKSIgZmlsbD0ibm9uZSIgc3Ryb2tlLWxpbmVjYXA9InJvdW5kIj48L3BhdGg+PHBhdGggZD0iTSAxNDUuMjAwLDE3OS44MjUgQyAxNDQuMzA0LDE4Mi42OTMgMTQ0LjEyOCwxODYuMzcxIDE0My44NjYsMTg1LjY5MSIgc3Ryb2tlLXdpZHRoPSI0LjE4NyIgc3Ryb2tlPSJyZ2IoMCwgMCwgMCkiIGZpbGw9Im5vbmUiIHN0cm9rZS1saW5lY2FwPSJyb3VuZCI+PC9wYXRoPjxwYXRoIGQ9Ik0gMTQzLjg2NiwxODUuNjkxIEMgMTQzLjQ2MSwxODQuNjM4IDE0My4zODksMTc4LjQ1NyAxNDMuODY2LDE3Ni4zNTkiIHN0cm9rZS13aWR0aD0iNC44MDAiIHN0cm9rZT0icmdiKDAsIDAsIDApIiBmaWxsPSJub25lIiBzdHJva2UtbGluZWNhcD0icm91bmQiPjwvcGF0aD48cGF0aCBkPSJNIDE5Ny4yMDAsMTQxLjQyNSBDIDIwMS4yMDAsMTQ2LjIyNSAyMDEuMjM5LDE0Ni4xOTMgMjA1LjIwMCwxNTEuMDI1IiBzdHJva2Utd2lkdGg9IjQuNzQyIiBzdHJva2U9InJnYigwLCAwLCAwKSIgZmlsbD0ibm9uZSIgc3Ryb2tlLWxpbmVjYXA9InJvdW5kIj48L3BhdGg+PHBhdGggZD0iTSAyMDUuMjAwLDE1MS4wMjUgQyAyMDcuOTA2LDE1NC4zMjYgMjA4LjE3OSwxNTQuMTU5IDIxMC41MzQsMTU3LjY5MSIgc3Ryb2tlLXdpZHRoPSI0LjIzNyIgc3Ryb2tlPSJyZ2IoMCwgMCwgMCkiIGZpbGw9Im5vbmUiIHN0cm9rZS1saW5lY2FwPSJyb3VuZCI+PC9wYXRoPjxwYXRoIGQ9Ik0gMjEwLjUzNCwxNTcuNjkxIEMgMjEyLjE3OSwxNjAuMTU5IDIxMS41NzIsMTYwLjU1MSAyMTMuMjAwLDE2My4wMjUiIHN0cm9rZS13aWR0aD0iNC4xMzkiIHN0cm9rZT0icmdiKDAsIDAsIDApIiBmaWxsPSJub25lIiBzdHJva2UtbGluZWNhcD0icm91bmQiPjwvcGF0aD48cGF0aCBkPSJNIDIxMy4yMDAsMTYzLjAyNSBDIDIxNC45MDYsMTY1LjYxOCAyMTcuNjUzLDE2OC43MzIgMjE3LjIwMCwxNjcuODI1IiBzdHJva2Utd2lkdGg9IjQuNzEzIiBzdHJva2U9InJnYigwLCAwLCAwKSIgZmlsbD0ibm9uZSIgc3Ryb2tlLWxpbmVjYXA9InJvdW5kIj48L3BhdGg+PHBhdGggZD0iTSAyMjYuMDAwLDEzOS4wMjUgQyAyMzMuNjAwLDEzNi4yMjUgMjMzLjQ4NCwxMzUuODM2IDI0MS4yMDAsMTMzLjQyNSIgc3Ryb2tlLXdpZHRoPSIzLjM3NCIgc3Ryb2tlPSJyZ2IoMCwgMCwgMCkiIGZpbGw9Im5vbmUiIHN0cm9rZS1saW5lY2FwPSJyb3VuZCI+PC9wYXRoPjxwYXRoIGQ9Ik0gMjQxLjIwMCwxMzMuNDI1IEMgMjQ2LjI4NCwxMzEuODM2IDI0Ni40NDYsMTMyLjM5OSAyNTEuNjAwLDEzMS4wMjUiIHN0cm9rZS13aWR0aD0iMy42ODkiIHN0cm9rZT0icmdiKDAsIDAsIDApIiBmaWxsPSJub25lIiBzdHJva2UtbGluZWNhcD0icm91bmQiPjwvcGF0aD48cGF0aCBkPSJNIDI1MS42MDAsMTMxLjAyNSBDIDI1OC40NDYsMTI5LjE5OSAyNTguMjk5LDEyOC41NDIgMjY1LjIwMCwxMjcuMDI1IiBzdHJva2Utd2lkdGg9IjMuMjkyIiBzdHJva2U9InJnYigwLCAwLCAwKSIgZmlsbD0ibm9uZSIgc3Ryb2tlLWxpbmVjYXA9InJvdW5kIj48L3BhdGg+PHBhdGggZD0iTSAyNjUuMjAwLDEyNy4wMjUgQyAyNzAuNDMzLDEyNS44NzUgMjcwLjgzNywxMjcuMjM5IDI3NS44NjYsMTI1LjY5MSIgc3Ryb2tlLXdpZHRoPSIzLjM5OCIgc3Ryb2tlPSJyZ2IoMCwgMCwgMCkiIGZpbGw9Im5vbmUiIHN0cm9rZS1saW5lY2FwPSJyb3VuZCI+PC9wYXRoPjxwYXRoIGQ9Ik0gMjc1Ljg2NiwxMjUuNjkxIEMgMjc5LjUwNCwxMjQuNTcyIDI3OS4xNTUsMTIzLjYxMSAyODIuNTM0LDEyMS42OTEiIHN0cm9rZS13aWR0aD0iNC4zMTYiIHN0cm9rZT0icmdiKDAsIDAsIDApIiBmaWxsPSJub25lIiBzdHJva2UtbGluZWNhcD0icm91bmQiPjwvcGF0aD48cGF0aCBkPSJNIDI4Mi41MzQsMTIxLjY5MSBDIDI4NS4wMjIsMTIwLjI3OCAyODUuMDkyLDEyMC40MDQgMjg3LjYwMCwxMTkuMDI1IiBzdHJva2Utd2lkdGg9IjQuMjQwIiBzdHJva2U9InJnYigwLCAwLCAwKSIgZmlsbD0ibm9uZSIgc3Ryb2tlLWxpbmVjYXA9InJvdW5kIj48L3BhdGg+PHBhdGggZD0iTSAyNjMuODY2LDYxLjY5MSBDIDI2My4yMDAsNjcuMDI1IDI2Mi44NzUsNjcuMDAwIDI2Mi41MzQsNzIuMzU5IiBzdHJva2Utd2lkdGg9IjQuODQ5IiBzdHJva2U9InJnYigwLCAwLCAwKSIgZmlsbD0ibm9uZSIgc3Ryb2tlLWxpbmVjYXA9InJvdW5kIj48L3BhdGg+PHBhdGggZD0iTSAyNjIuNTM0LDcyLjM1OSBDIDI2MS45NDEsODEuNjY3IDI2Mi4xNjIsODEuNjkwIDI2Mi4wMDAsOTEuMDI1IiBzdHJva2Utd2lkdGg9IjMuMzA2IiBzdHJva2U9InJnYigwLCAwLCAwKSIgZmlsbD0ibm9uZSIgc3Ryb2tlLWxpbmVjYXA9InJvdW5kIj48L3BhdGg+PHBhdGggZD0iTSAyNjIuMDAwLDkxLjAyNSBDIDI2MS44OTYsOTcuMDI0IDI2Mi4wMDAsOTcuMDI1IDI2Mi4wMDAsMTAzLjAyNSIgc3Ryb2tlLXdpZHRoPSIzLjMwMCIgc3Ryb2tlPSJyZ2IoMCwgMCwgMCkiIGZpbGw9Im5vbmUiIHN0cm9rZS1saW5lY2FwPSJyb3VuZCI+PC9wYXRoPjxwYXRoIGQ9Ik0gMjYyLjAwMCwxMDMuMDI1IEMgMjYyLjAwMCwxMTUuMDI1IDI2MS44MzQsMTE1LjAyOCAyNjIuMDAwLDEyNy4wMjUiIHN0cm9rZS13aWR0aD0iMi41NTciIHN0cm9rZT0icmdiKDAsIDAsIDApIiBmaWxsPSJub25lIiBzdHJva2UtbGluZWNhcD0icm91bmQiPjwvcGF0aD48cGF0aCBkPSJNIDI2Mi4wMDAsMTI3LjAyNSBDIDI2Mi4xMDEsMTM0LjM2MSAyNjIuMzYxLDEzNC4zNTYgMjYyLjUzNCwxNDEuNjkxIiBzdHJva2Utd2lkdGg9IjIuOTE0IiBzdHJva2U9InJnYigwLCAwLCAwKSIgZmlsbD0ibm9uZSIgc3Ryb2tlLWxpbmVjYXA9InJvdW5kIj48L3BhdGg+PHBhdGggZD0iTSAyNjIuNTM0LDE0MS42OTEgQyAyNjIuNjI4LDE0NS42OTAgMjYyLjY1NywxNDUuNjk1IDI2Mi41MzQsMTQ5LjY5MSIgc3Ryb2tlLXdpZHRoPSIzLjQ5NyIgc3Ryb2tlPSJyZ2IoMCwgMCwgMCkiIGZpbGw9Im5vbmUiIHN0cm9rZS1saW5lY2FwPSJyb3VuZCI+PC9wYXRoPjxwYXRoIGQ9Ik0gMjYyLjUzNCwxNDkuNjkxIEMgMjYyLjM5MCwxNTQuMzYyIDI2Mi4wMDAsMTU0LjM2MSAyNjIuMDAwLDE1OS4wMjUiIHN0cm9rZS13aWR0aD0iMy41MzQiIHN0cm9rZT0icmdiKDAsIDAsIDApIiBmaWxsPSJub25lIiBzdHJva2UtbGluZWNhcD0icm91bmQiPjwvcGF0aD48cGF0aCBkPSJNIDI2Mi4wMDAsMTU5LjAyNSBDIDI2Mi4wMDAsMTYyLjM2MSAyNjIuNDAwLDE2Mi4zNTMgMjYyLjUzNCwxNjUuNjkxIiBzdHJva2Utd2lkdGg9IjMuODcyIiBzdHJva2U9InJnYigwLCAwLCAwKSIgZmlsbD0ibm9uZSIgc3Ryb2tlLWxpbmVjYXA9InJvdW5kIj48L3BhdGg+PHBhdGggZD0iTSAyNjIuNTM0LDE2NS42OTEgQyAyNjIuNjY3LDE2OS4wMjAgMjYyLjUzNCwxNjkuMDI1IDI2Mi41MzQsMTcyLjM1OSIgc3Ryb2tlLXdpZHRoPSIzLjk4OCIgc3Ryb2tlPSJyZ2IoMCwgMCwgMCkiIGZpbGw9Im5vbmUiIHN0cm9rZS1saW5lY2FwPSJyb3VuZCI+PC9wYXRoPjxwYXRoIGQ9Ik0gMjYyLjUzNCwxNzIuMzU5IEMgMjYyLjUzNCwxNzYuMzU5IDI2Mi42NzksMTc2LjM2NCAyNjIuNTM0LDE4MC4zNTkiIHN0cm9rZS13aWR0aD0iMy44MTgiIHN0cm9rZT0icmdiKDAsIDAsIDApIiBmaWxsPSJub25lIiBzdHJva2UtbGluZWNhcD0icm91bmQiPjwvcGF0aD48cGF0aCBkPSJNIDI2Mi41MzQsMTgwLjM1OSBDIDI2Mi40MTIsMTgzLjY5OCAyNjIuMDk1LDE4My42ODUgMjYyLjAwMCwxODcuMDI1IiBzdHJva2Utd2lkdGg9IjQuMDEyIiBzdHJva2U9InJnYigwLCAwLCAwKSIgZmlsbD0ibm9uZSIgc3Ryb2tlLWxpbmVjYXA9InJvdW5kIj48L3BhdGg+PHBhdGggZD0iTSAyNjIuMDAwLDE4Ny4wMjUgQyAyNjEuODI5LDE5My4wMTggMjYxLjgxNiwxOTMuMDM0IDI2Mi4wMDAsMTk5LjAyNSIgc3Ryb2tlLXdpZHRoPSIzLjU0NCIgc3Ryb2tlPSJyZ2IoMCwgMCwgMCkiIGZpbGw9Im5vbmUiIHN0cm9rZS1saW5lY2FwPSJyb3VuZCI+PC9wYXRoPjxwYXRoIGQ9Ik0gMjYyLjAwMCwxOTkuMDI1IEMgMjYyLjA4MiwyMDEuNzAxIDI2Mi40MDAsMjAxLjY4NSAyNjIuNTM0LDIwNC4zNTkiIHN0cm9rZS13aWR0aD0iNC4wMjciIHN0cm9rZT0icmdiKDAsIDAsIDApIiBmaWxsPSJub25lIiBzdHJva2UtbGluZWNhcD0icm91bmQiPjwvcGF0aD48cGF0aCBkPSJNIDI2Mi41MzQsMjA0LjM1OSBDIDI2Mi42NjcsMjA3LjAxOCAyNjIuNTM0LDIwNy4wMjUgMjYyLjUzNCwyMDkuNjkxIiBzdHJva2Utd2lkdGg9IjQuNTY1IiBzdHJva2U9InJnYigwLCAwLCAwKSIgZmlsbD0ibm9uZSIgc3Ryb2tlLWxpbmVjYXA9InJvdW5kIj48L3BhdGg+PHBhdGggZD0iTSAyNTEuNjAwLDE0My4wMjUgQyAyNTEuNzMzLDE1MC4zNTggMjUyLjEyMSwxNTAuMzcxIDI1MS44NjYsMTU3LjY5MSIgc3Ryb2tlLXdpZHRoPSI0LjYxNiIgc3Ryb2tlPSJyZ2IoMCwgMCwgMCkiIGZpbGw9Im5vbmUiIHN0cm9rZS1saW5lY2FwPSJyb3VuZCI+PC9wYXRoPjxwYXRoIGQ9Ik0gMjUxLjg2NiwxNTcuNjkxIEMgMjUxLjU4OCwxNjUuNzA0IDI1MS40MjksMTY1LjcyMSAyNTAuNTM0LDE3My42OTEiIHN0cm9rZS13aWR0aD0iNC4xMzIiIHN0cm9rZT0icmdiKDAsIDAsIDApIiBmaWxsPSJub25lIiBzdHJva2UtbGluZWNhcD0icm91bmQiPjwvcGF0aD48cGF0aCBkPSJNIDI1MC41MzQsMTczLjY5MSBDIDI1MC4wOTYsMTc3LjU4NyAyNTAuMTQ5LDE3Ny42MjggMjQ5LjIwMCwxODEuNDI1IiBzdHJva2Utd2lkdGg9IjMuOTI5IiBzdHJva2U9InJnYigwLCAwLCAwKSIgZmlsbD0ibm9uZSIgc3Ryb2tlLWxpbmVjYXA9InJvdW5kIj48L3BhdGg+PHBhdGggZD0iTSAyNDkuMjAwLDE4MS40MjUgQyAyNDguMTQ5LDE4NS42MjggMjQ3LjI4OCwxODUuNDY3IDI0Ni41MzQsMTg5LjY5MSIgc3Ryb2tlLXdpZHRoPSIzLjc4MyIgc3Ryb2tlPSJyZ2IoMCwgMCwgMCkiIGZpbGw9Im5vbmUiIHN0cm9rZS1saW5lY2FwPSJyb3VuZCI+PC9wYXRoPjxwYXRoIGQ9Ik0gMjQ2LjUzNCwxODkuNjkxIEMgMjQ1Ljk1NSwxOTIuOTM0IDI0Ni45MDcsMTkzLjA3MyAyNDYuNTM0LDE5Ni4zNTkiIHN0cm9rZS13aWR0aD0iMy45MTIiIHN0cm9rZT0icmdiKDAsIDAsIDApIiBmaWxsPSJub25lIiBzdHJva2UtbGluZWNhcD0icm91bmQiPjwvcGF0aD48cGF0aCBkPSJNIDI1Ny4yMDAsMTUxLjgyNSBDIDI2MC40MDAsMTU3LjQyNSAyNjAuMDE2LDE1Ny42ODIgMjYzLjYwMCwxNjMuMDI1IiBzdHJva2Utd2lkdGg9IjQuNzE4IiBzdHJva2U9InJnYigwLCAwLCAwKSIgZmlsbD0ibm9uZSIgc3Ryb2tlLWxpbmVjYXA9InJvdW5kIj48L3BhdGg+PHBhdGggZD0iTSAyNjMuNjAwLDE2My4wMjUgQyAyNjcuMzQ5LDE2OC42MTUgMjY3LjU0NSwxNjguNTI0IDI3MS44NjYsMTczLjY5MSIgc3Ryb2tlLXdpZHRoPSIzLjY3NyIgc3Ryb2tlPSJyZ2IoMCwgMCwgMCkiIGZpbGw9Im5vbmUiIHN0cm9rZS1saW5lY2FwPSJyb3VuZCI+PC9wYXRoPjxwYXRoIGQ9Ik0gMjcxLjg2NiwxNzMuNjkxIEMgMjczLjY3OCwxNzUuODU3IDI3Ni44MTAsMTc4LjkwOSAyNzUuODY2LDE3Ny42OTEiIHN0cm9rZS13aWR0aD0iNC43MTgiIHN0cm9rZT0icmdiKDAsIDAsIDApIiBmaWxsPSJub25lIiBzdHJva2UtbGluZWNhcD0icm91bmQiPjwvcGF0aD48cGF0aCBkPSJNIDI4NS4yMDAsMTM1LjgyNSBDIDI4OS42MDAsMTMzLjQyNSAyODkuMzc1LDEzMi44NzUgMjk0LjAwMCwxMzEuMDI1IiBzdHJva2Utd2lkdGg9IjUuMDYxIiBzdHJva2U9InJnYigwLCAwLCAwKSIgZmlsbD0ibm9uZSIgc3Ryb2tlLWxpbmVjYXA9InJvdW5kIj48L3BhdGg+PHBhdGggZD0iTSAyOTQuMDAwLDEzMS4wMjUgQyAyOTkuMzc1LDEyOC44NzUgMjk5LjQ3NCwxMjguNzY0IDMwNS4yMDAsMTI3LjgyNSIgc3Ryb2tlLXdpZHRoPSIzLjg0NiIgc3Ryb2tlPSJyZ2IoMCwgMCwgMCkiIGZpbGw9Im5vbmUiIHN0cm9rZS1saW5lY2FwPSJyb3VuZCI+PC9wYXRoPjxwYXRoIGQ9Ik0gMzA1LjIwMCwxMjcuODI1IEMgMzE1Ljc0MCwxMjYuMDk3IDMxNi4wODYsMTI3Ljc4MSAzMjYuNTM0LDEyNS42OTEiIHN0cm9rZS13aWR0aD0iMi43ODIiIHN0cm9rZT0icmdiKDAsIDAsIDApIiBmaWxsPSJub25lIiBzdHJva2UtbGluZWNhcD0icm91bmQiPjwvcGF0aD48cGF0aCBkPSJNIDMyNi41MzQsMTI1LjY5MSBDIDMzNC43NTIsMTI0LjA0OCAzMzQuODY2LDEyMy42OTYgMzQyLjUzNCwxMjAuMzU5IiBzdHJva2Utd2lkdGg9IjIuODExIiBzdHJva2U9InJnYigwLCAwLCAwKSIgZmlsbD0ibm9uZSIgc3Ryb2tlLWxpbmVjYXA9InJvdW5kIj48L3BhdGg+PHBhdGggZD0iTSAzNDIuNTM0LDEyMC4zNTkgQyAzNDYuMTk5LDExOC43NjMgMzQ1Ljg0NiwxMTguMDYxIDM0OS4yMDAsMTE1LjgyNSIgc3Ryb2tlLXdpZHRoPSIzLjQ0NiIgc3Ryb2tlPSJyZ2IoMCwgMCwgMCkiIGZpbGw9Im5vbmUiIHN0cm9rZS1saW5lY2FwPSJyb3VuZCI+PC9wYXRoPjxwYXRoIGQ9Ik0gMzQ5LjIwMCwxMTUuODI1IEMgMzUzLjg0NiwxMTIuNzI3IDM1My45NDEsMTEyLjg2NCAzNTguNTM0LDEwOS42OTEiIHN0cm9rZS13aWR0aD0iMy45NDMiIHN0cm9rZT0icmdiKDAsIDAsIDApIiBmaWxsPSJub25lIiBzdHJva2UtbGluZWNhcD0icm91bmQiPjwvcGF0aD48cGF0aCBkPSJNIDMyOS4yMDAsNDkuNDI1IEMgMzI4LjQwMCw1Ni4yMjUgMzI3LjYwMCw1Ni4yMDQgMzI3LjYwMCw2My4wMjUiIHN0cm9rZS13aWR0aD0iNC4wNjYiIHN0cm9rZT0icmdiKDAsIDAsIDApIiBmaWxsPSJub25lIiBzdHJva2UtbGluZWNhcD0icm91bmQiPjwvcGF0aD48cGF0aCBkPSJNIDMyNy42MDAsNjMuMDI1IEMgMzI3LjYwMCw3NS40MDQgMzI4LjUyMyw3NS40MTggMzI5LjIwMCw4Ny44MjUiIHN0cm9rZS13aWR0aD0iMi44OTQiIHN0cm9rZT0icmdiKDAsIDAsIDApIiBmaWxsPSJub25lIiBzdHJva2UtbGluZWNhcD0icm91bmQiPjwvcGF0aD48cGF0aCBkPSJNIDMyOS4yMDAsODcuODI1IEMgMzI5LjcyMyw5Ny40MTggMzI5LjQyNiw5Ny40MzUgMzMwLjAwMCwxMDcuMDI1IiBzdHJva2Utd2lkdGg9IjIuNzEyIiBzdHJva2U9InJnYigwLCAwLCAwKSIgZmlsbD0ibm9uZSIgc3Ryb2tlLWxpbmVjYXA9InJvdW5kIj48L3BhdGg+PHBhdGggZD0iTSAzMzAuMDAwLDEwNy4wMjUgQyAzMzAuNzU5LDExOS43MDIgMzMwLjYwMywxMTkuNzI2IDMzMS44NjYsMTMyLjM1OSIgc3Ryb2tlLXdpZHRoPSIyLjM3NSIgc3Ryb2tlPSJyZ2IoMCwgMCwgMCkiIGZpbGw9Im5vbmUiIHN0cm9rZS1saW5lY2FwPSJyb3VuZCI+PC9wYXRoPjxwYXRoIGQ9Ik0gMzMxLjg2NiwxMzIuMzU5IEMgMzMyLjg3MCwxNDIuMzkzIDMzMy4xMDcsMTQyLjM3MyAzMzQuNTM0LDE1Mi4zNTkiIHN0cm9rZS13aWR0aD0iMi40NTMiIHN0cm9rZT0icmdiKDAsIDAsIDApIiBmaWxsPSJub25lIiBzdHJva2UtbGluZWNhcD0icm91bmQiPjwvcGF0aD48cGF0aCBkPSJNIDMzNC41MzQsMTUyLjM1OSBDIDMzNS4xMDcsMTU2LjM3MyAzMzUuMzU3LDE1Ni4zMzcgMzM1Ljg2NiwxNjAuMzU5IiBzdHJva2Utd2lkdGg9IjMuMjY3IiBzdHJva2U9InJnYigwLCAwLCAwKSIgZmlsbD0ibm9uZSIgc3Ryb2tlLWxpbmVjYXA9InJvdW5kIj48L3BhdGg+PHBhdGggZD0iTSAzMzUuODY2LDE2MC4zNTkgQyAzMzYuNjkxLDE2Ni44NzEgMzM2LjgyOCwxNjYuODc3IDMzNy4yMDAsMTczLjQyNSIgc3Ryb2tlLXdpZHRoPSIzLjIwMSIgc3Ryb2tlPSJyZ2IoMCwgMCwgMCkiIGZpbGw9Im5vbmUiIHN0cm9rZS1saW5lY2FwPSJyb3VuZCI+PC9wYXRoPjxwYXRoIGQ9Ik0gMzM3LjIwMCwxNzMuNDI1IEMgMzM3LjQ5NSwxNzguNjEwIDMzNy4yMDAsMTc4LjYyNSAzMzcuMjAwLDE4My44MjUiIHN0cm9rZS13aWR0aD0iMy4zOTgiIHN0cm9rZT0icmdiKDAsIDAsIDApIiBmaWxsPSJub25lIiBzdHJva2UtbGluZWNhcD0icm91bmQiPjwvcGF0aD48cGF0aCBkPSJNIDMzNy4yMDAsMTgzLjgyNSBDIDMzNy4yMDAsMTg2LjYyNSAzMzcuMjAwLDE4Ni42MjUgMzM3LjIwMCwxODkuNDI1IiBzdHJva2Utd2lkdGg9IjMuOTQxIiBzdHJva2U9InJnYigwLCAwLCAwKSIgZmlsbD0ibm9uZSIgc3Ryb2tlLWxpbmVjYXA9InJvdW5kIj48L3BhdGg+PHBhdGggZD0iTSAzMzcuMjAwLDE4OS40MjUgQyAzMzcuMjAwLDE5Mi42MjUgMzM3LjIwMCwxOTIuNjI1IDMzNy4yMDAsMTk1LjgyNSIgc3Ryb2tlLXdpZHRoPSI0LjA0MiIgc3Ryb2tlPSJyZ2IoMCwgMCwgMCkiIGZpbGw9Im5vbmUiIHN0cm9rZS1saW5lY2FwPSJyb3VuZCI+PC9wYXRoPjxwYXRoIGQ9Ik0gMzIxLjIwMCwxMzkuMDI1IEMgMzE5LjIwMCwxNDYuMjI1IDMxOC42NjEsMTQ2LjEyMiAzMTcuMjAwLDE1My40MjUiIHN0cm9rZS13aWR0aD0iNC42MDEiIHN0cm9rZT0icmdiKDAsIDAsIDApIiBmaWxsPSJub25lIiBzdHJva2UtbGluZWNhcD0icm91bmQiPjwvcGF0aD48cGF0aCBkPSJNIDMxNy4yMDAsMTUzLjQyNSBDIDMxNS45OTQsMTU5LjQ1NSAzMTcuMTgzLDE1OS43MDAgMzE1Ljg2NiwxNjUuNjkxIiBzdHJva2Utd2lkdGg9IjMuNjk3IiBzdHJva2U9InJnYigwLCAwLCAwKSIgZmlsbD0ibm9uZSIgc3Ryb2tlLWxpbmVjYXA9InJvdW5kIj48L3BhdGg+PHBhdGggZD0iTSAzMTUuODY2LDE2NS42OTEgQyAzMTQuNTE2LDE3MS44MzMgMzEzLjk1NSwxNzEuNzIyIDMxMS44NjYsMTc3LjY5MSIgc3Ryb2tlLXdpZHRoPSIzLjM1NCIgc3Ryb2tlPSJyZ2IoMCwgMCwgMCkiIGZpbGw9Im5vbmUiIHN0cm9rZS1saW5lY2FwPSJyb3VuZCI+PC9wYXRoPjxwYXRoIGQ9Ik0gMzExLjg2NiwxNzcuNjkxIEMgMzA5LjI4OSwxODUuMDU2IDMwOS4zNjQsMTg1LjA5MCAzMDYuNTM0LDE5Mi4zNTkiIHN0cm9rZS13aWR0aD0iMy4xMDgiIHN0cm9rZT0icmdiKDAsIDAsIDApIiBmaWxsPSJub25lIiBzdHJva2UtbGluZWNhcD0icm91bmQiPjwvcGF0aD48cGF0aCBkPSJNIDMwNi41MzQsMTkyLjM1OSBDIDMwNC40MzEsMTk3Ljc1NyAzMDQuMTUyLDE5Ny42NDYgMzAyLjAwMCwyMDMuMDI1IiBzdHJva2Utd2lkdGg9IjMuMjcwIiBzdHJva2U9InJnYigwLCAwLCAwKSIgZmlsbD0ibm9uZSIgc3Ryb2tlLWxpbmVjYXA9InJvdW5kIj48L3BhdGg+PHBhdGggZD0iTSAzMDIuMDAwLDIwMy4wMjUgQyAzMDAuMTUyLDIwNy42NDYgMzAwLjkxNCwyMDguMTA3IDI5OC41MzQsMjEyLjM1OSIgc3Ryb2tlLXdpZHRoPSIzLjQ1OSIgc3Ryb2tlPSJyZ2IoMCwgMCwgMCkiIGZpbGw9Im5vbmUiIHN0cm9rZS1saW5lY2FwPSJyb3VuZCI+PC9wYXRoPjxwYXRoIGQ9Ik0gMjk4LjUzNCwyMTIuMzU5IEMgMjk3LjE4MSwyMTQuNzc0IDI5NC4wNjUsMjE3LjYxOSAyOTQuNTM0LDIxNi4zNTkiIHN0cm9rZS13aWR0aD0iMy45OTYiIHN0cm9rZT0icmdiKDAsIDAsIDApIiBmaWxsPSJub25lIiBzdHJva2UtbGluZWNhcD0icm91bmQiPjwvcGF0aD48cGF0aCBkPSJNIDMyMS4yMDAsMTQzLjgyNSBDIDMyNi41MzMsMTQ4LjA5MiAzMjYuOTYzLDE0Ny42MzkgMzMxLjg2NiwxNTIuMzU5IiBzdHJva2Utd2lkdGg9IjQuMjk5IiBzdHJva2U9InJnYigwLCAwLCAwKSIgZmlsbD0ibm9uZSIgc3Ryb2tlLWxpbmVjYXA9InJvdW5kIj48L3BhdGg+PHBhdGggZD0iTSAzMzEuODY2LDE1Mi4zNTkgQyAzMzcuNjMwLDE1Ny45MDYgMzM3LjA5MCwxNTguNDYyIDM0Mi41MzQsMTY0LjM1OSIgc3Ryb2tlLXdpZHRoPSIzLjk1MyIgc3Ryb2tlPSJyZ2IoMCwgMCwgMCkiIGZpbGw9Im5vbmUiIHN0cm9rZS1saW5lY2FwPSJyb3VuZCI+PC9wYXRoPjxwYXRoIGQ9Ik0gMzQyLjUzNCwxNjQuMzU5IEMgMzQ1LjA5MCwxNjcuMTI4IDM0NS4yMDAsMTY3LjAyNSAzNDcuODY2LDE2OS42OTEiIHN0cm9rZS13aWR0aD0iMy45NjEiIHN0cm9rZT0icmdiKDAsIDAsIDApIiBmaWxsPSJub25lIiBzdHJva2UtbGluZWNhcD0icm91bmQiPjwvcGF0aD48L3N2Zz4=','static/user/1513086413761null5c45cb615341b156.jpg'),(17,'伊泽',18,'123',3,2,NULL,NULL,NULL),(18,'走A怪',18,'123',3,3,NULL,NULL,NULL),(19,'kky',25,'123',3,2,NULL,NULL,NULL),(20,'axios',19,'123',3,3,NULL,NULL,NULL),(21,'aay',18,'123',3,1,NULL,NULL,NULL),(22,'age',20,'123',3,2,NULL,NULL,NULL),(23,'admin-a',20,'123',2,1,NULL,NULL,NULL),(24,'admin-b',23,'123',2,2,NULL,NULL,NULL),(25,'admin-c',24,'123',2,3,NULL,NULL,NULL),(35,'fzq',23,'123',3,3,NULL,NULL,NULL),(36,'Ecode',24,'123',3,1,NULL,NULL,NULL),(37,'Ecode易小林',23,'123',3,1,NULL,NULL,NULL),(38,'hash',12,'123',2,1,NULL,NULL,NULL),(39,'Ey',20,'123',3,1,NULL,NULL,NULL),(40,'KY',20,'123',3,1,NULL,NULL,NULL),(43,'aaa',24,'123',3,5,NULL,NULL,NULL),(44,'eeeaa',26,'123',3,5,NULL,NULL,NULL),(45,'架构师',20,'123',3,5,NULL,NULL,NULL),(46,'Vincent',23,'888508',3,5,NULL,'data:image/svg+xml;base64,PHN2ZyB4bWxucz0iaHR0cDovL3d3dy53My5vcmcvMjAwMC9zdmciIHhtbG5zOnhsaW5rPSJodHRwOi8vd3d3LnczLm9yZy8xOTk5L3hsaW5rIiB2aWV3Qm94PSIwIDAgMzkyIDMwMCIgd2lkdGg9IjM5MiIgaGVpZ2h0PSIzMDAiPjxwYXRoIGQ9Ik0gMTM0LjAwMCwxNTQuMjUwIEMgMTUyLjAwMCwxNDQuMjUwIDE1Mi42ODEsMTQ1LjI3MSAxNzAuMDAwLDEzNC4yNTAiIHN0cm9rZS13aWR0aD0iMi44MjEiIHN0cm9rZT0icmdiKDAsIDAsIDApIiBmaWxsPSJub25lIiBzdHJva2UtbGluZWNhcD0icm91bmQiPjwvcGF0aD48cGF0aCBkPSJNIDE3MC4wMDAsMTM0LjI1MCBDIDE4MC4xODEsMTI3Ljc3MSAxNzkuOTAxLDEyNy4yMTIgMTg5LjAwMCwxMTkuMjUwIiBzdHJva2Utd2lkdGg9IjIuNDUxIiBzdHJva2U9InJnYigwLCAwLCAwKSIgZmlsbD0ibm9uZSIgc3Ryb2tlLWxpbmVjYXA9InJvdW5kIj48L3BhdGg+PHBhdGggZD0iTSAxODkuMDAwLDExOS4yNTAgQyAxOTkuOTAxLDEwOS43MTIgMjAwLjQzNCwxMTAuMDc1IDIxMC4wMDAsOTkuMjUwIiBzdHJva2Utd2lkdGg9IjIuMjM1IiBzdHJva2U9InJnYigwLCAwLCAwKSIgZmlsbD0ibm9uZSIgc3Ryb2tlLWxpbmVjYXA9InJvdW5kIj48L3BhdGg+PHBhdGggZD0iTSAyMTAuMDAwLDk5LjI1MCBDIDIxOS40MzQsODguNTc1IDIxOS42NzUsODguNDU4IDIyNy4wMDAsNzYuMjUwIiBzdHJva2Utd2lkdGg9IjIuMTM3IiBzdHJva2U9InJnYigwLCAwLCAwKSIgZmlsbD0ibm9uZSIgc3Ryb2tlLWxpbmVjYXA9InJvdW5kIj48L3BhdGg+PHBhdGggZD0iTSAyMjcuMDAwLDc2LjI1MCBDIDIzNC42NzUsNjMuNDU4IDIzNC40MDMsNjMuMTEwIDI0MC4wMDAsNDkuMjUwIiBzdHJva2Utd2lkdGg9IjIuMDY1IiBzdHJva2U9InJnYigwLCAwLCAwKSIgZmlsbD0ibm9uZSIgc3Ryb2tlLWxpbmVjYXA9InJvdW5kIj48L3BhdGg+PHBhdGggZD0iTSAyNDAuMDAwLDQ5LjI1MCBDIDI0NC45MDMsMzcuMTEwIDI0NS4zOTEsMzYuOTY3IDI0OC4wMDAsMjQuMjUwIiBzdHJva2Utd2lkdGg9IjIuMTY1IiBzdHJva2U9InJnYigwLCAwLCAwKSIgZmlsbD0ibm9uZSIgc3Ryb2tlLWxpbmVjYXA9InJvdW5kIj48L3BhdGg+PHBhdGggZD0iTSAyNDguMDAwLDI0LjI1MCBDIDI0OS4zOTEsMTcuNDY3IDI1MC4zOTAsMTUuOTI2IDI0OC4wMDAsMTAuMjUwIiBzdHJva2Utd2lkdGg9IjIuNzM2IiBzdHJva2U9InJnYigwLCAwLCAwKSIgZmlsbD0ibm9uZSIgc3Ryb2tlLWxpbmVjYXA9InJvdW5kIj48L3BhdGg+PHBhdGggZD0iTSAyNDguMDAwLDEwLjI1MCBDIDI0Ni4zOTAsNi40MjYgMjQ0LjM4NCw0Ljk3NiAyNDAuMDAwLDUuMjUwIiBzdHJva2Utd2lkdGg9IjMuMzQxIiBzdHJva2U9InJnYigwLCAwLCAwKSIgZmlsbD0ibm9uZSIgc3Ryb2tlLWxpbmVjYXA9InJvdW5kIj48L3BhdGg+PHBhdGggZD0iTSAyNDAuMDAwLDUuMjUwIEMgMjI4LjM4NCw1Ljk3NiAyMjYuNTUwLDYuMTU1IDIxNi4wMDAsMTIuMjUwIiBzdHJva2Utd2lkdGg9IjIuNDQ3IiBzdHJva2U9InJnYigwLCAwLCAwKSIgZmlsbD0ibm9uZSIgc3Ryb2tlLWxpbmVjYXA9InJvdW5kIj48L3BhdGg+PHBhdGggZD0iTSAyMTYuMDAwLDEyLjI1MCBDIDIwNC4wNTAsMTkuMTU1IDIwNC40OTIsMjAuODY4IDE5NS4wMDAsMzEuMjUwIiBzdHJva2Utd2lkdGg9IjIuMjAxIiBzdHJva2U9InJnYigwLCAwLCAwKSIgZmlsbD0ibm9uZSIgc3Ryb2tlLWxpbmVjYXA9InJvdW5kIj48L3BhdGg+PHBhdGggZD0iTSAxOTUuMDAwLDMxLjI1MCBDIDE4OC40OTIsMzguMzY4IDE4OC40MTAsMzguNzIzIDE4NC4wMDAsNDcuMjUwIiBzdHJva2Utd2lkdGg9IjIuNTMyIiBzdHJva2U9InJnYigwLCAwLCAwKSIgZmlsbD0ibm9uZSIgc3Ryb2tlLWxpbmVjYXA9InJvdW5kIj48L3BhdGg+PHBhdGggZD0iTSAxODQuMDAwLDQ3LjI1MCBDIDE4MC45MTAsNTMuMjIzIDE4MS4wMjMsNTMuNjAzIDE4MC4wMDAsNjAuMjUwIiBzdHJva2Utd2lkdGg9IjIuODY4IiBzdHJva2U9InJnYigwLCAwLCAwKSIgZmlsbD0ibm9uZSIgc3Ryb2tlLWxpbmVjYXA9InJvdW5kIj48L3BhdGg+PHBhdGggZD0iTSAxODAuMDAwLDYwLjI1MCBDIDE3OS4wMjMsNjYuNjAzIDE3Ny4zMzYsNjcuOTIyIDE4MC4wMDAsNzMuMjUwIiBzdHJva2Utd2lkdGg9IjMuMDg0IiBzdHJva2U9InJnYigwLCAwLCAwKSIgZmlsbD0ibm9uZSIgc3Ryb2tlLWxpbmVjYXA9InJvdW5kIj48L3BhdGg+PHBhdGggZD0iTSAxODAuMDAwLDczLjI1MCBDIDE4My4zMzYsNzkuOTIyIDE4NS4zMTYsNzkuNzIyIDE5Mi4wMDAsODQuMjUwIiBzdHJva2Utd2lkdGg9IjIuOTM0IiBzdHJva2U9InJnYigwLCAwLCAwKSIgZmlsbD0ibm9uZSIgc3Ryb2tlLWxpbmVjYXA9InJvdW5kIj48L3BhdGg+PHBhdGggZD0iTSAxOTIuMDAwLDg0LjI1MCBDIDIwMC44MTYsOTAuMjIyIDIwMS41MTIsODkuMjI3IDIxMS4wMDAsOTQuMjUwIiBzdHJva2Utd2lkdGg9IjIuNjA1IiBzdHJva2U9InJnYigwLCAwLCAwKSIgZmlsbD0ibm9uZSIgc3Ryb2tlLWxpbmVjYXA9InJvdW5kIj48L3BhdGg+PHBhdGggZD0iTSAyMTEuMDAwLDk0LjI1MCBDIDIxOC41MTIsOTguMjI3IDIxOC41MDcsOTguMjM2IDIyNi4wMDAsMTAyLjI1MCIgc3Ryb2tlLXdpZHRoPSIyLjc0NyIgc3Ryb2tlPSJyZ2IoMCwgMCwgMCkiIGZpbGw9Im5vbmUiIHN0cm9rZS1saW5lY2FwPSJyb3VuZCI+PC9wYXRoPjxwYXRoIGQ9Ik0gMjI2LjAwMCwxMDIuMjUwIEMgMjMyLjUwNywxMDUuNzM2IDIzMi44OTUsMTA1LjE4MCAyMzkuMDAwLDEwOS4yNTAiIHN0cm9rZS13aWR0aD0iMi45MjYiIHN0cm9rZT0icmdiKDAsIDAsIDApIiBmaWxsPSJub25lIiBzdHJva2UtbGluZWNhcD0icm91bmQiPjwvcGF0aD48cGF0aCBkPSJNIDIzOS4wMDAsMTA5LjI1MCBDIDI0My4zOTUsMTEyLjE4MCAyNDUuMTUxLDExMS42MjcgMjQ3LjAwMCwxMTYuMjUwIiBzdHJva2Utd2lkdGg9IjMuMjgxIiBzdHJva2U9InJnYigwLCAwLCAwKSIgZmlsbD0ibm9uZSIgc3Ryb2tlLWxpbmVjYXA9InJvdW5kIj48L3BhdGg+PHBhdGggZD0iTSAyNDcuMDAwLDExNi4yNTAgQyAyNTAuMTUxLDEyNC4xMjcgMjUyLjIyMiwxMjYuNzMxIDI0OS4wMDAsMTM0LjI1MCIgc3Ryb2tlLXdpZHRoPSIyLjkzMiIgc3Ryb2tlPSJyZ2IoMCwgMCwgMCkiIGZpbGw9Im5vbmUiIHN0cm9rZS1saW5lY2FwPSJyb3VuZCI+PC9wYXRoPjxwYXRoIGQ9Ik0gMjQ5LjAwMCwxMzQuMjUwIEMgMjQ0LjcyMiwxNDQuMjMxIDI0MC45NzQsMTQzLjI3MyAyMzIuMDAwLDE1MS4yNTAiIHN0cm9rZS13aWR0aD0iMi40MTciIHN0cm9rZT0icmdiKDAsIDAsIDApIiBmaWxsPSJub25lIiBzdHJva2UtbGluZWNhcD0icm91bmQiPjwvcGF0aD48cGF0aCBkPSJNIDIzMi4wMDAsMTUxLjI1MCBDIDIxOC40NzQsMTYzLjI3MyAyMTcuODIwLDE2Mi41MzggMjA0LjAwMCwxNzQuMjUwIiBzdHJva2Utd2lkdGg9IjEuOTQ2IiBzdHJva2U9InJnYigwLCAwLCAwKSIgZmlsbD0ibm9uZSIgc3Ryb2tlLWxpbmVjYXA9InJvdW5kIj48L3BhdGg+PHBhdGggZD0iTSAyMDQuMDAwLDE3NC4yNTAgQyAxODguMzIwLDE4Ny41MzggMTg4LjYwNiwxODcuODc0IDE3My4wMDAsMjAxLjI1MCIgc3Ryb2tlLXdpZHRoPSIxLjY3MSIgc3Ryb2tlPSJyZ2IoMCwgMCwgMCkiIGZpbGw9Im5vbmUiIHN0cm9rZS1saW5lY2FwPSJyb3VuZCI+PC9wYXRoPjxwYXRoIGQ9Ik0gMTczLjAwMCwyMDEuMjUwIEMgMTU3LjEwNiwyMTQuODc0IDE1Ny4zNjYsMjE1LjIxMyAxNDEuMDAwLDIyOC4yNTAiIHN0cm9rZS13aWR0aD0iMS42MzgiIHN0cm9rZT0icmdiKDAsIDAsIDApIiBmaWxsPSJub25lIiBzdHJva2UtbGluZWNhcD0icm91bmQiPjwvcGF0aD48cGF0aCBkPSJNIDE0MS4wMDAsMjI4LjI1MCBDIDEyNy44NjYsMjM4LjcxMyAxMjguMTg1LDIzOS40MjQgMTE0LjAwMCwyNDguMjUwIiBzdHJva2Utd2lkdGg9IjEuODA3IiBzdHJva2U9InJnYigwLCAwLCAwKSIgZmlsbD0ibm9uZSIgc3Ryb2tlLWxpbmVjYXA9InJvdW5kIj48L3BhdGg+PHBhdGggZD0iTSAxMTQuMDAwLDI0OC4yNTAgQyAxMDUuNjg1LDI1My40MjQgMTA1LjI0OCwyNTMuMTY3IDk2LjAwMCwyNTYuMjUwIiBzdHJva2Utd2lkdGg9IjIuMjU0IiBzdHJva2U9InJnYigwLCAwLCAwKSIgZmlsbD0ibm9uZSIgc3Ryb2tlLWxpbmVjYXA9InJvdW5kIj48L3BhdGg+PHBhdGggZD0iTSA5Ni4wMDAsMjU2LjI1MCBDIDkxLjc0OCwyNTcuNjY3IDg3LjI5OSwyNjAuMDk0IDg3LjAwMCwyNTcuMjUwIiBzdHJva2Utd2lkdGg9IjMuMDg4IiBzdHJva2U9InJnYigwLCAwLCAwKSIgZmlsbD0ibm9uZSIgc3Ryb2tlLWxpbmVjYXA9InJvdW5kIj48L3BhdGg+PHBhdGggZD0iTSA4Ny4wMDAsMjU3LjI1MCBDIDg2LjI5OSwyNTAuNTk0IDg3LjkzOCwyNDUuNjcwIDk0LjAwMCwyMzcuMjUwIiBzdHJva2Utd2lkdGg9IjMuMzY4IiBzdHJva2U9InJnYigwLCAwLCAwKSIgZmlsbD0ibm9uZSIgc3Ryb2tlLWxpbmVjYXA9InJvdW5kIj48L3BhdGg+PHBhdGggZD0iTSA5NC4wMDAsMjM3LjI1MCBDIDEwNS45MzgsMjIwLjY3MCAxMDcuNDUxLDIyMS4wOTUgMTIzLjAwMCwyMDcuMjUwIiBzdHJva2Utd2lkdGg9IjEuNzg3IiBzdHJva2U9InJnYigwLCAwLCAwKSIgZmlsbD0ibm9uZSIgc3Ryb2tlLWxpbmVjYXA9InJvdW5kIj48L3BhdGg+PHBhdGggZD0iTSAxMjMuMDAwLDIwNy4yNTAgQyAxNDMuOTUxLDE4OC41OTUgMTQzLjc3NCwxODcuOTYyIDE2Ny4wMDAsMTcyLjI1MCIgc3Ryb2tlLXdpZHRoPSIxLjQyMSIgc3Ryb2tlPSJyZ2IoMCwgMCwgMCkiIGZpbGw9Im5vbmUiIHN0cm9rZS1saW5lY2FwPSJyb3VuZCI+PC9wYXRoPjxwYXRoIGQ9Ik0gMTY3LjAwMCwxNzIuMjUwIEMgMTk0Ljc3NCwxNTMuNDYyIDE5NS4wODQsMTUzLjQ1MyAyMjUuMDAwLDEzOC4yNTAiIHN0cm9rZS13aWR0aD0iMS4xNjUiIHN0cm9rZT0icmdiKDAsIDAsIDApIiBmaWxsPSJub25lIiBzdHJva2UtbGluZWNhcD0icm91bmQiPjwvcGF0aD48cGF0aCBkPSJNIDIyNS4wMDAsMTM4LjI1MCBDIDI1Ni4wODQsMTIyLjQ1MyAyNTYuNDkxLDEyMi45MzYgMjg5LjAwMCwxMTAuMjUwIiBzdHJva2Utd2lkdGg9IjEuMTI1IiBzdHJva2U9InJnYigwLCAwLCAwKSIgZmlsbD0ibm9uZSIgc3Ryb2tlLWxpbmVjYXA9InJvdW5kIj48L3BhdGg+PHBhdGggZD0iTSAyODkuMDAwLDExMC4yNTAgQyAzMTcuOTkxLDk4LjkzNiAzMTguMzQyLDk5Ljc1MiAzNDguMDAwLDkwLjI1MCIgc3Ryb2tlLXdpZHRoPSIxLjE3OSIgc3Ryb2tlPSJyZ2IoMCwgMCwgMCkiIGZpbGw9Im5vbmUiIHN0cm9rZS1saW5lY2FwPSJyb3VuZCI+PC9wYXRoPjwvc3ZnPg==',NULL);
/*!40000 ALTER TABLE `user` ENABLE KEYS */;
UNLOCK TABLES;

--
-- Dumping routines for database 'ordermenu'
--
/*!40103 SET TIME_ZONE=@OLD_TIME_ZONE */;

/*!40101 SET SQL_MODE=@OLD_SQL_MODE */;
/*!40014 SET FOREIGN_KEY_CHECKS=@OLD_FOREIGN_KEY_CHECKS */;
/*!40014 SET UNIQUE_CHECKS=@OLD_UNIQUE_CHECKS */;
/*!40101 SET CHARACTER_SET_CLIENT=@OLD_CHARACTER_SET_CLIENT */;
/*!40101 SET CHARACTER_SET_RESULTS=@OLD_CHARACTER_SET_RESULTS */;
/*!40101 SET COLLATION_CONNECTION=@OLD_COLLATION_CONNECTION */;
/*!40111 SET SQL_NOTES=@OLD_SQL_NOTES */;

-- Dump completed on 2017-12-13 17:44:19
